weather_risk,traffic_impact,customer_history_score,agent_profit_score,distance_score,time_of_day_score,package_size_score,area,time_window,residence_type,package_size_raw,is_weekend,is_festival_day,day_of_week,date,true_risk_score,label
0.0138,0.334,0.7685,0.5547,0.2781,0.4989,0.5426,Anna Nagar,afternoon,independent,medium,0,0,4,2024-02-02,6.11,1
0.1702,0.8087,0.7496,0.6808,0.3139,0.5008,0.7518,Velachery,afternoon,independent,large,0,0,4,2024-07-19,40.94,1
0.0406,0.7323,0.9185,0.6311,0.4616,0.3303,0.471,Velachery,morning,independent,medium,1,1,6,2024-01-14,15.64,1
0.0189,0.7257,0.7904,0.7145,0.4569,0.4164,0.5348,Anna Nagar,afternoon,apartment,medium,0,0,2,2024-10-09,11.48,1
0.2018,0.28,0.9081,0.865,0.5124,0.4303,0.6597,Velachery,evening,independent,medium,0,0,4,2024-07-19,11.18,1
0.1225,0.7292,0.6424,0.8034,0.1422,0.5703,0.1549,Porur,afternoon,apartment,small,0,0,0,2024-06-10,22.37,1
0.3385,0.5476,0.3741,0.9297,0.7666,0.4536,0.7263,Adyar,afternoon,apartment,large,0,0,1,2024-08-20,63.38,0
0.0439,0.5063,0.6614,0.8072,0.5641,0.5066,0.2121,Porur,afternoon,apartment,small,1,0,5,2024-04-27,12.04,1
0.3917,0.5845,0.3368,0.9296,0.8927,0.3943,0.7097,Velachery,morning,apartment,large,1,0,6,2024-11-03,74.42,0
0.5908,0.2798,0.7544,0.8341,0.2607,0.3342,0.1444,Velachery,evening,apartment,small,0,0,4,2024-05-10,32.49,1
0.5446,0.5048,0.8621,0.966,0.5972,0.3763,0.7168,Velachery,evening,apartment,large,0,0,4,2024-02-09,53.36,0
0.1356,0.3907,0.7888,0.6557,0.5134,0.4183,0.1651,Porur,evening,apartment,small,0,0,3,2024-10-17,13.78,1
0.1021,0.5556,0.9103,0.8356,0.5901,0.4682,0.4882,Adyar,afternoon,apartment,medium,0,0,4,2024-02-02,13.49,1
0.779,0.4247,0.3701,0.829,0.3523,0.4064,0.2262,Velachery,evening,apartment,small,0,0,1,2024-12-17,81.13,0
0.4297,0.6296,0.5402,0.9301,0.2957,0.4454,0.2664,Velachery,evening,independent,small,0,0,3,2024-07-18,58.89,1
0.379,0.1493,0.5285,0.5107,0.2156,0.2397,0.529,Adyar,morning,apartment,medium,1,0,5,2024-06-15,25.35,1
0.5223,0.9174,0.6525,0.9654,0.1361,0.4623,0.5278,Adyar,afternoon,independent,medium,0,0,2,2024-07-17,87.33,0
0.1337,0.5018,0.6533,0.7083,0.4003,0.4999,0.3407,Anna Nagar,afternoon,apartment,medium,0,0,4,2024-07-19,21.8,1
0.1274,0.5942,0.7104,0.9167,0.4166,0.3073,0.2066,Adyar,morning,independent,small,0,0,4,2024-05-31,16.66,1
0.0409,0.9986,0.6819,0.8637,0.4809,0.3421,0.7748,T Nagar,morning,apartment,large,0,0,0,2024-06-24,24.73,1
0.2003,0.5323,0.6759,0.3875,0.3192,0.3648,0.5291,T Nagar,evening,apartment,medium,1,0,6,2024-04-21,34.57,1
0.357,0.6764,0.4219,0.5329,0.1911,0.4289,0.2269,Porur,evening,independent,small,1,1,6,2024-04-14,64.21,0
0.202,0.7738,0.6315,0.2497,0.3532,0.5086,0.7132,Anna Nagar,afternoon,independent,large,0,0,4,2024-12-06,55.13,1
0.3248,0.2219,0.7847,0.329,0.1705,0.5151,0.6777,Adyar,afternoon,independent,large,0,0,2,2024-09-04,28.06,1
0.3752,0.4865,0.386,0.7296,0.1589,0.4945,0.5251,Porur,afternoon,independent,medium,0,0,4,2024-11-22,50.44,0
0.0145,0.7802,0.5339,0.6482,0.653,0.4211,0.1825,Velachery,evening,apartment,small,0,0,2,2024-02-21,30.27,1
0.0842,0.2004,0.6945,0.9921,0.9138,0.2759,0.6438,Adyar,morning,apartment,medium,0,0,4,2024-07-12,11.28,1
0.0498,0.1025,0.7413,0.5084,0.5294,0.461,0.7807,Anna Nagar,evening,apartment,large,1,0,6,2024-11-24,8.97,1
0.0002,0.3754,0.6878,0.7637,0.6176,0.155,0.8007,Anna Nagar,morning,apartment,large,0,0,0,2024-09-02,7.45,1
0.0993,0.4674,0.939,0.7888,0.0542,0.5129,0.8529,Anna Nagar,afternoon,independent,large,1,0,5,2024-07-13,1.16,1
0.3483,0.3918,0.472,0.6277,0.3502,0.5208,0.8002,Anna Nagar,afternoon,apartment,large,1,0,6,2024-07-14,44.92,1
0.359,0.2538,0.6164,0.3792,0.3246,0.3097,0.1453,Adyar,evening,apartment,small,0,0,3,2024-01-18,33.02,1
0.1432,0.6333,0.5349,0.548,0.3437,0.5438,0.8133,Adyar,afternoon,apartment,large,0,0,1,2024-12-10,43.1,1
0.3049,0.1849,0.7969,0.4772,0.6374,0.4364,0.2433,Anna Nagar,evening,independent,small,1,0,6,2024-11-17,18.66,1
0.1553,0.1629,0.298,0.5432,0.2926,0.503,0.4915,Adyar,afternoon,apartment,medium,0,0,0,2024-01-01,31.38,1
0.1831,0.0921,0.6321,0.4988,0.2704,0.2278,0.5659,Porur,morning,independent,medium,0,0,0,2024-02-26,11.37,1
0.4,0.4115,0.1195,0.5778,0.8918,0.5197,0.2523,Adyar,afternoon,apartment,small,0,0,0,2024-05-27,80.43,0
0.3499,0.5367,0.4604,0.8355,0.7066,0.529,0.5329,Adyar,afternoon,apartment,medium,0,0,1,2024-07-09,60.27,0
0.2991,0.2936,0.5999,0.4656,0.4081,0.4955,0.6961,T Nagar,afternoon,apartment,large,0,0,1,2024-06-18,37.71,1
0.5354,0.5236,0.9084,0.2387,0.8474,0.5261,0.5063,Velachery,afternoon,apartment,medium,0,0,0,2024-07-29,74.39,0
0.3949,0.6097,0.1852,0.6609,0.2513,0.3999,0.1728,Velachery,afternoon,apartment,small,0,0,0,2024-04-29,72.26,0
0.4107,0.4087,0.0314,0.8524,0.8403,0.151,0.1046,Velachery,morning,apartment,small,0,0,2,2024-12-18,72.22,0
0.1618,0.4941,0.5107,0.4817,0.2791,0.3244,0.6188,T Nagar,evening,independent,medium,0,0,0,2024-04-15,34.92,1
0.2146,0.8288,0.2843,0.1145,0.5471,0.5514,0.2364,Adyar,afternoon,apartment,small,0,0,4,2024-05-31,81.44,0
0.095,0.3558,0.6192,0.8599,0.3011,0.3322,0.7981,T Nagar,evening,apartment,large,0,0,3,2024-02-01,12.77,1
0.163,0.3932,0.231,0.7737,0.2933,0.2916,0.0915,Adyar,morning,apartment,small,0,0,2,2024-05-15,31.83,1
0.063,0.725,0.8765,0.3872,0.0146,0.1991,0.141,T Nagar,morning,independent,small,0,0,4,2024-03-15,10.21,1
0.013,0.2502,0.954,0.9212,0.2856,0.2595,0.9426,Porur,morning,apartment,large,0,0,3,2024-03-21,0.0,1
0.0531,0.4509,0.7721,0.6778,0.4809,0.5426,0.4098,T Nagar,afternoon,apartment,medium,1,0,5,2024-05-11,11.45,1
0.333,0.5451,0.0733,0.8918,0.112,0.5477,0.6677,Porur,afternoon,independent,large,0,0,1,2024-09-03,59.06,0
0.5474,0.2793,0.3444,0.919,0.5496,0.5074,0.8034,Adyar,afternoon,independent,large,1,0,5,2024-10-26,55.13,0
0.2351,0.2396,0.1737,0.4844,0.3169,0.4844,0.1837,Anna Nagar,afternoon,apartment,small,0,0,4,2024-03-08,39.96,1
0.1683,0.6335,0.7311,0.1962,0.6731,0.4824,0.536,Anna Nagar,evening,apartment,medium,0,0,4,2024-09-20,45.99,1
0.0851,0.2305,0.8615,0.655,0.3739,0.3774,0.2999,Porur,evening,independent,small,1,0,6,2024-03-10,0.0,1
0.078,0.8756,0.1623,0.5492,0.6999,0.4624,0.2375,Velachery,afternoon,apartment,small,0,0,0,2024-05-13,62.71,0
0.0635,0.0684,0.7254,0.4438,0.3386,0.3112,0.153,Porur,evening,independent,small,0,0,2,2024-10-09,3.1,1
0.0563,0.0988,0.3715,0.92,0.6769,0.1354,0.4861,Porur,morning,apartment,medium,1,0,6,2024-05-05,12.27,1
0.0659,0.7953,0.8072,0.6448,0.8404,0.4744,0.8146,Porur,afternoon,apartment,large,0,0,0,2024-02-19,30.35,1
0.2609,0.1485,0.514,0.5662,0.5596,0.2128,0.8502,Anna Nagar,morning,independent,large,0,0,4,2024-06-07,27.26,1
0.3612,0.0737,0.5442,0.6705,0.4094,0.3664,0.3708,Anna Nagar,evening,apartment,medium,0,0,3,2024-10-31,17.79,1
0.1305,0.4209,0.1974,0.531,0.759,0.3504,0.2071,Anna Nagar,evening,apartment,small,0,0,2,2024-04-17,47.79,1
0.0282,0.2617,0.1433,0.8903,0.7783,0.5244,0.503,T Nagar,afternoon,apartment,medium,0,0,3,2024-12-05,36.73,1
0.0763,0.2915,0.8593,0.7906,0.1632,0.6226,0.6814,Anna Nagar,afternoon,independent,medium,0,0,0,2024-04-22,0.66,1
0.1431,0.378,0.6528,0.955,0.1241,0.3738,0.4213,Velachery,afternoon,independent,medium,0,0,2,2024-12-04,10.25,1
0.3853,0.8878,0.79,0.8163,0.8059,0.3796,0.2085,T Nagar,evening,apartment,small,0,0,1,2024-07-23,69.41,0
0.228,0.1451,0.225,0.7291,0.543,0.3807,0.5703,Porur,evening,apartment,medium,0,0,1,2024-10-01,34.83,1
0.0119,0.5468,0.6593,0.5295,0.4694,0.1978,0.5188,T Nagar,morning,independent,medium,0,0,3,2024-12-26,16.23,1
0.0561,0.065,0.7069,0.2407,0.2067,0.4269,0.8072,Anna Nagar,afternoon,independent,large,0,0,1,2024-10-22,12.3,1
0.0077,0.3234,0.6156,0.6754,0.5671,0.3767,0.7085,Porur,evening,apartment,large,0,0,2,2024-02-21,14.67,1
0.0616,0.5992,0.5304,0.7985,0.2795,0.1134,0.1673,Anna Nagar,morning,apartment,small,1,0,5,2024-02-17,9.78,1
0.0395,0.3508,0.7334,0.9236,0.0349,0.5302,0.4552,Porur,afternoon,independent,medium,0,0,4,2024-04-26,0.0,1
0.282,0.7916,0.5714,0.9331,0.349,0.4533,0.5951,T Nagar,afternoon,apartment,medium,0,0,1,2024-11-05,51.8,0
0.0155,0.473,0.6669,0.5582,0.4086,0.4242,0.1769,T Nagar,evening,apartment,small,0,0,1,2024-01-02,13.23,1
0.362,0.488,0.2216,0.7949,0.5782,0.2364,0.219,Anna Nagar,morning,apartment,small,0,0,3,2024-07-04,57.3,0
0.6113,0.5162,0.9057,0.7133,0.6538,0.5481,0.7917,Velachery,afternoon,apartment,large,1,0,6,2024-10-13,66.97,0
0.0737,0.3528,0.2998,0.7186,0.3224,0.5664,0.8133,Porur,afternoon,independent,large,0,0,0,2024-06-24,30.53,1
0.3485,0.3137,0.1776,0.7512,0.8913,0.1634,0.2468,T Nagar,morning,apartment,small,1,0,5,2024-01-20,54.69,1
0.5892,0.5615,0.6968,0.8947,0.3562,0.2231,0.2241,T Nagar,morning,independent,small,0,0,4,2024-07-05,59.03,1
0.1269,0.7175,0.5416,0.6107,0.5977,0.5463,0.5489,Velachery,afternoon,apartment,medium,1,0,6,2024-08-04,44.94,1
0.1383,0.1611,0.3783,0.7142,0.1521,0.3174,0.198,Anna Nagar,evening,apartment,small,1,0,5,2024-12-28,9.99,1
0.0573,0.2408,0.5691,0.4447,0.6113,0.2083,0.5382,Velachery,morning,independent,medium,0,0,2,2024-01-31,24.47,1
0.3429,0.7127,0.4807,0.6622,0.9495,0.4485,0.8522,Velachery,evening,apartment,large,0,0,2,2024-04-10,82.35,0
0.0469,0.2362,0.2768,0.6317,0.4997,0.2955,0.8484,Anna Nagar,morning,independent,large,0,0,2,2024-01-03,28.72,1
0.4563,0.5923,0.3076,0.7084,0.2936,0.265,0.5521,Adyar,morning,independent,medium,0,0,1,2024-11-12,72.19,0
0.0844,0.642,0.8769,0.8182,0.9328,0.3381,0.2021,Anna Nagar,evening,independent,small,0,0,1,2024-09-10,14.18,1
0.4554,1.0,0.9035,0.5527,0.661,0.5546,0.1567,Porur,afternoon,independent,small,0,0,0,2024-01-22,88.6,0
0.3117,0.9417,0.4802,0.4127,0.1298,0.5817,0.4185,Adyar,afternoon,independent,medium,0,0,3,2024-02-08,78.69,0
0.3323,0.5258,0.8682,0.8441,0.2835,0.4937,0.3526,Anna Nagar,evening,apartment,medium,1,1,5,2024-11-02,29.07,1
0.1718,0.5955,0.3486,0.7729,0.2875,0.3731,0.2054,Adyar,evening,apartment,small,0,0,4,2024-09-13,38.1,1
0.3325,0.6644,0.7965,0.5891,0.5575,0.3224,0.2108,Adyar,morning,apartment,small,0,0,1,2024-07-09,49.52,1
0.5149,0.2254,0.8266,0.733,0.8105,0.5579,0.8088,Velachery,afternoon,independent,large,1,0,5,2024-05-18,38.17,1
0.0626,0.1548,0.3681,0.8294,0.7777,0.6964,0.1095,Anna Nagar,afternoon,independent,small,1,1,5,2024-11-02,25.96,1
0.3774,0.5937,0.4526,0.7421,0.671,0.1706,0.8543,Adyar,morning,apartment,large,1,0,6,2024-09-01,64.75,0
0.2899,0.5042,0.6558,0.3553,0.3952,0.3122,0.7927,T Nagar,morning,apartment,large,0,0,2,2024-05-29,47.76,1
0.4184,0.2685,0.7505,0.2804,0.6626,0.4566,0.3482,Adyar,afternoon,apartment,medium,1,0,5,2024-08-31,42.13,1
0.0737,0.7196,0.7014,0.8438,0.1834,0.4136,0.2227,Adyar,afternoon,independent,small,0,0,1,2024-12-17,14.28,1
0.0364,0.1271,0.6141,0.5876,0.4974,0.244,0.0569,Anna Nagar,morning,independent,small,0,0,1,2024-03-19,4.94,1
0.0701,0.5407,0.6426,0.2431,0.7175,0.3233,0.4812,Anna Nagar,evening,apartment,medium,0,0,4,2024-04-19,33.77,1
0.1015,0.7948,0.8076,0.7077,0.6271,0.188,0.2445,T Nagar,morning,independent,small,0,0,3,2024-01-04,22.28,1
0.1054,0.1756,0.3703,0.6862,0.5385,0.6088,0.4913,Porur,afternoon,apartment,medium,0,0,3,2024-10-31,27.69,1
0.0697,0.288,0.5261,0.5487,0.3617,0.5668,0.5602,Anna Nagar,afternoon,independent,medium,0,0,1,2024-06-18,21.29,1
0.119,0.1899,0.6912,0.4996,0.6833,0.1828,0.2393,Adyar,morning,independent,small,0,0,2,2024-05-01,16.44,1
0.3991,0.3709,0.1538,0.8655,0.3431,0.1878,0.1584,Velachery,morning,independent,small,0,0,1,2024-04-30,50.81,0
0.4665,0.5109,0.8614,0.4011,0.297,0.2813,0.7478,T Nagar,morning,independent,large,1,0,6,2024-09-29,50.6,0
0.223,0.047,0.7567,0.6516,0.8029,0.3352,0.8322,Velachery,evening,apartment,large,0,0,1,2024-04-02,18.08,1
0.0301,0.7919,0.6067,0.573,0.1003,0.5311,0.6561,Porur,afternoon,apartment,medium,0,0,2,2024-08-14,22.37,1
0.1391,0.5005,0.7608,0.7227,0.1368,0.4752,0.2111,Adyar,evening,apartment,small,0,0,3,2024-08-22,14.72,1
0.3278,0.6643,0.8048,0.3873,0.7733,0.2792,0.1717,T Nagar,morning,independent,small,1,0,6,2024-10-20,53.09,0
0.6065,0.4692,0.9296,0.8999,0.5476,0.3299,0.7757,T Nagar,evening,independent,large,1,0,6,2024-09-29,48.66,1
0.0366,0.1533,0.2964,0.4434,0.298,0.3446,0.1577,Anna Nagar,morning,independent,small,1,0,5,2024-06-22,18.61,1
0.1014,0.2791,0.5793,0.6771,0.4923,0.6408,0.8155,Anna Nagar,afternoon,independent,large,0,0,1,2024-05-28,23.19,1
0.3411,0.1529,0.4201,0.495,0.5289,0.3774,0.2206,Velachery,evening,apartment,small,1,0,5,2024-05-04,36.06,1
0.0166,0.2147,0.3759,0.7602,0.6407,0.372,0.1696,Anna Nagar,evening,apartment,small,1,0,5,2024-09-28,15.93,1
0.2611,0.6991,0.4827,0.961,0.4236,0.4301,0.1644,Velachery,afternoon,apartment,small,0,0,3,2024-03-28,47.48,1
0.5729,0.5633,0.7817,0.6425,0.2813,0.1871,0.2021,Velachery,morning,independent,small,0,0,1,2024-03-12,61.2,0
0.1572,0.7501,0.8758,0.836,0.3036,0.2858,0.2371,T Nagar,morning,apartment,small,0,0,1,2024-02-20,17.86,1
0.0012,0.1277,0.6452,0.7937,0.4181,0.1906,0.2198,Anna Nagar,morning,apartment,small,0,0,0,2024-03-11,0.0,1
0.5615,0.2029,0.5734,0.673,0.7253,0.5366,0.4604,T Nagar,afternoon,independent,medium,0,0,3,2024-09-12,46.33,1
0.1887,0.546,0.3413,0.5502,0.2455,0.3612,0.5132,Velachery,evening,apartment,medium,0,0,4,2024-07-12,46.32,0
0.3058,0.1026,0.947,0.6486,0.3181,0.465,0.7839,Porur,afternoon,independent,large,0,0,4,2024-07-12,5.67,1
0.0845,1.0,0.7726,0.7778,0.1894,0.5575,0.7632,Porur,afternoon,apartment,large,0,0,2,2024-06-05,27.01,1
0.0987,0.575,0.8895,0.2784,0.5075,0.2626,0.6337,Porur,morning,independent,medium,0,0,2,2024-03-13,23.5,1
0.5133,0.499,0.8377,0.4575,0.4286,0.6042,0.7595,T Nagar,afternoon,apartment,large,0,0,1,2024-08-13,61.83,0
0.0574,0.1894,0.6787,0.6517,0.4217,0.2663,0.5081,Anna Nagar,morning,apartment,medium,1,0,6,2024-12-01,3.83,1
0.3503,0.1294,0.8142,0.5276,0.5116,0.5359,0.7854,Adyar,afternoon,apartment,large,0,0,1,2024-02-20,23.89,1
0.4142,0.5596,0.0567,0.9043,0.1429,0.5123,0.2178,Adyar,afternoon,apartment,small,0,0,1,2024-03-26,67.26,0
0.1545,0.2419,0.5118,0.9327,0.5111,0.2411,0.1923,Adyar,morning,apartment,small,0,0,4,2024-09-06,14.49,1
0.211,0.3155,0.9136,0.7421,0.8691,0.2711,0.8235,Anna Nagar,morning,apartment,large,1,0,5,2024-11-30,14.32,1
0.6806,0.9989,0.7699,0.3706,0.3769,0.4135,0.2698,Velachery,afternoon,independent,small,0,0,1,2024-07-02,100.0,0
0.2549,0.5339,0.3132,0.6777,0.2302,0.3828,0.1537,Adyar,evening,independent,small,0,0,0,2024-08-05,45.68,1
0.2947,0.5427,0.5692,0.6308,0.4977,0.4174,0.5278,Anna Nagar,evening,independent,medium,1,0,6,2024-05-19,44.82,1
0.3882,0.3574,0.7379,0.7352,0.4051,0.5282,0.7531,Velachery,afternoon,apartment,large,1,0,5,2024-01-06,37.09,1
0.2092,0.1408,0.67,0.4716,0.3721,0.4082,0.5535,Anna Nagar,evening,independent,medium,1,0,6,2024-05-26,15.2,1
0.4026,0.3612,0.7556,0.5679,0.4539,0.1248,0.1621,Velachery,morning,apartment,small,1,0,6,2024-02-18,32.33,1
0.2284,0.7529,0.4426,0.818,0.5092,0.5755,0.5357,T Nagar,afternoon,apartment,medium,0,0,0,2024-08-12,55.65,0
0.2757,0.8046,0.6949,0.9033,0.6347,0.2572,0.117,Anna Nagar,morning,apartment,small,0,0,0,2024-09-02,44.06,1
0.1031,0.2458,0.7468,0.6488,0.5623,0.2162,0.4831,Porur,morning,apartment,medium,0,0,2,2024-10-30,9.31,1
0.0876,0.4572,0.505,0.3583,0.0102,0.4713,0.5473,T Nagar,afternoon,independent,medium,0,0,0,2024-05-27,26.38,1
0.0173,0.2101,0.3951,0.9085,0.138,0.2392,0.1349,Anna Nagar,morning,independent,small,1,0,6,2024-04-28,0.0,1
0.0247,0.5048,0.3577,0.4667,0.3775,0.1243,0.1476,T Nagar,morning,apartment,small,1,0,5,2024-12-28,23.13,1
0.0594,0.1876,0.6533,0.9539,0.2234,0.4038,0.5167,Adyar,evening,apartment,medium,1,0,6,2024-04-07,0.0,1
0.1543,0.3764,0.269,0.4421,0.3889,0.5986,0.6072,Porur,afternoon,apartment,medium,1,0,6,2024-08-25,43.84,1
0.3658,0.2431,0.6556,0.7976,0.4042,0.2918,0.7255,Porur,morning,independent,large,0,0,1,2024-04-23,24.31,1
0.0507,0.1396,0.725,0.4866,0.4792,0.6105,0.2484,Porur,afternoon,independent,small,0,0,0,2024-11-18,10.72,1
0.2736,0.3583,0.1979,0.7192,0.4343,0.2934,0.423,T Nagar,evening,apartment,medium,1,0,6,2024-08-11,44.06,1
0.3956,0.5335,0.5636,0.5133,0.8419,0.5106,0.192,Adyar,afternoon,apartment,small,0,0,1,2024-08-20,67.34,0
0.1953,0.3452,0.1514,0.9029,0.0597,0.5068,0.2282,Porur,afternoon,independent,small,0,0,1,2024-11-19,28.02,1
0.5489,0.5564,0.8889,0.7174,0.4742,0.1614,0.841,Velachery,morning,apartment,large,0,0,1,2024-09-03,59.79,0
0.1898,0.2396,0.6696,0.7587,0.5646,0.2417,0.2669,T Nagar,morning,independent,small,0,0,2,2024-12-18,14.09,1
0.0699,0.3354,0.6549,0.4327,0.0301,0.435,0.3178,Velachery,afternoon,independent,small,0,0,0,2024-11-04,14.88,1
0.0349,0.6914,0.5591,0.8274,0.5677,0.4032,0.1933,Porur,morning,independent,small,0,1,0,2024-01-15,23.42,1
0.4358,1.0,0.7665,0.5368,0.4567,0.5584,0.5025,Velachery,afternoon,independent,medium,0,0,4,2024-04-12,95.17,0
0.2208,0.4687,0.8732,0.1631,0.5121,0.1797,0.7513,T Nagar,morning,independent,large,0,0,4,2024-09-06,35.1,1
0.0298,0.4432,0.7822,0.7877,0.4882,0.3181,0.2641,Adyar,morning,apartment,small,1,1,6,2024-01-14,7.0,1
0.1807,0.3816,0.7188,0.7068,0.6493,0.337,0.508,Velachery,evening,independent,medium,0,0,3,2024-05-02,26.28,1
0.8213,0.142,0.7858,0.3293,0.4771,0.2444,0.226,Velachery,morning,apartment,small,1,0,5,2024-07-27,41.15,1
0.1547,0.7103,0.1155,0.9371,0.1187,0.1292,0.1934,Adyar,morning,independent,small,0,0,2,2024-03-27,38.36,1
0.1679,0.3208,0.8257,0.88,0.5461,0.3751,0.6016,Adyar,evening,apartment,medium,0,0,1,2024-09-17,11.93,1
0.0367,0.3637,0.5741,0.4402,0.389,0.2807,0.2264,T Nagar,evening,apartment,small,0,0,4,2024-10-11,17.45,1
0.7137,0.1812,0.613,0.8724,0.6496,0.1855,0.2106,Velachery,morning,apartment,small,1,0,5,2024-09-14,37.32,1
0.0684,0.3183,0.6236,0.7436,0.5128,0.3216,0.416,Anna Nagar,morning,apartment,medium,0,0,2,2024-12-25,11.46,1
0.2271,0.1101,0.1276,0.9048,0.2621,0.3855,0.2477,Adyar,evening,apartment,small,0,0,0,2024-05-27,25.47,1
0.2669,0.5425,0.2737,0.8545,0.4352,0.4435,0.5218,Anna Nagar,evening,apartment,medium,0,0,2,2024-10-02,49.92,1
0.1119,0.6053,0.7961,0.5586,0.3373,0.3871,0.0463,Porur,evening,apartment,small,0,0,3,2024-03-14,16.97,1
0.2828,0.5442,0.5347,0.7545,0.6916,0.4728,0.212,Velachery,evening,independent,small,1,0,5,2024-09-14,48.73,1
0.109,0.3926,0.6021,0.2917,0.1889,0.3198,0.7185,Adyar,evening,apartment,medium,1,0,6,2024-01-28,26.47,1
0.7758,0.5424,0.8634,0.6744,0.2737,0.1699,0.1971,Velachery,morning,independent,small,1,0,5,2024-03-09,72.51,0
0.3383,0.4753,0.8103,0.6608,0.312,0.5535,0.2076,Adyar,afternoon,apartment,small,0,0,2,2024-09-04,34.76,1
0.1355,0.3638,0.3245,0.7501,0.424,0.2676,0.1755,Porur,morning,apartment,small,0,0,4,2024-12-06,26.54,1
0.1489,0.617,0.579,0.1691,0.4798,0.5395,0.4739,Adyar,afternoon,independent,medium,0,0,3,2024-06-13,50.56,0
0.0136,0.3859,0.1811,0.3524,0.2623,0.2301,0.8313,Anna Nagar,morning,independent,large,0,0,0,2024-09-30,34.09,1
0.1314,0.3643,0.4619,0.9418,0.3067,0.2388,0.2034,Anna Nagar,morning,apartment,small,0,0,0,2024-07-29,12.15,1
0.4577,0.5104,0.6712,0.7466,0.1938,0.3459,0.4947,T Nagar,evening,apartment,medium,1,0,5,2024-12-28,45.74,1
0.0799,0.1914,0.85,0.9564,0.4355,0.0991,0.1491,Anna Nagar,morning,independent,small,0,0,4,2024-08-30,0.0,1
0.069,0.6275,0.8846,0.5732,0.1397,0.1678,0.2043,Velachery,morning,apartment,small,0,0,4,2024-03-22,8.02,1
0.3909,0.2433,0.7857,0.7075,0.3428,0.1539,0.73,Porur,morning,apartment,large,0,0,4,2024-03-15,19.68,1
0.4762,0.286,0.6907,0.9126,0.4109,0.5784,0.473,T Nagar,afternoon,independent,medium,1,0,5,2024-11-09,30.76,1
0.3149,0.3491,0.9166,0.669,0.109,0.2413,0.1987,Adyar,morning,independent,small,0,0,0,2024-07-22,13.15,1
0.4895,0.8368,0.6679,0.4397,0.7112,0.4828,0.7889,Adyar,afternoon,apartment,large,0,0,4,2024-05-31,100.0,0
0.3687,0.4694,0.6401,0.6847,0.316,0.5457,0.2117,Porur,afternoon,apartment,small,1,0,6,2024-12-22,39.25,1
0.6964,0.4827,0.4213,0.7299,0.2627,0.4497,0.241,Adyar,evening,independent,small,0,0,3,2024-02-15,78.82,0
0.3708,0.7416,0.6248,0.5497,0.4319,0.2244,0.5028,Velachery,morning,independent,medium,0,0,3,2024-05-09,67.76,0
0.2969,0.4719,0.8171,0.9162,0.37,0.3214,0.4413,Velachery,evening,apartment,medium,1,0,6,2024-05-05,23.51,1
0.1182,0.7907,0.8098,0.829,0.4085,0.4788,0.5468,Porur,evening,apartment,medium,0,0,2,2024-02-21,23.17,1
0.0792,0.5503,0.6344,0.5291,0.3606,0.1909,0.2539,Velachery,morning,apartment,small,0,0,2,2024-04-10,22.4,1
0.3267,0.9166,0.1777,0.9349,0.0455,0.5636,0.7745,Porur,afternoon,independent,large,0,0,4,2024-02-16,76.16,0
0.2302,0.0972,0.7234,0.4176,0.4182,0.1497,0.17,Porur,morning,apartment,small,1,0,5,2024-04-13,8.11,1
0.162,0.3525,0.5879,0.7254,0.055,0.5432,0.5039,Velachery,afternoon,independent,medium,1,0,6,2024-07-14,18.68,1
0.1201,0.1976,0.1608,0.7564,0.458,0.4826,0.6183,Anna Nagar,evening,independent,medium,1,0,5,2024-08-17,31.11,1
0.1772,0.4511,0.678,0.7514,0.5366,0.2884,0.2191,Anna Nagar,evening,apartment,small,0,0,1,2024-10-22,20.09,1
0.0219,0.0879,0.5549,0.3817,0.6077,0.3011,0.2357,Porur,morning,independent,small,0,0,1,2024-07-02,16.55,1
0.3123,0.5143,0.485,0.6887,0.3589,0.4277,0.2446,Adyar,evening,apartment,small,1,0,6,2024-06-23,45.11,0
0.0331,0.4131,0.6215,0.7146,0.5201,0.4997,0.456,Porur,evening,apartment,medium,1,0,5,2024-04-27,14.07,1
0.2451,0.2571,0.8833,0.5354,0.4344,0.2946,0.1191,Adyar,evening,apartment,small,0,0,3,2024-05-09,13.12,1
0.733,0.4229,0.8573,0.5294,0.8621,0.4375,0.1871,Adyar,evening,apartment,small,1,0,5,2024-01-20,69.5,0
0.5403,0.875,0.5002,0.5896,0.1546,0.1775,0.6839,Adyar,morning,independent,large,0,0,2,2024-05-01,99.08,0
0.2781,0.0557,0.7436,0.496,0.6778,0.1968,0.5215,Anna Nagar,morning,apartment,medium,0,0,3,2024-06-20,13.57,1
0.2007,0.6098,0.7167,0.5118,0.2596,0.4904,0.322,T Nagar,afternoon,apartment,medium,1,0,5,2024-07-20,32.35,1
0.1168,0.1712,0.7251,0.6718,0.2554,0.2473,0.2108,Anna Nagar,morning,independent,small,1,0,6,2024-06-02,0.0,1
0.6331,0.2697,0.3622,0.8068,0.4294,0.2096,0.2082,Velachery,morning,independent,small,0,0,4,2024-02-16,52.93,0
0.3692,0.2798,0.5832,0.7794,0.1927,0.5494,0.6202,Velachery,afternoon,independent,medium,0,0,3,2024-02-01,32.71,1
0.3,0.395,0.2247,0.7724,0.2127,0.4082,0.2461,Velachery,evening,apartment,small,1,0,6,2024-12-22,43.14,1
0.1057,0.4463,0.7844,0.3241,0.4115,0.3553,0.1069,Porur,evening,independent,small,1,0,6,2024-12-08,16.96,1
0.0621,0.0986,0.4875,0.7868,0.568,0.3412,0.8114,Porur,evening,apartment,large,0,0,0,2024-05-20,15.56,1
0.1935,0.3631,0.1829,0.4605,0.3164,0.3949,0.1801,Velachery,evening,apartment,small,0,0,1,2024-05-14,46.67,1
0.095,0.723,0.936,0.4973,0.4699,0.5291,0.2098,Porur,afternoon,apartment,small,0,0,3,2024-11-28,19.86,1
0.0206,0.0393,0.5645,0.9734,0.209,0.287,0.5919,Anna Nagar,morning,independent,medium,1,0,5,2024-12-28,0.0,1
0.0112,0.3872,0.726,0.5698,0.4767,0.344,0.4777,T Nagar,evening,apartment,medium,1,0,5,2024-04-27,9.12,1
0.5093,0.8847,0.803,0.6856,0.6162,0.4623,0.488,Adyar,afternoon,apartment,medium,0,0,4,2024-03-29,91.29,0
0.1227,0.2864,0.9571,0.8522,0.1674,0.2095,0.1011,Anna Nagar,morning,independent,small,0,0,0,2024-07-15,0.0,1
0.1655,0.3525,0.7309,0.4048,0.4722,0.3178,0.2241,Adyar,evening,apartment,small,0,0,4,2024-09-06,23.95,1
0.116,1.0,0.4823,0.6575,0.3836,0.5059,0.5663,T Nagar,afternoon,independent,medium,0,0,3,2024-02-22,48.94,1
0.1349,0.6602,0.4631,0.5645,0.5617,0.2517,0.7988,Velachery,morning,independent,large,0,0,3,2024-04-04,47.55,1
0.1205,0.1669,0.8116,0.7169,0.8152,0.5598,0.2777,Anna Nagar,afternoon,apartment,medium,0,0,4,2024-09-27,9.2,1
0.523,0.7151,0.8442,0.4565,0.2658,0.5306,0.19,Adyar,afternoon,apartment,small,0,0,3,2024-11-07,74.94,0
0.3154,0.5767,0.5424,0.8389,0.1198,0.137,0.2113,Porur,morning,apartment,small,1,0,6,2024-07-14,31.83,1
0.0984,0.1012,0.2483,0.9512,0.3218,0.3853,0.7414,Adyar,evening,independent,large,0,0,1,2024-09-24,19.82,1
0.1676,0.3385,0.4862,0.6539,0.4957,0.5142,0.2322,Porur,afternoon,apartment,small,1,0,5,2024-03-23,26.91,1
0.0408,0.6974,0.5306,0.3859,0.5389,0.1539,0.1463,Anna Nagar,morning,apartment,small,0,0,0,2024-11-04,27.64,1
0.3504,0.4585,0.4533,0.5475,0.1996,0.5036,0.4829,T Nagar,afternoon,independent,medium,0,0,3,2024-08-15,49.88,0
0.3053,0.7425,0.4366,0.5023,0.6862,0.5118,0.2724,Anna Nagar,afternoon,independent,small,0,0,3,2024-06-13,71.75,0
0.3869,0.425,0.1882,0.6766,0.4856,0.4769,0.5438,Porur,evening,apartment,medium,1,0,5,2024-11-09,62.23,0
0.0339,0.453,0.3676,0.1823,0.2319,0.2097,0.2427,Adyar,morning,independent,small,0,0,3,2024-12-26,31.37,1
0.2617,0.3446,0.7491,0.721,0.2262,0.5325,0.8257,T Nagar,afternoon,independent,large,0,0,1,2024-07-02,23.94,1
0.3533,0.3934,0.5905,0.8806,0.2622,0.218,0.4612,Porur,morning,apartment,medium,0,0,1,2024-09-03,28.34,1
0.1611,0.5643,0.2787,0.847,0.6648,0.2583,0.5429,Anna Nagar,evening,apartment,medium,0,0,1,2024-02-13,43.58,1
0.3889,0.6464,0.7862,0.8993,0.1346,0.4864,0.8742,Adyar,afternoon,apartment,large,0,0,4,2024-08-23,48.0,1
0.0088,0.4853,0.9457,0.8342,0.1043,0.4939,0.2508,Adyar,afternoon,independent,small,1,0,5,2024-09-14,0.0,1
0.0879,0.4582,0.1368,0.6617,0.3694,0.2087,0.5646,Porur,morning,apartment,medium,1,0,6,2024-04-28,35.24,1
0.4239,0.6536,0.8424,0.5266,0.2907,0.2507,0.9045,Velachery,morning,apartment,large,0,0,4,2024-05-10,60.45,0
0.3412,0.5394,0.8138,0.7588,0.1413,0.1599,0.1843,Porur,morning,apartment,small,0,0,2,2024-01-31,25.97,1
0.4326,1.0,0.677,0.5726,0.4933,0.5944,0.4927,Anna Nagar,afternoon,apartment,medium,0,0,3,2024-12-12,94.1,0
0.5875,0.6372,0.1324,0.6414,0.2803,0.4227,0.5199,Velachery,evening,apartment,medium,0,0,4,2024-03-01,100.0,0
0.0272,0.1365,0.8403,0.9325,0.4722,0.2471,0.6784,Porur,morning,apartment,medium,0,0,0,2024-09-16,0.0,1
0.1196,0.5645,0.0751,0.5542,0.5943,0.2752,0.5301,Porur,morning,apartment,medium,0,0,2,2024-11-20,55.2,0
0.8205,0.4596,0.2024,0.7464,0.2594,0.4928,0.1917,Velachery,afternoon,apartment,small,0,0,0,2024-06-24,96.6,0
0.1357,0.4606,0.6635,0.2828,0.3131,0.3581,0.8307,T Nagar,evening,apartment,large,1,0,5,2024-01-27,31.17,1
0.0083,0.3237,0.459,0.4797,0.4972,0.3838,0.2842,Anna Nagar,evening,apartment,small,1,0,6,2024-05-12,18.94,1
0.1395,0.2422,0.7313,0.511,0.3871,0.5056,0.4546,Anna Nagar,afternoon,apartment,medium,0,0,1,2024-07-30,15.12,1
0.0905,0.3866,0.9437,0.894,0.3019,0.4653,0.4862,Velachery,afternoon,apartment,medium,0,0,3,2024-02-08,1.41,1
0.0232,0.194,0.6007,0.8915,0.3917,0.5005,0.576,Porur,afternoon,apartment,medium,0,0,4,2024-07-05,5.46,1
0.3422,0.4868,0.8851,0.7348,0.8459,0.381,0.2555,T Nagar,afternoon,apartment,small,1,0,5,2024-05-18,33.94,0
0.1573,0.7004,0.4992,0.6125,0.6191,0.3714,0.4361,Anna Nagar,evening,apartment,medium,0,0,1,2024-11-12,44.17,1
0.4799,0.3016,0.953,0.8947,0.6413,0.4734,0.8493,Adyar,evening,apartment,large,1,0,5,2024-05-04,28.03,1
0.1546,0.5719,0.7448,0.5373,0.3385,0.5855,0.4393,Anna Nagar,afternoon,apartment,medium,0,0,2,2024-06-05,27.83,1
0.0765,0.364,0.7732,0.4179,0.2958,0.404,0.5012,Adyar,evening,apartment,medium,1,0,6,2024-07-28,14.51,1
0.1866,0.403,0.711,0.8422,0.7721,0.4728,0.5061,Velachery,evening,apartment,medium,0,0,0,2024-07-15,28.62,1
0.3231,0.1907,0.9812,0.8166,0.4266,0.1569,0.1813,Anna Nagar,morning,apartment,small,1,0,6,2024-02-11,0.0,1
0.2021,0.2311,0.6407,0.9308,0.8645,0.495,0.1834,Anna Nagar,afternoon,apartment,small,1,0,5,2024-01-06,16.05,1
0.4999,0.5921,0.854,0.6356,0.1122,0.442,0.2978,Adyar,morning,apartment,small,1,1,6,2024-04-14,55.76,0
0.0906,0.306,0.8427,0.9209,0.439,0.2027,0.8667,Porur,morning,apartment,large,1,0,6,2024-12-22,0.0,1
0.1902,0.222,0.2478,0.517,0.3172,0.2924,0.7266,T Nagar,evening,independent,large,1,0,6,2024-11-03,34.69,1
0.0326,0.497,0.9127,0.82,0.0607,0.5318,0.1869,Adyar,afternoon,independent,small,0,0,2,2024-06-12,0.0,1
0.1848,0.599,0.8901,0.6074,0.4716,0.4117,0.7089,Velachery,afternoon,apartment,medium,1,0,6,2024-11-24,28.91,1
0.2174,0.5614,0.6643,0.3264,0.3706,0.5725,0.8321,Adyar,afternoon,apartment,large,1,0,6,2024-12-15,47.21,0
0.7058,0.3401,0.3137,0.7916,0.4377,0.1611,0.5792,T Nagar,morning,apartment,medium,0,0,4,2024-10-04,67.58,0
0.1834,0.3978,0.8188,0.735,0.4998,0.5776,0.5337,Adyar,evening,apartment,medium,0,0,4,2024-03-15,21.67,1
0.134,0.3217,0.5449,0.7299,0.3649,0.2598,0.2084,Adyar,morning,apartment,small,1,0,6,2024-09-01,15.56,1
0.0542,0.5879,0.7297,0.6412,0.5079,0.1619,0.1651,T Nagar,morning,apartment,small,0,0,3,2024-09-26,12.88,1
0.0433,0.7899,0.4334,0.8784,0.1825,0.259,0.7761,T Nagar,morning,apartment,large,0,0,4,2024-04-19,22.89,1
0.4739,0.9743,0.6497,0.8422,0.4663,0.4899,0.7219,T Nagar,afternoon,apartment,large,0,0,0,2024-09-30,94.77,0
0.0075,0.262,0.6848,0.6311,0.6226,0.2048,0.4408,Anna Nagar,morning,apartment,medium,0,0,2,2024-09-25,7.09,1
0.0772,0.1403,0.7714,0.6474,0.289,0.3537,0.2162,Velachery,evening,independent,small,1,0,5,2024-09-28,0.71,1
0.2617,0.4355,0.8734,0.5565,0.2463,0.5296,0.7581,Porur,evening,apartment,large,0,0,2,2024-06-12,26.86,1
0.4846,0.408,0.6029,0.6703,0.2964,0.2603,0.4549,Velachery,morning,apartment,medium,0,0,3,2024-08-15,49.18,1
0.1263,0.8687,0.3476,0.8187,0.3861,0.2322,0.6959,Velachery,morning,apartment,large,0,0,1,2024-04-09,47.63,0
0.3742,0.4929,0.0278,0.2132,0.3883,0.3624,0.1368,Porur,evening,apartment,small,0,0,2,2024-12-04,78.69,0
0.0906,0.4935,0.2197,0.7788,0.4948,0.2327,0.5998,Velachery,morning,independent,medium,0,0,2,2024-02-21,39.31,1
0.0474,0.5301,0.8003,0.6073,0.5228,0.5935,0.5508,Velachery,afternoon,independent,medium,0,0,0,2024-09-16,20.55,1
0.963,0.3882,0.8301,0.7638,0.6318,0.4834,0.2115,Velachery,afternoon,independent,small,1,0,5,2024-06-22,76.77,0
0.4256,0.6217,0.4898,0.4925,0.3168,0.4808,0.6901,Adyar,afternoon,apartment,large,0,0,3,2024-05-23,73.85,0
0.1851,0.7247,0.3973,0.6582,0.2383,0.2435,0.2207,Velachery,morning,independent,small,0,0,2,2024-04-03,44.65,1
0.0709,0.0384,0.7224,0.5126,0.1159,0.1616,0.7089,Porur,morning,independent,large,0,0,1,2024-06-11,0.0,1
0.2603,0.4295,0.3941,0.5069,0.3866,0.4793,0.2663,Adyar,afternoon,independent,small,0,0,4,2024-08-30,47.33,1
0.0335,0.4671,0.0608,0.5602,0.3154,0.1706,0.2228,Anna Nagar,morning,independent,small,0,0,1,2024-07-09,32.66,1
0.2242,0.6874,0.6241,0.35,0.1642,0.294,0.5829,Anna Nagar,morning,apartment,medium,0,0,3,2024-05-02,44.02,0
0.3757,0.6102,0.4655,0.6838,0.3833,0.5908,0.4605,Velachery,afternoon,independent,medium,0,0,4,2024-09-13,66.27,0
0.3138,0.5469,0.7808,0.8369,0.1768,0.3607,0.2809,T Nagar,evening,apartment,small,0,0,0,2024-01-29,28.14,1
0.518,0.3786,0.7741,0.1215,0.2843,0.4582,0.5149,Velachery,evening,apartment,medium,0,0,1,2024-07-16,58.97,0
0.7023,0.2064,0.7486,0.8495,0.2019,0.3761,0.2173,Adyar,evening,apartment,small,0,0,0,2024-02-19,29.55,1
0.5509,0.2661,0.1432,0.7542,0.5972,0.3044,0.8035,Velachery,evening,independent,large,0,0,2,2024-09-18,68.68,0
0.7116,0.3859,0.2861,0.4947,0.2865,0.3013,0.6005,Velachery,evening,independent,medium,1,0,6,2024-05-26,81.3,0
0.0736,0.319,0.7112,0.8728,0.3716,0.2101,0.4371,Adyar,morning,independent,medium,1,0,6,2024-10-20,2.33,1
0.0654,0.2447,0.8689,0.459,0.2202,0.3007,0.2398,Anna Nagar,evening,apartment,small,1,0,6,2024-08-18,0.0,1
0.1177,0.5311,0.8759,0.4718,0.5178,0.1989,0.1201,Porur,morning,independent,small,0,0,4,2024-11-15,14.75,1
0.0985,1.0,0.5324,0.9381,0.3036,0.6186,0.7787,T Nagar,afternoon,apartment,large,0,0,2,2024-12-11,38.73,1
0.0806,0.6524,0.7944,0.7907,0.2791,0.2328,0.5006,Porur,morning,apartment,medium,0,0,1,2024-02-20,9.98,1
0.1223,0.4589,0.6491,0.5014,0.7046,0.1724,0.4851,T Nagar,morning,apartment,medium,0,0,0,2024-09-30,28.76,1
0.0793,0.5015,0.5867,0.7722,0.4095,0.1224,0.7721,Adyar,morning,independent,large,0,0,3,2024-09-19,19.76,1
0.2765,0.0062,0.7731,0.4773,0.7491,0.2526,0.5263,Porur,morning,independent,medium,1,0,6,2024-12-01,10.96,1
0.3734,0.6706,0.9472,0.5121,0.5569,0.6215,0.2346,Anna Nagar,evening,independent,small,0,0,3,2024-12-05,50.98,1
0.0001,0.2023,0.7546,0.8944,0.4788,0.5653,0.2126,Anna Nagar,afternoon,independent,small,0,0,4,2024-06-14,0.0,1
0.465,0.5676,0.6971,0.6867,0.5701,0.3654,0.2222,Velachery,evening,independent,small,0,0,4,2024-12-06,60.84,1
0.174,0.3121,0.6865,0.6093,0.2644,0.3057,0.1659,Porur,evening,independent,small,1,0,6,2024-09-15,11.19,1
0.012,0.7733,0.5054,0.7841,0.2254,0.5498,0.159,T Nagar,afternoon,apartment,small,0,0,2,2024-05-22,17.83,1
0.6356,0.3531,0.9287,0.3717,0.5961,0.5471,0.4922,Velachery,afternoon,independent,medium,0,0,4,2024-04-19,58.15,0
0.3756,0.0676,0.9175,0.903,0.3738,0.4144,0.4407,Anna Nagar,evening,apartment,medium,1,0,5,2024-11-09,0.0,1
0.0731,0.0796,0.8297,0.3897,0.5163,0.4235,0.5673,Anna Nagar,evening,independent,medium,1,0,6,2024-07-21,5.83,1
0.554,0.2164,0.7894,0.8233,0.5673,0.4356,0.7316,Adyar,evening,apartment,large,1,0,5,2024-05-04,31.24,1
0.1704,0.3716,0.8315,0.2684,0.425,0.1465,0.1707,T Nagar,morning,independent,small,0,0,1,2024-12-31,19.3,1
0.2341,0.6572,0.6614,0.7515,0.2458,0.5471,0.4623,Anna Nagar,afternoon,independent,medium,0,0,4,2024-09-27,36.14,1
0.3068,0.2003,0.3706,0.5666,0.4393,0.1913,0.258,Anna Nagar,morning,independent,small,0,0,4,2024-04-12,30.83,1
0.1852,0.7283,0.2332,0.809,0.5667,0.2275,0.6379,Adyar,morning,apartment,medium,0,0,1,2024-08-27,57.29,0
0.2422,0.5685,0.6872,0.4488,0.2937,0.2398,0.2372,Adyar,morning,apartment,small,1,0,6,2024-08-25,35.24,1
0.0546,0.467,0.2435,0.135,0.4363,0.5884,0.5068,Velachery,afternoon,apartment,medium,0,0,4,2024-11-08,53.15,0
0.3399,0.3174,0.7726,0.4328,0.1545,0.1978,0.4743,Velachery,morning,independent,medium,0,0,0,2024-03-11,28.0,0
0.1528,0.7993,0.4763,0.822,0.6486,0.4678,0.4792,Porur,afternoon,independent,medium,0,0,0,2024-06-17,46.47,1
0.0206,0.2328,0.8623,0.7765,0.2179,0.477,0.7161,Anna Nagar,afternoon,independent,large,0,0,1,2024-07-09,0.0,1
0.2912,0.1146,0.5768,0.4674,0.3723,0.2524,0.2075,Porur,morning,independent,small,1,0,5,2024-04-20,17.05,1
0.095,0.3839,0.3319,0.6573,0.0895,0.4698,0.7351,Velachery,evening,independent,large,0,0,0,2024-10-14,29.61,1
0.2784,0.2513,0.8564,0.955,0.7474,0.2611,0.4705,Velachery,morning,apartment,medium,1,0,6,2024-01-07,12.21,1
0.0213,0.5276,0.852,0.4584,0.3085,0.6568,0.7939,T Nagar,afternoon,apartment,large,0,0,4,2024-06-21,16.27,1
0.2618,0.6294,0.5742,0.6548,0.5846,0.2906,0.2045,Adyar,morning,apartment,small,0,0,4,2024-07-26,47.8,1
0.3722,0.6455,0.2717,0.7214,0.1163,0.5532,0.8059,T Nagar,afternoon,independent,large,0,0,4,2024-09-06,68.74,0
0.5596,0.0355,0.5351,0.5816,0.2884,0.3879,0.1747,Adyar,evening,apartment,small,1,0,6,2024-06-23,20.92,1
0.3475,0.3483,0.8364,0.9655,0.0699,0.53,0.8628,T Nagar,afternoon,independent,large,1,0,5,2024-10-12,16.58,1
0.2175,1.0,0.3336,0.8296,0.4245,0.5452,0.4778,T Nagar,afternoon,apartment,medium,0,0,3,2024-11-14,67.72,0
0.11,0.3816,0.9287,0.462,0.6203,0.2435,0.6176,T Nagar,morning,independent,medium,0,0,3,2024-04-25,14.1,1
0.1312,0.129,0.6132,0.3503,0.0844,0.5357,0.1325,Porur,afternoon,independent,small,1,0,6,2024-07-21,10.66,1
0.069,1.0,0.891,0.6073,0.2237,0.4344,0.2283,T Nagar,afternoon,apartment,small,0,0,4,2024-09-27,19.57,1
0.0426,0.5118,0.6586,0.5026,0.2301,0.4604,0.7603,Velachery,afternoon,independent,large,0,0,4,2024-02-23,22.99,1
0.0696,0.5831,0.4907,0.3592,0.1262,0.5075,0.2182,Adyar,afternoon,apartment,small,0,0,1,2024-06-18,30.38,1
0.0157,0.339,0.8351,0.9876,0.6177,0.4602,0.4122,Porur,afternoon,apartment,medium,0,0,2,2024-12-18,0.0,1
0.752,0.6817,0.591,0.0735,0.1729,0.1957,0.5057,Adyar,morning,independent,medium,0,0,0,2024-04-22,100.0,0
0.101,0.222,0.7651,0.6662,0.1658,0.4892,0.2049,Anna Nagar,afternoon,independent,small,0,0,3,2024-08-22,1.05,1
0.437,0.7061,0.5871,0.8541,0.8636,0.4294,0.2879,T Nagar,evening,apartment,medium,0,0,4,2024-08-09,73.81,0
0.1598,0.2099,0.7124,0.2927,0.3781,0.4932,0.1976,Porur,afternoon,apartment,small,0,0,4,2024-08-09,19.69,1
0.7311,0.3489,0.9361,0.8751,0.0532,0.4046,0.1721,Velachery,evening,independent,small,0,0,3,2024-10-10,39.07,0
0.1867,0.4633,0.5796,0.9006,0.4572,0.2454,0.5377,Porur,morning,independent,medium,0,0,3,2024-08-01,23.38,1
0.1088,0.5654,0.8633,0.5719,0.4436,0.1928,0.8429,Porur,morning,independent,large,1,0,5,2024-03-16,15.94,1
0.1592,0.4839,0.9349,0.2395,0.209,0.4934,0.4963,Anna Nagar,afternoon,independent,medium,0,0,4,2024-01-05,21.77,1
0.1393,0.1809,0.8359,0.6102,0.3543,0.3904,0.1628,Anna Nagar,evening,apartment,small,1,0,6,2024-03-31,0.0,1
0.1176,0.8974,0.6495,0.5176,0.9281,0.3119,0.1981,T Nagar,evening,independent,small,0,0,2,2024-10-09,46.61,1
0.1349,0.5212,0.0499,0.5294,0.7108,0.401,0.1998,T Nagar,evening,independent,small,0,0,2,2024-01-31,59.9,0
0.5627,0.5256,0.6954,0.8206,0.107,0.4806,0.2353,Velachery,evening,independent,small,0,0,2,2024-06-19,56.8,0
0.272,0.4169,0.6527,0.7917,0.177,0.197,0.5117,T Nagar,morning,independent,medium,0,0,2,2024-01-10,22.65,1
0.1745,0.6292,0.2947,0.486,0.1125,0.4481,0.2435,Anna Nagar,afternoon,independent,small,0,0,1,2024-01-09,43.23,1
0.1823,0.2281,0.098,0.295,0.503,0.4116,0.4817,T Nagar,afternoon,apartment,medium,1,0,5,2024-07-20,50.62,0
0.0568,0.3272,0.3468,0.8664,0.2626,0.1613,0.5556,Adyar,morning,independent,medium,0,0,1,2024-12-10,16.35,1
0.127,0.3707,0.2183,0.8762,0.3307,0.2276,0.6392,Porur,morning,apartment,medium,1,0,6,2024-09-15,26.66,1
0.1092,0.5358,0.7586,0.8326,0.4115,0.1103,0.2055,Velachery,morning,apartment,small,1,0,6,2024-06-30,9.69,1
0.2027,0.5562,0.6862,0.8947,0.4811,0.1855,0.7578,Porur,morning,independent,large,0,0,4,2024-08-09,26.04,1
0.6191,0.323,0.3896,0.5785,0.1813,0.3309,0.1768,Anna Nagar,evening,independent,small,0,0,4,2024-03-29,53.52,0
0.5077,0.0657,0.9778,0.6085,0.2317,0.2585,0.6233,Velachery,morning,independent,medium,1,0,5,2024-03-09,6.1,1
0.0077,0.219,0.8685,0.8951,0.2737,0.3127,0.5087,Anna Nagar,morning,independent,medium,1,0,6,2024-01-21,0.0,1
0.1686,0.552,0.3457,0.7214,0.0084,0.5639,0.8811,Adyar,afternoon,independent,large,0,0,0,2024-03-11,39.22,1
0.5743,0.529,0.2506,0.4822,0.3941,0.0799,0.1768,T Nagar,morning,apartment,small,1,0,5,2024-03-02,79.87,1
0.4539,0.2307,0.1738,0.4647,0.6811,0.5887,0.1622,Porur,afternoon,apartment,small,0,0,0,2024-01-08,63.08,0
0.2487,0.5275,0.5856,0.6962,0.5482,0.1459,0.1891,T Nagar,morning,independent,small,0,0,2,2024-04-17,35.36,0
0.0006,0.0575,0.8517,0.2428,0.491,0.1071,0.5721,Porur,morning,independent,medium,0,0,1,2024-10-01,3.76,1
0.5436,0.5322,0.8359,0.8362,0.3724,0.1915,0.2261,Velachery,morning,apartment,small,0,0,2,2024-01-24,50.1,0
0.017,0.2869,0.7571,0.3776,0.4642,0.3794,0.1329,Adyar,evening,apartment,small,0,0,0,2024-05-13,11.6,1
0.1437,0.114,0.3855,0.8101,0.5989,0.2946,0.469,Porur,evening,independent,medium,0,0,2,2024-08-28,20.25,1
0.3372,0.446,0.512,0.6737,0.3189,0.3592,0.6808,T Nagar,evening,apartment,large,1,0,5,2024-04-13,42.76,1
0.2765,0.7347,0.9346,0.1234,0.4614,0.1262,0.7457,Velachery,morning,independent,large,0,0,0,2024-10-14,54.35,1
0.1057,0.2536,0.484,0.9024,0.262,0.2349,0.2222,Adyar,morning,apartment,small,0,0,2,2024-07-10,9.12,1
0.0306,0.338,0.9674,0.6113,0.4058,0.5541,0.1595,Anna Nagar,afternoon,independent,small,1,0,5,2024-09-21,0.0,1
0.191,0.4278,0.8795,0.5695,0.301,0.1996,0.8422,Anna Nagar,morning,independent,large,0,0,1,2024-07-09,16.26,1
0.0726,1.0,0.3745,0.4867,0.1174,0.6172,0.1968,T Nagar,afternoon,apartment,small,0,0,3,2024-02-08,43.4,1
0.2301,0.3996,0.8205,0.8797,0.5703,0.2451,0.1996,Adyar,morning,independent,small,0,0,0,2024-06-03,15.54,1
0.0695,0.3942,0.4124,0.5311,0.3917,0.4112,0.1949,Porur,evening,apartment,small,1,0,6,2024-07-28,23.98,1
0.5689,0.624,0.3043,0.184,0.7832,0.2193,0.6384,T Nagar,morning,apartment,medium,1,1,6,2024-04-14,100.0,0
0.7056,0.8316,0.8399,0.7729,0.4409,0.4168,0.5236,Adyar,afternoon,independent,medium,1,0,6,2024-05-12,100.0,0
0.7108,0.1894,0.8198,0.947,0.3857,0.375,0.5636,Adyar,evening,apartment,medium,0,0,1,2024-01-16,28.59,1
0.0846,0.3648,0.7351,0.6806,0.5779,0.4337,0.1548,Anna Nagar,evening,apartment,small,0,0,2,2024-04-17,11.16,1
0.2742,0.8064,0.5191,0.5826,0.2459,0.449,0.1756,T Nagar,afternoon,apartment,small,0,0,2,2024-08-21,56.95,0
0.0947,0.5751,0.1404,0.8794,0.5705,0.21,0.2181,Anna Nagar,morning,independent,small,0,0,4,2024-11-29,37.06,1
0.3013,0.3424,0.3588,0.7408,0.3474,0.4922,0.4838,Adyar,afternoon,independent,medium,1,0,5,2024-11-30,40.39,1
0.2418,0.2327,0.4041,0.4673,0.3861,0.1835,0.5506,Velachery,morning,independent,medium,1,0,6,2024-02-18,34.16,1
0.2599,0.3874,0.1911,0.8176,0.6273,0.255,0.4693,Porur,morning,apartment,medium,0,0,3,2024-06-27,47.99,1
0.1074,0.6423,0.259,0.5478,0.5718,0.4497,0.8451,Velachery,evening,apartment,large,0,0,3,2024-10-24,56.58,0
0.1768,1.0,0.5981,0.8633,0.154,0.4725,0.3537,T Nagar,afternoon,apartment,medium,0,0,1,2024-06-18,42.07,1
0.164,0.3036,0.9004,0.8331,0.206,0.1614,0.5729,T Nagar,morning,independent,medium,1,0,6,2024-04-21,0.0,1
0.4463,0.3622,0.7517,0.5968,0.4043,0.1975,0.6048,Adyar,morning,independent,medium,0,0,1,2024-09-10,39.23,1
0.4449,0.3958,0.5434,0.506,0.583,0.1797,0.3543,Adyar,morning,independent,medium,1,0,6,2024-08-11,52.2,0
0.4224,0.2432,0.1639,0.5677,0.6784,0.4079,0.7083,Porur,evening,independent,medium,0,0,0,2024-07-08,62.13,0
0.0012,0.2623,0.7096,0.6983,0.3628,0.2089,0.547,Anna Nagar,morning,apartment,medium,1,0,5,2024-05-04,0.0,1
0.1241,0.5852,0.5434,0.9615,0.364,0.601,0.8022,Anna Nagar,afternoon,apartment,large,0,0,1,2024-11-05,26.55,1
0.3529,1.0,0.9092,0.5868,0.4559,0.5818,0.2365,T Nagar,afternoon,apartment,small,0,0,4,2024-03-08,70.06,0
0.0097,0.2803,0.7969,0.2793,0.1658,0.1976,0.5113,Porur,morning,apartment,medium,0,0,4,2024-05-24,5.24,1
0.0256,0.404,0.6152,0.6511,0.3167,0.5561,0.5874,T Nagar,afternoon,apartment,medium,0,0,2,2024-04-24,15.87,1
0.1909,0.2081,0.8953,0.7538,0.3351,0.2109,0.4047,Porur,morning,independent,medium,0,0,0,2024-07-08,0.0,1
0.1229,0.0867,0.6824,0.9017,0.0665,0.3643,0.2415,Anna Nagar,evening,independent,small,1,0,6,2024-11-17,0.0,1
0.292,0.3325,0.7534,0.9826,0.4744,0.6392,0.5005,Anna Nagar,afternoon,independent,medium,1,0,5,2024-04-06,18.02,1
0.2745,0.471,0.4792,0.3475,0.4439,0.376,0.5144,Anna Nagar,evening,apartment,medium,0,0,2,2024-02-07,49.86,1
0.4827,0.5715,0.7145,0.1708,0.491,0.4482,0.7665,Anna Nagar,afternoon,apartment,large,0,0,0,2024-10-28,74.72,0
0.7028,0.3009,0.1212,0.683,0.255,0.4352,0.8201,Porur,evening,apartment,large,0,0,3,2024-02-29,73.88,1
0.1414,0.3548,0.4662,0.4961,0.2008,0.4971,0.1536,Porur,afternoon,independent,small,0,0,1,2024-12-17,25.3,1
0.3274,0.3703,0.4139,0.3452,0.4296,0.2512,0.1706,Adyar,morning,independent,small,0,0,2,2024-02-28,49.32,1
0.1002,0.2143,0.7448,0.8263,0.2811,0.5238,0.4941,Adyar,evening,independent,medium,1,0,5,2024-02-10,3.72,1
0.3495,0.4652,0.3074,0.6667,0.1094,0.5459,0.4058,Velachery,afternoon,independent,medium,0,0,2,2024-09-04,53.57,0
0.5301,0.7032,0.823,0.7368,0.1722,0.2857,0.2036,Adyar,morning,independent,small,0,0,2,2024-10-09,63.82,0
0.4081,0.421,0.4357,0.7298,0.5666,0.292,0.5067,Anna Nagar,evening,apartment,medium,0,0,2,2024-02-21,51.49,0
0.0287,0.1869,0.5881,0.5621,0.4437,0.2089,0.1318,Velachery,morning,apartment,small,1,0,6,2024-01-21,9.54,1
0.3126,0.4521,0.7374,0.8584,0.7275,0.1611,0.5514,Velachery,morning,apartment,medium,0,0,4,2024-02-23,35.1,1
0.7047,0.4409,0.7645,0.5549,0.359,0.5095,0.2567,Velachery,afternoon,apartment,small,1,0,6,2024-10-13,67.55,0
0.0298,0.9481,0.7507,0.4869,0.4662,0.5111,0.7797,Anna Nagar,afternoon,apartment,large,0,0,1,2024-04-02,28.58,0
0.1715,0.924,0.6844,0.893,0.6248,0.6125,0.5245,Adyar,afternoon,independent,medium,0,0,4,2024-03-08,47.14,1
0.0637,0.2683,0.868,0.7913,0.2813,0.5749,0.4881,T Nagar,afternoon,apartment,medium,0,0,4,2024-07-12,0.3,1
0.1029,0.4647,0.3992,0.6264,0.5953,0.4081,0.7343,Anna Nagar,evening,apartment,large,0,0,4,2024-06-21,36.7,1
0.3184,0.4251,0.6964,0.6899,0.5739,0.4478,0.4659,Anna Nagar,afternoon,independent,medium,1,0,5,2024-10-05,34.16,1
0.6351,0.7676,0.7817,0.4424,0.3447,0.5036,0.1953,Velachery,afternoon,apartment,small,0,0,3,2024-12-05,99.11,0
0.1793,0.5102,0.8064,0.4378,0.383,0.4182,0.3093,T Nagar,evening,independent,small,0,0,1,2024-06-18,26.85,1
0.2718,0.0824,0.9184,0.7657,0.4919,0.5287,0.185,Porur,afternoon,independent,small,0,0,3,2024-10-10,0.07,1
0.0363,0.1571,0.9938,0.7677,0.506,0.2777,0.1193,Velachery,evening,apartment,small,1,0,5,2024-06-29,0.0,1
0.3343,0.6936,0.7331,0.4733,0.3748,0.1481,0.7428,T Nagar,morning,independent,large,0,0,1,2024-07-09,54.73,0
0.3754,0.062,0.5339,0.8817,0.7156,0.233,0.6416,Velachery,morning,apartment,medium,0,0,3,2024-06-06,23.66,1
0.2326,0.8378,0.8461,0.3813,0.2309,0.5028,0.2952,Anna Nagar,afternoon,apartment,small,0,0,1,2024-10-08,44.69,1
0.5151,0.662,0.7028,0.8758,0.4123,0.4743,0.8699,Adyar,afternoon,independent,large,0,0,2,2024-07-03,71.85,0
0.2502,0.6426,0.6886,0.7928,0.3635,0.4205,0.4151,Porur,afternoon,apartment,medium,0,0,0,2024-05-27,35.97,1
0.2699,0.2415,0.5993,0.6287,0.5168,0.289,0.4965,T Nagar,morning,apartment,medium,0,0,1,2024-04-02,26.59,1
0.5766,0.8264,0.2038,0.3409,0.2685,0.4466,0.5927,T Nagar,afternoon,apartment,medium,0,0,0,2024-09-23,100.0,0
0.6331,0.0808,0.7634,0.5393,0.3875,0.1535,0.8006,Porur,morning,independent,large,1,0,5,2024-04-13,20.86,1
0.431,0.4537,0.8765,0.5373,0.4,0.5313,0.195,T Nagar,afternoon,apartment,small,0,0,0,2024-09-23,41.19,1
0.1841,0.4213,0.8247,0.4472,0.1544,0.4406,0.6055,Adyar,evening,apartment,medium,0,0,1,2024-08-20,22.87,1
0.056,0.5079,0.7904,0.935,0.529,0.5655,0.1979,Anna Nagar,afternoon,apartment,small,0,0,0,2024-12-09,5.32,1
0.1748,0.6727,0.9593,0.5769,0.3445,0.4474,0.3981,T Nagar,afternoon,independent,medium,0,0,2,2024-05-29,24.0,1
0.475,0.303,0.8133,0.8652,0.1837,0.5946,0.5853,Velachery,afternoon,apartment,medium,0,0,0,2024-05-27,30.14,1
0.3307,0.6756,0.2868,0.9256,0.2571,0.1824,0.4393,Adyar,morning,independent,medium,0,0,4,2024-04-19,56.96,0
0.2477,0.0873,0.617,0.6709,0.2925,0.3773,0.7037,Anna Nagar,evening,independent,large,1,0,5,2024-06-22,10.55,1
0.4836,1.0,0.7733,0.7517,0.2273,0.498,0.4932,Velachery,afternoon,apartment,medium,0,0,2,2024-05-29,92.38,0
0.4519,0.2267,0.5395,0.6801,0.531,0.2675,0.2072,Adyar,morning,independent,small,1,0,6,2024-09-01,34.02,1
0.1208,0.1979,0.458,0.7999,0.1616,0.3746,0.189,Anna Nagar,evening,apartment,small,1,0,6,2024-07-14,6.19,1
0.38,0.913,0.9295,0.8487,0.6154,0.4566,0.1986,T Nagar,evening,apartment,small,0,0,2,2024-03-13,61.19,0
0.3681,0.0846,0.7767,0.8146,0.6021,0.3633,0.4028,Porur,evening,apartment,medium,1,0,6,2024-06-30,7.92,1
0.0038,0.4294,0.8999,0.9317,0.3442,0.316,0.5187,Adyar,morning,apartment,medium,1,1,6,2024-04-14,0.0,1
0.1471,0.3773,0.7308,0.7271,0.3529,0.4491,0.3077,Anna Nagar,evening,independent,small,1,0,5,2024-06-01,10.95,1
0.387,0.6266,0.6808,0.8893,0.3561,0.1245,0.4942,Porur,morning,independent,medium,0,0,4,2024-10-25,44.32,1
0.3315,0.2338,0.8275,0.8579,0.3187,0.2318,0.6248,Velachery,morning,apartment,medium,1,0,5,2024-04-13,11.91,1
0.3496,0.5403,0.5572,0.9436,0.7771,0.259,0.5507,Velachery,morning,apartment,medium,0,0,3,2024-08-08,52.54,0
0.2801,0.8272,0.345,0.9057,0.3225,0.1947,0.797,Anna Nagar,morning,apartment,large,0,0,4,2024-11-15,59.26,0
0.6663,0.2417,0.7705,0.7612,0.1751,0.3788,0.2372,Velachery,evening,independent,small,0,0,3,2024-10-24,34.03,1
0.0425,0.3053,0.9996,0.5449,0.2115,0.2794,0.512,Anna Nagar,morning,independent,medium,1,0,5,2024-12-07,0.0,1
0.1504,0.3998,0.2146,0.977,0.438,0.6174,0.4705,T Nagar,afternoon,independent,medium,1,0,6,2024-11-17,34.59,1
0.0921,0.5072,0.6672,0.5853,0.3998,0.2206,0.2691,Porur,morning,apartment,small,0,0,4,2024-04-05,17.17,1
0.3767,0.3722,0.6414,0.8456,0.3167,0.5113,0.4368,Velachery,afternoon,independent,medium,1,0,6,2024-11-24,34.13,0
0.0345,0.6121,0.7427,0.4092,0.3591,0.345,0.458,Anna Nagar,evening,independent,medium,1,0,6,2024-11-24,15.34,1
0.4025,0.4546,0.2551,0.2346,0.6428,0.4095,0.3979,T Nagar,evening,apartment,medium,0,0,1,2024-09-17,78.18,0
0.2116,0.1153,0.4937,0.9401,0.3038,0.1929,0.4961,Anna Nagar,morning,independent,medium,0,0,2,2024-12-18,6.71,1
0.4611,0.2965,0.913,0.7687,0.3348,0.2062,0.2616,Anna Nagar,morning,apartment,small,1,0,6,2024-03-31,15.19,1
0.2228,0.5279,0.6972,0.6055,0.2094,0.4604,0.1082,T Nagar,evening,independent,small,0,0,1,2024-02-13,27.91,1
0.5743,0.8692,0.183,0.7837,0.1209,0.242,0.2067,Adyar,morning,apartment,small,0,0,3,2024-08-29,100.0,0
0.4835,0.3109,0.8058,0.5961,0.6335,0.3357,0.5201,Anna Nagar,morning,independent,medium,1,0,6,2024-04-28,35.27,1
0.3737,0.2687,0.0977,0.9413,0.295,0.3911,0.5124,Anna Nagar,evening,independent,medium,1,0,5,2024-08-10,40.35,1
0.661,0.724,0.523,0.8118,0.3969,0.556,0.5948,Velachery,afternoon,apartment,medium,0,0,4,2024-01-19,100.0,0
0.3719,0.2737,0.7089,0.6416,0.4627,0.5163,0.1435,Adyar,afternoon,independent,small,0,0,0,2024-10-28,30.03,1
0.344,0.201,0.8898,0.9223,0.2075,0.2491,0.6385,Velachery,morning,apartment,medium,0,0,2,2024-06-05,6.8,1
0.0682,0.4936,0.8909,0.1806,0.6032,0.2608,0.752,Porur,morning,independent,large,0,0,4,2024-02-23,22.94,1
0.3409,0.6397,0.4422,0.193,0.6285,0.1931,0.4714,Velachery,morning,apartment,medium,0,0,1,2024-07-23,77.6,0
0.5554,0.4852,0.9345,0.6948,0.3078,0.2676,0.7637,Velachery,morning,independent,large,0,0,4,2024-12-20,50.76,0
0.4381,0.4137,0.7211,0.3918,0.2742,0.1758,0.4454,Adyar,morning,independent,medium,0,0,0,2024-09-16,45.18,0
0.0432,0.1569,0.2407,0.6821,0.4705,0.6147,0.1864,Anna Nagar,afternoon,independent,small,1,0,5,2024-09-28,23.33,1
0.3247,0.7409,0.5024,0.3576,0.5966,0.5366,0.1327,Velachery,afternoon,apartment,small,0,0,4,2024-03-15,76.58,0
0.3449,0.5639,0.6706,0.6089,0.6968,0.5431,0.1783,Velachery,afternoon,apartment,small,0,0,0,2024-07-22,56.05,0
0.1723,0.2215,0.8153,0.6431,0.1078,0.2035,0.6235,Anna Nagar,morning,independent,medium,1,0,5,2024-06-08,0.22,1
0.0284,0.8494,0.5576,0.2659,0.3557,0.2642,0.1901,T Nagar,morning,apartment,small,0,0,0,2024-11-18,31.43,1
0.3137,0.269,0.887,0.5301,0.182,0.2031,0.157,Porur,morning,independent,small,1,0,5,2024-03-02,8.93,1
0.0777,0.7924,0.3145,0.6327,0.1184,0.2001,0.1547,Velachery,morning,apartment,small,0,0,2,2024-08-07,33.57,1
0.4726,0.5438,0.8064,0.5233,0.3489,0.3407,0.2735,Adyar,morning,apartment,small,0,0,4,2024-01-12,54.01,0
0.0448,1.0,0.8095,0.597,0.699,0.4016,0.6183,T Nagar,morning,independent,medium,0,0,1,2024-05-28,29.65,1
0.0081,0.4062,0.8532,0.5363,0.1564,0.2038,0.2823,Porur,morning,apartment,small,0,0,4,2024-05-03,0.0,1
0.2763,0.648,0.5765,0.5842,0.5461,0.2944,0.8233,Velachery,morning,apartment,large,0,0,3,2024-01-18,57.81,0
0.0017,0.9312,0.831,0.3051,0.3012,0.5231,0.2231,Adyar,afternoon,apartment,small,0,0,1,2024-01-30,21.28,1
0.6135,0.5146,0.7277,0.9486,0.3741,0.1651,0.4174,Velachery,morning,apartment,medium,0,0,0,2024-09-23,57.87,0
0.1778,0.3906,0.0697,0.4827,0.048,0.5725,0.1223,T Nagar,afternoon,independent,small,0,0,1,2024-08-27,42.9,1
0.3487,0.2438,0.876,0.5291,0.373,0.4049,0.3714,Velachery,evening,apartment,medium,1,0,6,2024-07-21,20.87,1
0.1615,0.598,0.6873,0.7239,0.482,0.2573,0.8451,T Nagar,morning,apartment,large,0,0,3,2024-05-02,30.49,1
0.4894,0.6656,0.9154,0.4768,0.5957,0.1742,0.683,Velachery,morning,apartment,medium,0,0,3,2024-08-08,68.75,0
0.8279,0.2933,0.2422,0.9314,0.1203,0.3733,0.2387,Velachery,evening,independent,small,0,0,3,2024-12-26,64.65,0
0.1275,0.4263,0.367,0.6226,0.4156,0.157,0.1854,Adyar,morning,apartment,small,0,0,3,2024-07-11,30.24,1
0.0103,0.0682,0.6335,0.8829,0.3188,0.2068,0.7817,Anna Nagar,morning,apartment,large,0,0,4,2024-07-12,0.0,1
0.3968,0.0881,0.2934,0.7592,0.2485,0.5618,0.2043,Porur,afternoon,apartment,small,0,0,2,2024-02-14,26.76,1
0.1551,0.5696,0.3676,0.6313,0.3624,0.1908,0.2042,T Nagar,morning,apartment,small,0,0,4,2024-04-05,35.93,1
0.3229,0.3082,0.535,0.8957,0.2217,0.1886,0.2053,Adyar,morning,apartment,small,0,0,3,2024-05-23,21.53,1
0.3714,0.1071,0.4022,0.4888,0.3434,0.3924,0.279,Adyar,evening,apartment,small,0,0,1,2024-06-04,32.26,1
0.0123,0.8169,0.6577,0.881,0.342,0.3009,0.7362,Anna Nagar,evening,apartment,large,0,0,1,2024-02-27,11.95,1
0.0551,0.2641,0.5502,0.584,0.197,0.5263,0.2135,Anna Nagar,afternoon,apartment,small,0,0,1,2024-04-16,11.25,1
0.0823,0.6616,0.6761,0.6646,0.1659,0.3328,0.4869,Anna Nagar,morning,independent,medium,0,0,0,2024-07-15,16.64,1
0.0046,0.562,0.5,0.6857,0.1831,0.5332,0.8422,Anna Nagar,afternoon,independent,large,0,0,2,2024-05-01,18.26,1
0.0702,0.8922,0.7036,0.9261,0.7043,0.5772,0.1632,Velachery,afternoon,independent,small,1,0,6,2024-11-17,27.0,1
0.2596,0.8571,0.731,0.1128,0.8639,0.2839,0.1671,T Nagar,morning,apartment,small,0,0,3,2024-09-05,69.42,0
0.1102,0.9272,0.4368,0.8648,0.0721,0.2045,0.1342,T Nagar,morning,independent,small,0,0,2,2024-08-07,28.04,1
0.607,0.7389,0.6503,0.5667,0.2538,0.4073,0.7451,T Nagar,evening,independent,large,0,0,3,2024-05-23,93.72,0
0.1656,0.4428,0.3109,0.7331,0.2337,0.5255,0.1489,T Nagar,afternoon,apartment,small,1,0,5,2024-01-20,30.95,1
0.0598,0.4136,0.9139,0.7161,0.7241,0.2767,0.4279,T Nagar,morning,apartment,medium,1,0,5,2024-10-05,4.11,1
0.3244,0.3296,0.6555,0.8837,0.5863,0.5226,0.505,Anna Nagar,afternoon,independent,medium,1,0,6,2024-05-12,27.21,1
0.1135,0.8694,0.8966,0.3985,0.6644,0.5811,0.5116,T Nagar,afternoon,independent,medium,0,0,0,2024-11-25,38.21,1
0.4432,0.3212,0.5491,0.621,0.2459,0.5225,0.7889,Adyar,afternoon,independent,large,0,0,4,2024-03-15,46.46,1
0.2371,0.3389,0.5289,0.9107,0.2481,0.5268,0.4679,Adyar,afternoon,apartment,medium,0,0,1,2024-10-22,24.68,1
0.1526,0.3088,0.177,0.8572,0.5194,0.5742,0.568,Anna Nagar,afternoon,independent,medium,1,0,6,2024-03-10,36.22,1
0.1264,0.2079,0.6748,0.7948,0.5207,0.209,0.1736,Adyar,morning,independent,small,1,0,5,2024-10-26,5.87,1
0.506,0.4065,0.4889,0.9339,0.8246,0.226,0.7701,Porur,morning,apartment,large,1,0,6,2024-04-07,56.28,0
0.0475,0.1815,0.2611,0.6357,0.0713,0.35,0.6684,Anna Nagar,evening,independent,medium,0,0,0,2024-08-05,17.1,1
0.4821,0.2753,0.3722,0.8604,0.4083,0.29,0.651,T Nagar,evening,independent,large,1,0,5,2024-02-10,42.35,1
0.2503,0.2689,0.5723,0.4474,0.4686,0.5356,0.5542,Anna Nagar,afternoon,independent,medium,0,0,1,2024-06-18,33.72,1
0.6101,0.3959,0.6101,0.7747,0.4459,0.2435,0.7202,Velachery,morning,independent,large,0,0,3,2024-12-19,59.66,0
0.1375,0.394,0.4175,0.5066,0.7468,0.2443,0.7281,Porur,morning,independent,large,0,0,4,2024-05-03,41.14,1
0.3982,0.2682,0.5447,0.5398,0.7065,0.436,0.5644,Anna Nagar,evening,apartment,medium,0,0,1,2024-06-04,44.77,1
0.0577,0.5604,0.3565,0.3397,0.4238,0.4969,0.7531,Adyar,afternoon,independent,large,0,0,1,2024-04-02,45.08,1
0.4466,0.7351,0.7008,0.89,0.1734,0.2382,0.6048,Adyar,morning,independent,medium,0,0,3,2024-08-15,60.0,0
0.1112,0.6736,0.43,0.3557,0.5408,0.4826,0.4885,Adyar,afternoon,independent,medium,0,0,3,2024-09-12,50.8,0
0.1785,1.0,0.8416,0.6178,0.5155,0.5588,0.2005,T Nagar,afternoon,independent,small,0,0,4,2024-03-15,44.75,1
0.0901,0.5005,0.2872,0.6923,0.4854,0.5355,0.6949,Porur,afternoon,apartment,large,0,0,2,2024-05-15,39.78,1
0.1285,0.1981,0.7942,0.8763,0.2763,0.2741,0.2009,Velachery,morning,apartment,small,1,0,6,2024-11-10,0.0,1
0.3276,0.4494,0.7766,0.9578,0.7262,0.2066,0.4443,Velachery,morning,independent,medium,1,0,6,2024-08-18,29.8,1
0.461,0.6158,0.5464,0.6716,0.5943,0.2385,0.4705,Adyar,morning,independent,medium,0,0,0,2024-12-23,70.79,0
0.4537,0.3967,0.7466,0.6718,0.4528,0.4938,0.2002,Porur,afternoon,apartment,small,0,0,3,2024-10-17,40.14,1
0.1394,0.7414,0.4772,0.8039,0.3661,0.1407,0.5458,Anna Nagar,morning,independent,medium,0,0,3,2024-03-21,32.28,0
0.5707,0.2937,0.7463,0.7599,0.9637,0.2369,0.242,Velachery,morning,apartment,medium,0,0,0,2024-07-08,46.26,1
0.251,0.4615,0.4984,0.4249,0.47,0.372,0.5753,T Nagar,evening,independent,medium,0,0,0,2024-01-01,47.37,1
0.0894,0.2673,0.4307,0.6555,0.359,0.2606,0.2173,Adyar,morning,independent,small,1,0,5,2024-02-10,17.48,1
0.2725,0.3095,0.3086,0.7373,0.4938,0.1946,0.7309,Velachery,morning,apartment,large,1,0,6,2024-06-09,41.42,1
0.406,0.513,0.2892,0.8564,0.4246,0.296,0.4741,Anna Nagar,morning,independent,medium,0,0,0,2024-04-29,57.85,0
0.0729,0.0325,0.7075,0.9329,0.4127,0.2165,0.5211,Porur,morning,apartment,medium,1,0,6,2024-06-09,0.0,1
0.0581,0.1324,0.5186,0.9082,0.2451,0.5999,0.6847,Anna Nagar,afternoon,apartment,large,1,0,6,2024-06-16,5.13,1
0.2587,0.5263,0.6887,0.259,0.3682,0.2116,0.5327,T Nagar,morning,apartment,medium,0,0,1,2024-02-06,43.14,1
0.2241,0.2323,0.4544,0.8256,0.4008,0.4286,0.9067,Porur,afternoon,apartment,large,0,0,4,2024-08-30,26.87,1
0.274,0.1856,0.9455,0.879,0.703,0.4621,0.7907,Anna Nagar,afternoon,apartment,large,0,0,1,2024-10-01,8.06,1
0.2947,0.2231,0.6152,0.8195,0.5109,0.2522,0.1294,Porur,evening,independent,small,0,0,1,2024-08-27,16.91,1
0.6548,0.5886,0.947,0.8817,0.5941,0.5281,0.7396,Velachery,afternoon,independent,large,0,0,4,2024-07-05,73.0,0
0.2482,0.5015,0.6687,0.4349,0.5636,0.3008,0.4526,Porur,morning,apartment,medium,0,0,2,2024-08-14,40.49,0
0.2536,1.0,0.7076,0.4905,0.2254,0.5211,0.4646,Velachery,afternoon,apartment,medium,0,0,2,2024-05-22,64.95,1
0.2451,0.1206,0.6262,0.6437,0.4129,0.1798,0.8308,T Nagar,morning,apartment,large,1,0,6,2024-07-07,14.92,1
0.1573,0.5036,0.7378,0.3771,0.2924,0.1982,0.1965,Porur,morning,apartment,small,0,0,2,2024-05-22,22.53,1
0.558,0.7875,0.5901,0.9102,0.1927,0.5702,0.7871,Velachery,afternoon,apartment,large,0,0,1,2024-01-09,90.18,0
0.1391,0.7328,0.2699,0.868,0.7347,0.1568,0.145,T Nagar,morning,independent,small,0,0,4,2024-02-09,46.35,1
0.2216,0.0315,0.7309,0.6221,0.5686,0.3264,0.7189,Anna Nagar,morning,independent,large,0,0,1,2024-06-11,9.6,1
0.0892,0.2222,0.8478,0.5336,0.4805,0.4605,0.1541,Porur,afternoon,apartment,small,0,0,3,2024-04-11,5.6,1
0.4531,0.4824,0.4997,0.3368,0.2922,0.4273,0.1368,Velachery,evening,apartment,small,0,0,2,2024-03-06,64.75,0
0.6831,0.6808,0.8911,0.6086,0.486,0.6038,0.7738,Velachery,afternoon,independent,large,0,0,0,2024-10-21,95.17,0
0.0693,0.2611,0.2838,0.6845,0.4981,0.527,0.5931,Anna Nagar,afternoon,independent,medium,1,0,5,2024-08-31,28.23,1
0.0212,0.2852,0.6094,0.6586,0.4717,0.4751,0.8389,Anna Nagar,afternoon,apartment,large,0,0,2,2024-04-10,15.15,1
0.191,0.7164,0.8692,0.7628,0.5363,0.3415,0.3785,Porur,evening,apartment,medium,0,0,1,2024-04-09,27.27,1
0.2791,0.2825,0.9183,0.8895,0.6689,0.3254,0.78,Porur,evening,independent,large,1,0,6,2024-02-25,11.38,1
0.1789,0.5197,0.6092,0.7384,0.4792,0.5697,0.2892,Adyar,afternoon,independent,small,0,0,1,2024-03-26,32.98,1
0.133,0.4675,1.0,0.8106,0.7931,0.4319,0.2724,Adyar,afternoon,independent,small,1,0,5,2024-02-03,8.67,1
0.1217,0.7122,0.6132,0.8147,0.0688,0.2414,0.2593,Velachery,morning,independent,small,0,0,4,2024-02-23,21.13,1
0.2493,0.5088,0.9143,0.9124,0.2499,0.1606,0.1821,Velachery,morning,independent,small,0,0,0,2024-10-21,13.08,1
0.0026,0.7783,0.6536,0.7907,0.1257,0.2405,0.3783,T Nagar,morning,independent,medium,0,0,1,2024-04-23,6.45,1
0.1891,0.3416,0.5491,0.6558,0.5443,0.3311,0.533,T Nagar,morning,apartment,medium,0,0,3,2024-10-17,29.42,1
0.0278,0.4629,0.77,0.6798,0.2308,0.3332,0.3403,Porur,evening,apartment,medium,0,0,2,2024-03-27,2.92,1
0.0426,0.0903,0.8123,0.519,0.4055,0.526,0.4271,Porur,afternoon,independent,medium,1,0,5,2024-01-20,1.94,1
0.2839,0.303,0.8744,0.6583,0.4688,0.5564,0.7527,Porur,afternoon,apartment,large,0,0,0,2024-07-01,22.29,1
0.0764,0.3061,0.8883,0.5573,0.0806,0.2634,0.2085,Porur,morning,apartment,small,0,0,1,2024-08-06,0.0,1
0.0122,0.4926,0.2624,0.9202,0.1242,0.4909,0.1981,Adyar,afternoon,independent,small,0,0,1,2024-02-27,16.95,1
0.0417,0.7548,0.6479,0.8332,0.7713,0.5651,0.4963,Anna Nagar,afternoon,independent,medium,0,0,4,2024-09-27,25.56,1
0.4289,0.8542,0.7037,0.5845,0.5094,0.4054,0.7449,Anna Nagar,afternoon,apartment,large,0,0,0,2024-11-04,80.66,0
0.2612,0.8125,0.5857,0.7701,0.9047,0.2029,0.1824,Anna Nagar,morning,apartment,small,0,0,3,2024-01-11,55.8,0
0.5489,1.0,0.89,0.7077,0.2966,0.4746,0.7697,Velachery,afternoon,independent,large,0,0,3,2024-09-12,100.0,0
0.0586,0.6925,0.1097,0.7902,0.3753,0.1993,0.8514,T Nagar,morning,apartment,large,1,0,6,2024-06-23,40.07,1
0.3176,0.5174,0.5564,0.9169,0.2192,0.2037,0.2067,Adyar,morning,independent,small,1,0,5,2024-04-20,31.03,1
0.4426,0.2515,0.6971,0.6609,0.499,0.1972,0.1286,Porur,morning,independent,small,0,0,2,2024-11-27,26.46,1
0.433,0.3903,0.0213,0.8272,0.3725,0.1673,0.5656,Porur,morning,apartment,medium,0,0,3,2024-05-02,61.4,0
0.0085,0.6043,0.5915,0.7555,0.4874,0.6374,0.173,T Nagar,afternoon,apartment,small,0,0,2,2024-02-21,17.77,1
0.3607,0.3136,0.9006,0.4313,0.209,0.4757,0.2191,Velachery,afternoon,apartment,small,1,0,5,2024-07-20,24.93,1
0.5882,0.4165,0.9465,0.8488,0.3095,0.5349,0.2843,Velachery,afternoon,independent,small,1,0,5,2024-05-04,40.5,1
0.3482,0.5133,0.2758,0.8256,0.083,0.3889,0.6175,Porur,evening,independent,medium,0,0,4,2024-02-23,49.17,1
0.0308,0.4853,0.6233,0.739,0.3711,0.1653,0.1869,Velachery,morning,independent,small,1,0,6,2024-07-07,8.9,1
0.216,0.2683,0.5154,0.6333,0.6965,0.2184,0.153,Porur,morning,apartment,small,0,0,3,2024-02-22,27.36,1
0.2791,1.0,0.5118,0.7582,0.2137,0.433,0.7844,Anna Nagar,afternoon,independent,large,0,0,4,2024-04-12,66.68,0
0.3928,0.5411,0.5386,0.8342,0.5373,0.4506,0.4056,Velachery,afternoon,apartment,medium,1,0,6,2024-01-21,55.21,1
0.2693,0.685,0.8917,0.7786,0.2685,0.4411,0.2327,Adyar,afternoon,apartment,small,1,0,5,2024-12-28,30.18,1
0.2409,0.9297,0.1949,0.8883,0.3482,0.5055,0.1454,Adyar,afternoon,apartment,small,0,0,2,2024-03-13,68.45,0
0.1003,0.5212,0.4224,0.7725,0.1983,0.2648,0.5333,T Nagar,morning,apartment,medium,0,0,2,2024-07-03,23.28,1
0.1012,0.839,0.4762,0.5687,0.7589,0.2564,0.4464,Adyar,morning,apartment,medium,0,0,2,2024-05-01,48.7,1
0.0096,0.7325,0.2685,0.6752,0.1822,0.2533,0.7913,Adyar,morning,apartment,large,0,0,2,2024-01-03,30.26,1
0.1053,0.2509,0.4889,0.9572,0.2604,0.4558,0.2265,Anna Nagar,evening,independent,small,0,0,3,2024-03-07,7.28,1
0.3179,0.8554,0.8335,0.3403,0.778,0.5797,0.7538,Adyar,afternoon,apartment,large,1,0,5,2024-12-21,73.86,0
0.0039,0.2669,0.4671,0.8531,0.2162,0.4909,0.1552,Porur,afternoon,apartment,small,1,0,5,2024-07-27,3.34,1
0.19,0.3315,0.4613,0.6098,0.1148,0.35,0.397,Anna Nagar,morning,independent,medium,0,0,1,2024-10-01,22.35,1
0.0912,0.5419,0.4008,0.9568,0.3416,0.3502,0.8413,Velachery,evening,apartment,large,0,0,3,2024-02-22,28.82,1
0.4243,0.5532,0.6248,0.958,0.2267,0.2126,0.7379,Anna Nagar,morning,independent,large,0,0,4,2024-05-17,43.23,1
0.3769,0.3735,0.3519,0.203,0.3301,0.5327,0.497,Velachery,evening,apartment,medium,1,0,6,2024-10-20,63.16,0
0.0696,0.6088,0.2805,0.5166,0.4849,0.5373,0.2305,T Nagar,afternoon,apartment,small,0,0,2,2024-02-07,42.71,1
0.106,0.3997,0.6644,0.8047,0.4406,0.5005,0.4145,Porur,afternoon,apartment,medium,0,0,4,2024-01-19,15.33,1
0.4743,0.4891,0.5208,0.5782,0.396,0.4036,0.5025,Adyar,evening,apartment,medium,1,0,5,2024-04-06,61.88,0
0.7355,0.1455,0.4097,0.8635,0.3967,0.4129,0.7414,Velachery,evening,independent,large,0,0,2,2024-03-13,47.32,1
0.4903,0.7526,0.4085,0.7656,0.4397,0.1722,0.2049,Adyar,morning,independent,small,0,0,2,2024-07-31,82.9,0
0.4729,0.1652,0.598,0.6299,0.091,0.2628,0.2017,Porur,morning,apartment,small,1,0,6,2024-10-06,17.98,1
0.0117,0.2799,0.875,0.2148,0.08,0.4547,0.843,Anna Nagar,evening,apartment,large,1,0,6,2024-06-23,6.12,1
0.107,0.6506,0.7636,0.3474,0.66,0.138,0.1282,T Nagar,morning,apartment,small,0,0,3,2024-04-04,28.17,1
0.2622,0.4885,0.5079,0.5509,0.5804,0.3069,0.4875,T Nagar,morning,apartment,medium,0,0,1,2024-02-20,46.86,1
0.2837,0.2795,0.6566,0.5804,0.5549,0.1887,0.8745,Porur,morning,independent,large,0,0,1,2024-05-28,29.76,1
0.0426,0.3172,0.7403,0.629,0.3204,0.4026,0.8465,Adyar,evening,independent,large,0,0,1,2024-12-31,12.03,1
0.1714,0.6006,0.7821,0.8407,0.5533,0.4177,0.1777,T Nagar,afternoon,independent,small,0,0,1,2024-03-26,22.55,1
0.1471,0.3106,0.7511,0.8935,0.5891,0.3395,0.1759,T Nagar,evening,independent,small,0,0,1,2024-09-17,8.49,1
0.0481,0.1409,0.5786,0.7772,0.7142,0.398,0.2247,Anna Nagar,evening,apartment,small,0,0,3,2024-10-17,10.22,1
0.0209,0.3339,0.4584,0.962,0.6004,0.2038,0.847,Porur,morning,independent,large,1,0,6,2024-08-25,13.19,1
0.0944,0.7772,0.7069,0.5728,0.3175,0.4708,0.6076,Anna Nagar,afternoon,apartment,medium,0,0,3,2024-06-20,28.25,1
0.0357,0.4703,0.2109,0.6908,0.2261,0.2559,0.4808,Velachery,morning,apartment,medium,0,0,0,2024-08-19,29.2,1
0.4059,0.348,0.5655,0.8677,0.1831,0.5104,0.4942,Porur,evening,independent,medium,0,0,4,2024-08-02,33.05,1
0.1238,0.3847,0.6342,0.7168,0.2441,0.3374,0.6238,Adyar,evening,apartment,medium,1,0,6,2024-08-25,15.94,1
0.0438,0.8274,0.7546,0.6738,0.5413,0.577,0.5889,Adyar,afternoon,apartment,medium,0,0,1,2024-04-16,26.75,1
0.195,0.5307,0.8957,0.8883,0.216,0.3104,0.7959,Velachery,evening,independent,large,0,0,2,2024-07-17,16.96,1
0.4841,0.8135,0.2867,0.7196,0.071,0.5219,0.7227,Porur,afternoon,independent,large,0,0,0,2024-04-15,91.68,0
0.1753,0.4937,0.9852,0.7657,0.4116,0.3649,0.8142,Porur,evening,independent,large,0,0,0,2024-04-22,13.04,1
0.057,0.2419,0.773,0.7099,0.5015,0.4851,0.1921,Porur,evening,independent,small,1,0,5,2024-01-20,2.38,1
0.0055,0.7255,0.1446,0.6599,0.1822,0.5758,0.1612,Anna Nagar,afternoon,independent,small,0,0,4,2024-12-13,30.89,1
0.5555,0.4502,0.7353,0.8488,0.7373,0.4441,0.2865,Adyar,evening,independent,small,0,0,3,2024-05-23,56.25,0
0.0705,0.117,0.7438,0.7186,0.1734,0.54,0.2248,Porur,afternoon,independent,small,1,0,5,2024-01-27,0.0,1
0.2425,0.6357,0.225,0.7264,0.2868,0.5421,0.8233,Porur,afternoon,apartment,large,0,0,0,2024-06-10,58.73,0
0.1713,0.1705,0.222,0.3673,0.4928,0.308,0.4967,Anna Nagar,morning,apartment,medium,0,0,2,2024-08-07,38.93,1
0.5465,0.7938,0.9118,0.858,0.2418,0.558,0.6859,Porur,afternoon,apartment,large,0,0,3,2024-06-20,74.13,0
0.0123,0.3987,0.1304,0.6199,0.311,0.545,0.7271,T Nagar,afternoon,apartment,large,0,0,3,2024-08-01,36.09,1
0.1793,0.3459,0.8822,0.964,0.6503,0.2506,0.1956,Porur,morning,apartment,small,0,0,3,2024-12-19,3.47,1
0.0729,0.8783,0.6945,0.2815,0.6471,0.2479,0.7679,Anna Nagar,morning,independent,large,0,0,0,2024-03-18,40.24,1
0.3783,1.0,0.8523,0.3166,0.377,0.5472,0.5233,T Nagar,afternoon,apartment,medium,0,0,0,2024-06-24,83.92,1
0.5451,0.1326,0.8512,0.4918,0.1749,0.2183,0.5675,Adyar,morning,apartment,medium,1,0,5,2024-02-17,18.14,1
0.2375,0.2056,0.8204,0.6071,0.4934,0.3495,0.8741,Adyar,morning,apartment,large,1,0,5,2024-04-13,17.0,1
0.0294,0.5422,0.6204,0.6744,0.1325,0.3353,0.1856,Anna Nagar,evening,independent,small,0,0,3,2024-03-28,6.87,1
0.1008,0.2851,0.762,0.8589,0.1524,0.5773,0.7873,Anna Nagar,afternoon,independent,large,0,0,4,2024-02-23,4.1,1
0.0047,0.4808,0.6901,0.6203,0.1272,0.5187,0.5555,Anna Nagar,afternoon,apartment,medium,1,0,6,2024-07-14,5.62,1
0.0438,0.7341,0.8543,0.3363,0.2803,0.6374,0.5138,Anna Nagar,afternoon,independent,medium,0,0,1,2024-08-27,21.53,1
0.2043,0.1902,0.7714,0.7467,0.3784,0.2867,0.5816,Porur,morning,independent,medium,0,0,1,2024-12-17,7.6,1
0.1714,0.3072,0.4763,0.5423,0.6979,0.4945,0.6173,Velachery,afternoon,apartment,medium,0,0,3,2024-01-18,41.63,1
0.2839,0.2962,0.8048,0.2874,0.561,0.2212,0.2101,Anna Nagar,morning,apartment,small,0,0,1,2024-01-02,25.73,1
0.0958,0.2928,0.787,0.4912,0.5044,0.4011,0.596,Porur,evening,independent,medium,1,0,5,2024-09-07,13.2,1
0.5335,0.4904,0.7917,0.7427,0.1683,0.5732,0.2164,Velachery,afternoon,independent,small,1,0,6,2024-01-28,49.45,1
0.6483,0.4155,0.8375,0.5787,0.2839,0.1763,0.4379,Velachery,morning,independent,medium,0,0,3,2024-02-22,54.13,0
0.3611,0.4095,0.4257,0.7,0.6607,0.4339,0.8129,Velachery,afternoon,apartment,large,0,0,0,2024-01-22,59.14,0
0.155,0.5007,0.5989,0.7046,0.1876,0.5026,0.4163,Anna Nagar,afternoon,independent,medium,1,0,6,2024-10-06,20.84,1
0.6917,0.7867,0.3575,0.7166,0.7002,0.2367,0.5351,T Nagar,morning,independent,medium,0,0,3,2024-07-04,100.0,0
0.1101,0.4176,0.3664,0.7425,0.8573,0.2235,0.5032,Porur,morning,independent,medium,0,0,3,2024-06-20,36.64,1
0.2268,0.7549,0.6256,0.5882,0.1816,0.1942,0.1664,T Nagar,morning,apartment,small,0,0,3,2024-08-08,39.01,1
0.3187,0.3153,0.4129,0.7372,0.4608,0.3878,0.2238,Porur,morning,apartment,small,1,0,6,2024-10-27,34.42,1
0.4234,0.4337,0.6554,0.5401,0.3525,0.1727,0.8159,Anna Nagar,morning,apartment,large,1,0,5,2024-08-10,43.89,0
0.8863,1.0,0.099,0.694,0.4612,0.481,0.638,Velachery,afternoon,apartment,medium,0,0,1,2024-06-25,100.0,0
0.3664,0.5321,0.5608,0.7183,0.4176,0.3243,0.5222,Velachery,evening,apartment,medium,0,0,1,2024-02-06,52.67,1
0.226,0.6069,0.6105,0.2824,0.4577,0.4792,0.7084,Anna Nagar,afternoon,independent,large,0,0,4,2024-02-09,51.62,0
0.2753,0.4664,0.8139,0.5522,0.8013,0.6254,0.5056,Adyar,afternoon,apartment,medium,1,0,5,2024-06-01,40.84,1
0.3063,0.2763,0.2053,0.9464,0.5477,0.409,0.3936,Adyar,evening,apartment,medium,0,0,1,2024-05-14,42.78,1
0.4107,0.237,0.5151,0.5172,0.7578,0.2946,0.1604,Velachery,morning,independent,small,0,0,2,2024-11-13,45.48,1
0.0152,0.5246,0.8473,0.6867,0.4701,0.531,0.7685,Anna Nagar,afternoon,independent,large,0,0,3,2024-05-30,8.91,1
0.8581,0.1567,0.4231,0.4321,0.326,0.5446,0.3731,Velachery,afternoon,independent,medium,0,0,2,2024-06-26,61.53,0
0.1291,0.5184,0.3149,0.4365,0.2381,0.3851,0.4671,T Nagar,evening,apartment,medium,0,0,2,2024-06-12,40.48,1
0.3182,0.1424,0.5373,0.5457,0.3049,0.242,0.2196,Adyar,morning,independent,small,0,0,2,2024-04-24,22.18,1
0.3108,0.6563,0.7709,0.9672,0.2748,0.1853,0.8765,Velachery,morning,apartment,large,0,0,1,2024-03-26,38.45,1
0.3767,0.8485,0.4305,0.9604,0.1992,0.4092,0.7885,T Nagar,evening,independent,large,0,0,3,2024-05-09,71.02,0
0.2551,0.425,0.268,0.9154,0.5237,0.5086,0.7605,Adyar,afternoon,apartment,large,1,0,6,2024-07-07,47.57,1
0.1756,0.6737,0.6327,0.1926,0.0576,0.4012,0.244,Porur,evening,independent,small,0,0,0,2024-06-17,39.0,0
0.1746,0.686,0.9544,0.7283,0.8179,0.5217,0.4463,T Nagar,afternoon,apartment,medium,0,0,2,2024-03-20,29.11,1
0.0915,0.4406,0.7549,0.3654,0.0263,0.3333,0.1793,Anna Nagar,morning,independent,small,1,0,6,2024-04-07,8.64,1
0.2609,0.2891,0.5296,0.6894,0.244,0.4575,0.4679,Adyar,evening,apartment,medium,1,0,6,2024-07-28,26.3,1
0.081,0.044,0.4138,0.6287,0.4594,0.5606,0.1584,Anna Nagar,afternoon,apartment,small,0,0,0,2024-07-29,16.24,1
0.1572,0.4179,0.8505,0.8146,0.4118,0.2063,0.2216,Velachery,morning,apartment,small,0,0,2,2024-05-29,9.46,1
0.1314,0.3963,0.7734,0.6357,0.8172,0.6615,0.7995,Anna Nagar,afternoon,apartment,large,0,0,4,2024-01-26,27.51,1
0.0888,0.5419,0.4937,0.9087,0.8091,0.1878,0.6108,Porur,morning,apartment,medium,0,0,3,2024-08-15,27.85,1
0.4614,0.5139,0.1605,0.6425,0.6556,0.1755,0.4885,Porur,morning,apartment,medium,0,0,4,2024-01-19,79.01,0
0.3503,0.4337,0.1773,0.9538,0.3969,0.5017,0.5144,Porur,afternoon,apartment,medium,0,0,0,2024-07-29,53.1,0
0.9204,0.6764,0.8258,0.3707,0.0787,0.7412,0.5609,Velachery,afternoon,independent,medium,0,1,0,2024-01-15,100.0,0
0.178,0.4793,0.6935,0.1428,0.5482,0.558,0.236,T Nagar,afternoon,apartment,small,0,0,1,2024-03-19,41.73,1
0.4211,0.2025,0.8654,0.7586,0.2334,0.2333,0.8852,Adyar,morning,independent,large,1,0,6,2024-03-03,14.84,1
0.484,0.3751,0.9159,0.6373,0.5619,0.3736,0.1621,Adyar,morning,independent,small,1,0,6,2024-05-26,34.43,1
0.2115,0.2991,0.6791,0.7281,0.4682,0.2932,0.525,Anna Nagar,evening,independent,medium,1,0,6,2024-07-14,15.89,1
0.0084,0.4371,0.8723,0.7828,0.1735,0.3477,0.4616,Anna Nagar,evening,independent,medium,0,0,4,2024-09-06,0.0,1
0.0978,0.4321,0.3925,0.5521,0.2255,0.1659,0.4603,T Nagar,morning,independent,medium,0,0,3,2024-01-04,25.56,1
0.158,0.2215,0.5105,0.5447,0.2952,0.5606,0.8328,Anna Nagar,afternoon,apartment,large,0,0,1,2024-03-19,25.67,1
0.0196,0.2288,0.4476,0.7641,0.3238,0.4604,0.6779,Porur,evening,independent,large,1,0,5,2024-03-23,12.6,1
0.0161,0.4692,0.7124,0.3312,0.6761,0.4948,0.1934,Adyar,evening,independent,small,1,1,5,2024-11-02,25.95,1
0.7086,0.8749,0.4612,0.6416,0.1568,0.2547,0.7897,Velachery,morning,independent,large,0,0,3,2024-04-18,100.0,0
0.2306,0.8269,0.3692,0.6249,0.3838,0.1823,0.4199,Porur,morning,independent,medium,0,0,4,2024-11-29,57.6,0
0.099,0.6223,0.1858,0.6901,0.2077,0.5728,0.6655,Velachery,afternoon,apartment,medium,0,0,0,2024-01-29,45.9,1
0.0227,0.665,0.9129,0.9652,0.1915,0.3993,0.1594,Porur,evening,independent,small,0,0,3,2024-03-28,0.0,1
0.1663,0.2713,0.4338,0.8434,0.2574,0.281,0.5131,Anna Nagar,morning,independent,medium,0,0,0,2024-05-13,16.53,1
0.0374,0.1764,0.6341,0.186,0.2026,0.2749,0.2137,Porur,morning,independent,small,1,0,5,2024-02-10,10.61,1
0.3342,0.1754,0.4693,0.5961,0.674,0.1557,0.1902,Porur,morning,independent,small,0,0,3,2024-01-04,30.47,1
0.1476,0.5813,0.7383,0.9036,0.8439,0.5073,0.4578,Velachery,afternoon,apartment,medium,1,0,5,2024-10-12,29.09,1
0.0106,0.1267,0.9532,0.6975,0.1413,0.5155,0.4466,Porur,afternoon,apartment,medium,0,0,1,2024-07-09,0.0,1
0.2401,0.2645,0.9384,0.7457,0.3173,0.6323,0.1507,Porur,afternoon,apartment,small,1,1,6,2024-01-14,8.33,1
0.2386,0.6993,0.2219,0.9124,0.4027,0.2602,0.5292,T Nagar,evening,apartment,medium,0,0,0,2024-02-19,54.48,0
0.2837,0.6643,0.7331,0.7404,0.2937,0.2123,0.1641,T Nagar,evening,apartment,small,0,0,0,2024-11-11,35.19,1
0.0371,0.3662,0.8967,0.5819,0.6909,0.252,0.2072,Anna Nagar,morning,independent,small,0,0,3,2024-05-09,2.72,1
0.0444,0.1718,0.6507,0.5792,0.2241,0.4084,0.7848,Anna Nagar,evening,independent,large,0,0,3,2024-12-26,8.14,1
0.1445,0.5128,0.1578,0.3579,0.3696,0.3413,0.3076,Porur,morning,independent,small,0,0,4,2024-12-06,50.39,0
0.211,0.3372,0.6111,0.4512,0.1663,0.401,0.4143,Adyar,afternoon,apartment,medium,0,0,1,2024-07-23,27.32,1
0.1636,0.7431,0.5533,0.4542,0.5043,0.369,0.8217,Anna Nagar,evening,apartment,large,0,0,0,2024-12-30,49.03,1
0.0816,0.9918,0.7774,0.5707,0.2752,0.4306,0.2933,T Nagar,afternoon,independent,small,0,0,2,2024-07-10,28.06,1
0.6261,0.5553,0.6763,0.3634,0.4341,0.2685,0.1715,T Nagar,morning,apartment,small,0,0,2,2024-05-15,77.77,0
0.4237,0.222,0.5841,0.7255,0.7537,0.2343,0.2228,T Nagar,morning,apartment,small,0,0,4,2024-01-19,33.5,1
0.0078,0.4782,0.7831,0.5395,0.1649,0.5219,0.4955,Porur,afternoon,apartment,medium,0,0,2,2024-05-29,7.23,1
0.127,0.2201,0.5575,0.7097,0.0397,0.3968,0.5518,Porur,evening,independent,medium,1,0,5,2024-06-29,7.48,1
0.3104,0.3971,0.4502,0.8682,0.4612,0.501,0.5488,T Nagar,afternoon,independent,medium,0,0,1,2024-04-23,40.89,1
0.3944,0.2042,0.6782,0.5946,0.1635,0.3258,0.7446,Adyar,evening,apartment,large,0,0,3,2024-08-08,25.8,1
0.801,0.5393,0.6574,0.526,0.2301,0.3202,0.1235,Adyar,evening,independent,small,0,0,0,2024-06-03,87.62,0
0.1633,0.6119,0.6198,0.4219,0.7199,0.3208,0.5597,Adyar,evening,independent,medium,0,0,2,2024-07-31,46.06,1
0.2894,0.3388,0.5655,0.2533,0.1911,0.1715,0.1831,Adyar,morning,apartment,small,0,0,0,2024-10-14,34.97,1
0.2645,0.9193,0.6247,0.8322,0.1686,0.6481,0.8983,Anna Nagar,afternoon,apartment,large,0,0,3,2024-03-14,56.72,0
0.2226,0.167,0.7762,0.2324,0.6289,0.5796,0.2262,Porur,afternoon,independent,small,0,0,3,2024-11-07,25.29,1
0.0048,0.3503,0.5357,0.4239,0.3049,0.3821,0.4907,T Nagar,evening,independent,medium,1,0,6,2024-10-27,16.94,1
0.6023,0.3233,0.4898,0.4606,0.6166,0.1525,0.483,Porur,morning,independent,medium,0,0,1,2024-08-06,61.44,0
0.3232,0.462,0.9331,0.6804,0.674,0.4836,0.6121,Velachery,afternoon,independent,medium,0,0,2,2024-05-15,36.12,1
0.17,0.6086,0.9984,0.7042,0.3572,0.3,0.6244,T Nagar,morning,apartment,medium,1,0,6,2024-10-13,14.2,1
0.201,0.0693,0.776,0.8719,0.1617,0.3459,0.3054,Porur,evening,independent,small,0,0,0,2024-08-26,0.0,1
0.3342,0.7633,0.6813,0.5266,0.219,0.5292,0.1656,Adyar,afternoon,independent,small,1,0,6,2024-07-21,57.2,1
0.1043,0.63,0.5195,0.7698,0.7863,0.6027,0.2292,T Nagar,afternoon,apartment,small,1,0,5,2024-08-03,35.61,1
0.0516,0.3528,0.4242,0.5878,0.4137,0.4963,0.4229,Adyar,afternoon,independent,medium,1,0,5,2024-12-28,25.43,1
0.745,0.3187,0.8969,0.3884,0.6723,0.2114,0.6957,Velachery,morning,independent,medium,0,0,0,2024-04-29,61.01,0
0.3372,0.5862,0.7604,0.9137,0.3322,0.6196,0.7614,Velachery,afternoon,independent,large,1,1,6,2024-04-14,46.44,0
0.1424,0.6293,0.1521,0.613,0.4896,0.2829,0.2913,T Nagar,morning,apartment,small,0,0,4,2024-03-15,51.44,0
0.717,1.0,0.3826,0.6972,0.4052,0.5933,0.7225,Velachery,afternoon,apartment,large,0,0,3,2024-02-29,100.0,0
0.5358,0.2832,0.8169,0.942,0.3976,0.4508,0.5953,Adyar,morning,independent,medium,0,1,0,2024-01-15,34.02,1
0.3238,0.2912,0.6344,0.556,0.3789,0.2613,0.164,Anna Nagar,morning,independent,small,1,0,5,2024-09-28,23.69,1
0.1865,0.4527,0.4989,0.5842,0.3394,0.3564,0.9109,Porur,evening,apartment,large,1,0,6,2024-07-28,34.59,1
0.439,0.0919,0.9464,0.7718,0.4361,0.1982,0.168,Adyar,morning,independent,small,0,0,2,2024-04-24,1.97,1
0.1578,0.1757,0.5479,0.9481,0.269,0.2249,0.7576,Porur,morning,independent,large,1,0,5,2024-04-13,5.62,1
0.1111,0.3807,0.3665,0.6564,0.5994,0.5242,0.1832,Porur,afternoon,independent,small,0,0,3,2024-02-15,33.39,1
0.6865,0.5949,0.4216,0.6443,0.0754,0.5887,0.3018,Adyar,afternoon,independent,small,0,0,3,2024-08-01,90.97,0
0.8127,0.8035,0.4067,0.9442,0.4474,0.5389,0.2559,Velachery,afternoon,independent,small,0,0,1,2024-07-23,100.0,0
0.1047,0.1902,0.4191,0.5853,0.1652,0.5595,0.3461,Adyar,afternoon,independent,medium,1,0,5,2024-06-22,19.06,1
0.1573,0.6012,0.6828,0.8687,0.5729,0.5105,0.2715,Velachery,afternoon,independent,small,1,0,6,2024-01-21,28.06,1
0.0843,0.3463,0.2935,0.3816,0.1497,0.4202,0.2684,Porur,evening,independent,small,0,0,0,2024-09-02,29.3,1
0.4129,0.2178,0.4667,0.6905,0.5086,0.1754,0.4426,Velachery,morning,apartment,medium,0,0,0,2024-04-08,37.56,0
0.0472,0.7533,0.6316,0.5018,0.6717,0.5874,0.4737,T Nagar,afternoon,apartment,medium,0,0,4,2024-01-26,35.34,1
0.1493,0.3738,0.6889,0.6233,0.1619,0.2217,0.1977,Velachery,morning,apartment,small,1,0,6,2024-11-10,12.42,1
0.1466,0.5908,1.0,0.5492,0.5075,0.2432,0.4712,T Nagar,morning,apartment,medium,1,0,6,2024-12-22,14.88,1
0.1164,0.5756,0.2424,0.5498,0.5129,0.239,0.9407,Porur,morning,apartment,large,0,0,1,2024-08-13,48.84,1
0.2551,0.0562,0.3662,0.4027,0.5808,0.2133,0.1878,Porur,morning,independent,small,0,0,2,2024-08-07,28.69,1
0.1606,0.4617,0.2742,0.5351,0.3858,0.6462,0.7965,Porur,afternoon,independent,large,0,0,1,2024-11-05,49.12,1
0.5522,0.5923,0.7484,0.932,0.5418,0.2548,0.5651,Velachery,morning,apartment,medium,1,0,5,2024-10-19,62.47,0
0.2502,0.8964,0.5067,0.8752,0.0483,0.2645,0.7163,Velachery,morning,independent,large,0,0,1,2024-10-01,52.26,0
0.8104,0.8351,0.8694,0.4725,0.1288,0.2692,0.198,Velachery,morning,independent,small,0,0,4,2024-07-12,100.0,0
0.0064,0.7836,0.7129,0.5358,0.164,0.1594,0.2072,T Nagar,morning,apartment,small,0,0,2,2024-11-27,9.33,1
0.1252,1.0,0.8297,0.8732,0.2857,0.6981,0.4544,T Nagar,afternoon,independent,medium,0,0,4,2024-03-08,30.72,1
0.143,0.7748,0.6667,0.3924,0.0598,0.5212,0.6756,T Nagar,afternoon,independent,medium,0,0,1,2024-10-15,38.94,1
0.0085,0.7683,0.2907,0.2698,0.2772,0.4934,0.4652,Anna Nagar,afternoon,independent,medium,0,0,0,2024-03-25,39.73,1
0.5825,0.5237,0.9468,0.6039,0.4212,0.2835,0.4647,Adyar,evening,independent,medium,1,0,6,2024-05-12,54.91,0
0.0524,0.4676,0.3096,0.8639,0.2758,0.5397,0.1232,Anna Nagar,afternoon,independent,small,0,0,2,2024-01-24,19.91,1
0.1435,0.2985,0.7454,0.5643,0.1832,0.3889,0.5125,Anna Nagar,evening,apartment,medium,1,0,6,2024-05-12,9.13,1
0.1188,0.2215,0.3131,0.8236,0.5777,0.3532,0.6737,T Nagar,evening,apartment,medium,1,0,6,2024-07-07,26.96,1
0.0116,0.5886,0.7666,0.5789,0.5363,0.2521,0.7639,Porur,morning,apartment,large,0,0,3,2024-07-04,14.17,1
0.529,0.4094,0.7444,0.7915,0.7906,0.1789,0.2562,Velachery,morning,independent,small,0,0,4,2024-02-23,49.76,1
0.0691,0.3406,0.112,0.458,0.759,0.3591,0.8093,Anna Nagar,evening,apartment,large,0,0,2,2024-10-16,51.51,0
0.0143,0.4457,0.9339,0.8589,0.4586,0.5961,0.2473,Anna Nagar,afternoon,apartment,small,1,0,6,2024-12-15,0.0,1
0.0756,0.5373,0.6628,0.3969,0.7215,0.4179,0.5388,Velachery,afternoon,apartment,medium,1,0,6,2024-09-15,34.0,0
0.0796,0.2857,0.9034,0.3065,0.5592,0.4915,0.3256,Anna Nagar,afternoon,independent,small,1,0,6,2024-10-06,10.5,1
0.1642,0.2769,0.0426,0.3968,0.3445,0.4878,0.8484,Adyar,evening,independent,large,0,0,0,2024-11-11,54.47,0
0.0402,1.0,0.9089,0.6119,0.5006,0.2152,0.7672,T Nagar,morning,apartment,large,0,0,3,2024-11-28,19.71,1
0.7398,0.2879,0.8068,0.5765,0.9001,0.455,0.4512,Adyar,afternoon,independent,medium,0,0,0,2024-11-25,60.06,0
0.6234,0.4348,0.6506,0.6301,0.3554,0.4604,0.5466,Velachery,afternoon,apartment,medium,0,0,4,2024-09-13,66.46,0
0.4598,0.2259,0.8104,0.9319,0.2864,0.4932,0.1913,Porur,afternoon,apartment,small,0,0,3,2024-05-02,14.8,1
0.0704,0.7145,0.7196,0.3452,0.2486,0.4935,0.7488,T Nagar,afternoon,apartment,large,0,0,2,2024-12-11,30.67,1
0.041,0.5425,0.8378,0.8187,0.4348,0.2235,0.4776,T Nagar,morning,apartment,medium,1,0,6,2024-02-11,1.74,1
0.3838,0.0875,0.6821,0.6807,0.1322,0.2699,0.6305,Porur,morning,independent,medium,1,0,5,2024-02-24,8.38,1
0.1973,0.5422,0.5394,0.8526,0.2588,0.2145,0.4543,T Nagar,morning,independent,medium,1,0,5,2024-01-13,24.79,1
0.7537,0.3358,0.3747,0.4505,0.8515,0.5009,0.5223,Adyar,afternoon,apartment,medium,1,0,5,2024-05-25,89.2,0
0.518,0.4351,0.6866,0.1303,0.2303,0.2124,0.8029,Velachery,morning,apartment,large,1,0,6,2024-06-09,63.52,0
0.0334,0.6305,0.5876,0.3925,0.4557,0.3743,0.4344,Adyar,evening,apartment,medium,0,0,3,2024-11-07,29.54,1
0.0797,0.3416,0.7922,0.7827,0.0756,0.4849,0.4195,Adyar,afternoon,independent,medium,1,0,5,2024-11-23,1.01,1
0.1154,0.1673,0.6775,0.8461,0.5508,0.3961,0.823,Adyar,evening,apartment,large,1,0,6,2024-09-22,10.93,1
0.4044,0.2727,0.7994,0.786,0.2791,0.3164,0.4682,Porur,evening,apartment,medium,0,0,3,2024-01-25,19.1,1
0.0592,0.7064,0.6566,0.282,0.4806,0.5877,0.7503,Anna Nagar,afternoon,independent,large,0,0,3,2024-05-09,36.93,1
0.1412,0.3419,0.8028,0.7834,0.4824,0.4486,0.1779,Adyar,evening,apartment,small,0,0,1,2024-12-17,10.86,1
0.0662,0.8253,0.7746,0.9609,0.5039,0.3586,0.4736,T Nagar,evening,independent,medium,0,0,1,2024-02-06,15.77,1
0.12,0.0535,0.2054,0.1149,0.7027,0.2222,0.4699,Porur,morning,independent,medium,0,0,0,2024-03-04,44.21,1
0.1456,0.512,0.4926,0.8738,0.8622,0.5898,0.5159,Adyar,afternoon,apartment,medium,0,0,1,2024-07-30,41.2,1
0.0274,0.9924,0.1978,0.7721,0.8753,0.4822,0.1461,T Nagar,afternoon,independent,small,0,0,2,2024-07-24,51.99,0
0.1543,0.3134,0.8627,0.4366,0.5601,0.5299,0.173,Anna Nagar,afternoon,independent,small,1,0,5,2024-04-06,14.02,1
0.3374,0.7012,0.7366,0.6393,0.7462,0.1553,0.6432,Velachery,morning,independent,medium,1,0,5,2024-04-06,57.88,0
0.4806,0.3682,0.612,0.7589,0.2115,0.2629,0.2297,Velachery,morning,apartment,small,0,0,3,2024-04-04,39.54,1
0.7294,0.9687,0.759,0.4796,0.1832,0.5284,0.2123,Velachery,afternoon,apartment,small,0,0,3,2024-07-11,100.0,0
0.4126,0.1299,0.5591,0.5107,0.7273,0.5009,0.2411,Adyar,afternoon,apartment,small,0,0,2,2024-01-03,37.23,1
0.3318,0.6976,0.2054,0.5911,0.44,0.182,0.8223,Velachery,morning,independent,large,1,0,5,2024-10-26,77.25,0
0.2954,0.5191,0.7302,0.8452,0.8377,0.4561,0.228,Anna Nagar,afternoon,apartment,small,0,0,1,2024-02-06,36.97,1
0.0415,0.7606,0.5857,0.4987,0.5821,0.5506,0.7939,T Nagar,afternoon,independent,large,0,0,1,2024-12-24,37.37,1
0.0914,0.4798,0.3897,0.5563,0.7454,0.549,0.7693,Porur,afternoon,apartment,large,1,0,5,2024-03-30,42.94,1
0.3844,0.2587,0.6227,0.9027,0.3627,0.3144,0.567,Porur,evening,apartment,medium,0,0,2,2024-03-06,23.44,1
0.0569,0.3248,0.8139,0.8338,0.3657,0.5909,0.8726,Anna Nagar,afternoon,apartment,large,0,0,1,2024-07-16,5.39,1
0.1814,0.0479,0.5311,0.5961,0.6158,0.3659,0.3189,Anna Nagar,evening,apartment,medium,0,0,3,2024-12-19,16.9,1
0.3305,1.0,0.8432,0.5186,0.6467,0.5433,0.8779,Adyar,afternoon,independent,large,0,0,3,2024-10-10,80.12,0
0.2145,0.3084,0.4551,0.5044,0.2676,0.3324,0.2203,Porur,evening,apartment,small,0,0,2,2024-11-20,28.23,0
0.272,0.3256,0.6718,0.8023,0.28,0.2791,0.5771,Adyar,morning,apartment,medium,1,0,5,2024-06-08,19.65,1
0.5226,1.0,0.4581,0.8047,0.1499,0.4148,0.582,Velachery,afternoon,independent,medium,0,0,2,2024-03-06,100.0,0
0.0066,0.4805,0.1489,0.9801,0.2654,0.3242,0.2872,Porur,evening,apartment,small,1,0,6,2024-07-07,16.96,1
0.0117,0.3773,0.779,0.833,0.3043,0.5092,0.2832,T Nagar,afternoon,independent,small,1,0,6,2024-07-14,0.0,1
0.0928,0.6011,0.0486,0.7335,0.5675,0.5297,0.2632,Porur,afternoon,independent,small,0,0,4,2024-04-12,50.93,0
0.0181,0.8604,0.1218,0.8815,0.1392,0.3324,0.2762,T Nagar,evening,independent,small,0,0,4,2024-02-09,28.89,1
0.3713,0.3036,0.3289,0.3346,0.4381,0.5304,0.8988,Anna Nagar,afternoon,apartment,large,0,0,0,2024-12-30,58.57,0
0.0682,0.6436,0.5483,0.5877,0.4199,0.2398,0.248,T Nagar,morning,apartment,small,0,0,0,2024-12-30,25.03,1
0.0485,0.1342,0.4827,0.5598,0.4702,0.204,0.3248,Porur,morning,independent,small,0,0,0,2024-10-14,13.96,1
0.0191,0.4545,0.5158,0.4592,0.5653,0.5393,0.8282,T Nagar,afternoon,apartment,large,0,0,3,2024-02-29,32.03,1
0.455,0.5397,0.8946,0.4919,0.5671,0.3217,0.725,Velachery,evening,apartment,large,1,0,6,2024-10-20,55.41,0
0.1156,0.2265,0.3109,0.8807,0.2763,0.1385,0.1939,Anna Nagar,morning,apartment,small,1,0,6,2024-01-07,10.01,1
0.0886,0.4625,0.3892,0.6318,0.3937,0.4315,0.1486,Anna Nagar,evening,independent,small,0,0,0,2024-04-08,26.81,1
0.1499,0.3488,0.7111,0.3477,0.9001,0.5582,0.7739,Adyar,afternoon,independent,large,1,0,5,2024-03-30,38.45,0
0.1371,0.0918,0.9088,0.9393,0.0257,0.3249,0.7966,Anna Nagar,evening,independent,large,1,0,5,2024-05-11,0.0,1
0.2145,0.6757,0.4782,0.7145,0.5154,0.3355,0.2482,Adyar,evening,independent,small,0,0,3,2024-08-01,47.16,1
0.0422,0.2965,0.6843,0.6323,0.4696,0.224,0.5142,Adyar,morning,apartment,medium,0,0,2,2024-08-07,11.23,1
0.2936,0.2175,0.4155,0.3609,0.1479,0.553,0.8072,Adyar,afternoon,apartment,large,0,0,0,2024-01-08,40.73,1
0.1283,0.4515,0.885,0.6782,0.8329,0.2339,0.5185,Adyar,morning,apartment,medium,0,0,3,2024-08-22,18.16,1
0.2092,0.3299,0.507,0.7493,0.466,0.369,0.2579,Velachery,evening,independent,small,1,0,6,2024-11-17,27.35,0
0.2023,0.4524,0.8746,0.5294,0.3454,0.4162,0.4946,Anna Nagar,afternoon,independent,medium,0,0,2,2024-09-11,20.29,1
0.1349,0.6815,0.5948,0.9845,0.3347,0.4565,0.173,Velachery,evening,independent,small,0,0,0,2024-09-02,25.35,0
0.1874,0.3782,0.3832,0.4011,0.1879,0.4756,0.5172,Porur,afternoon,independent,medium,1,0,6,2024-11-10,35.79,1
0.0818,0.5461,0.4819,0.6778,0.5908,0.3981,0.7779,T Nagar,evening,apartment,large,1,0,6,2024-05-05,32.43,1
0.6668,0.0469,0.6873,0.7447,0.4019,0.1477,0.2571,Anna Nagar,morning,apartment,small,1,0,6,2024-05-19,11.15,1
0.0995,0.2277,0.287,0.155,0.7059,0.4195,0.4299,Porur,morning,apartment,medium,1,1,5,2024-11-02,48.63,1
0.4221,0.6664,0.6446,0.6182,0.3277,0.5345,0.7787,Porur,afternoon,apartment,large,0,0,2,2024-12-04,66.79,0
0.2637,0.396,0.5914,0.3711,0.5136,0.2409,0.4145,Porur,morning,independent,medium,0,0,3,2024-07-25,39.11,1
0.5727,0.53,0.526,0.4948,0.2917,0.2352,0.2603,T Nagar,morning,independent,small,0,0,1,2024-11-12,70.56,0
0.3526,0.4978,0.4982,0.8296,0.1064,0.2064,0.4915,Adyar,morning,independent,medium,0,0,3,2024-01-18,39.34,1
0.0313,0.0743,0.8344,0.6211,0.6142,0.4206,0.4043,Anna Nagar,afternoon,apartment,medium,0,0,0,2024-01-22,0.31,1
0.2792,0.3044,0.8038,0.1589,0.7105,0.545,0.5536,Adyar,afternoon,independent,medium,0,0,2,2024-02-28,42.0,1
0.1206,0.7486,0.8671,0.5097,0.231,0.5351,0.7371,Velachery,afternoon,apartment,large,1,0,6,2024-01-21,29.01,1
0.4845,0.2502,0.1207,0.3718,0.4071,0.4915,0.5025,Anna Nagar,afternoon,independent,medium,1,0,5,2024-04-27,62.84,0
0.1737,0.5531,0.766,0.603,0.17,0.2908,0.2122,T Nagar,morning,apartment,small,1,0,5,2024-08-31,17.74,1
0.5389,0.5408,0.5526,0.812,0.4086,0.3575,0.6464,Adyar,evening,independent,medium,0,0,3,2024-03-28,67.83,0
0.4948,0.3522,0.6175,0.6595,0.2704,0.4104,0.7736,Porur,evening,independent,large,0,0,4,2024-01-12,45.4,1
0.1563,0.3609,0.8389,0.4537,0.6731,0.1164,0.7166,Adyar,morning,apartment,large,0,0,4,2024-11-15,22.25,1
0.0958,0.5343,0.3716,0.84,0.2246,0.2683,0.781,Porur,morning,independent,large,0,0,4,2024-08-09,25.3,1
0.0701,0.6639,0.5079,0.6736,0.557,0.2188,0.5962,T Nagar,morning,independent,medium,0,0,2,2024-02-28,30.71,1
0.4383,0.3911,0.4252,0.9214,0.4734,0.3764,0.1838,T Nagar,evening,independent,small,1,0,6,2024-02-04,43.75,1
0.0081,0.6716,0.6853,0.8629,0.748,0.1635,0.5028,Anna Nagar,morning,independent,medium,0,0,4,2024-07-19,11.4,1
0.7782,0.1113,0.6866,0.6485,0.7837,0.3221,0.236,Porur,morning,apartment,small,0,0,1,2024-07-16,36.61,1
0.1522,0.3569,0.8601,0.6343,0.4301,0.3285,0.6079,Porur,morning,apartment,medium,0,0,4,2024-09-13,12.27,1
0.0047,0.0116,0.5379,0.2771,0.6553,0.5746,0.8162,Anna Nagar,afternoon,independent,large,1,0,5,2024-05-04,24.6,1
0.5799,0.7721,0.3897,0.5211,0.3197,0.5245,0.5428,T Nagar,afternoon,apartment,medium,1,0,6,2024-08-04,100.0,0
0.378,0.536,0.489,0.5307,0.5692,0.1414,0.9061,Velachery,morning,independent,large,0,0,0,2024-09-23,65.53,0
0.6589,0.2666,0.4544,0.9816,0.2468,0.3676,0.4206,Adyar,evening,independent,medium,1,0,6,2024-09-08,42.73,0
0.3527,0.3634,0.5521,0.7633,0.2478,0.1707,0.2377,Velachery,morning,apartment,small,1,0,5,2024-01-20,29.83,1
0.275,0.7342,0.0867,0.7017,0.5617,0.2515,0.2593,T Nagar,morning,apartment,small,0,0,2,2024-07-10,73.46,0
0.0177,0.1675,0.5997,0.8152,0.439,0.5533,0.8112,Anna Nagar,afternoon,apartment,large,0,0,2,2024-03-06,9.23,1
0.7932,0.6409,0.6995,0.7834,0.4939,0.5406,0.4604,Velachery,afternoon,apartment,medium,0,0,4,2024-01-12,100.0,0
0.1819,0.2598,0.4969,0.8083,0.6907,0.2192,0.7048,Adyar,morning,apartment,large,1,0,6,2024-08-11,26.3,1
0.3371,0.6981,0.667,0.7125,0.3944,0.1984,0.1867,Velachery,morning,apartment,small,0,0,3,2024-09-12,51.32,0
0.3119,0.5415,0.92,0.7617,0.5341,0.1508,0.4384,Adyar,morning,apartment,medium,0,0,3,2024-05-09,29.16,1
0.0288,0.2257,0.9375,0.662,0.3955,0.2416,0.6714,Porur,morning,apartment,medium,1,0,6,2024-06-23,0.0,1
0.1711,0.6201,0.2074,0.3912,0.4089,0.5199,0.1966,Porur,afternoon,apartment,small,0,0,2,2024-01-03,56.91,0
0.3621,0.1031,0.5682,0.3926,0.6386,0.2081,0.7787,Porur,morning,independent,large,0,0,0,2024-06-03,32.3,1
0.465,0.517,0.5485,0.7844,0.5379,0.1951,0.8233,Velachery,morning,independent,large,0,0,1,2024-09-24,62.78,0
0.3808,0.6811,0.4306,0.4784,0.2715,0.4634,0.5134,T Nagar,afternoon,independent,medium,0,0,1,2024-12-17,71.93,0
0.0044,0.3507,0.668,0.8501,0.2505,0.5249,0.2083,T Nagar,afternoon,independent,small,1,0,6,2024-05-19,0.0,1
0.5104,0.5277,0.8029,0.8861,0.4189,0.5477,0.1684,Porur,afternoon,independent,small,0,0,3,2024-08-29,48.17,1
0.4324,0.4377,0.4813,0.2015,0.5401,0.1916,0.1305,Porur,morning,apartment,small,0,0,2,2024-08-21,61.83,0
0.1721,0.3943,0.7666,0.807,0.3263,0.5642,0.2148,Porur,afternoon,independent,small,0,0,1,2024-07-23,13.13,1
0.6414,0.5255,0.9426,0.9669,0.3013,0.2584,0.2377,Porur,morning,apartment,small,0,0,4,2024-10-18,47.36,1
0.3371,0.0477,0.757,0.5051,0.1713,0.3909,0.157,Adyar,evening,apartment,small,0,0,1,2024-10-15,8.27,0
0.3022,0.6453,0.7047,0.785,0.5223,0.1217,0.4782,T Nagar,morning,apartment,medium,0,0,4,2024-07-12,41.56,1
0.0051,0.5504,0.7616,0.8534,0.4375,0.5621,0.2114,Anna Nagar,afternoon,apartment,small,0,0,4,2024-10-18,3.26,1
0.3292,0.4013,0.4571,0.9065,0.4536,0.3548,0.4235,T Nagar,morning,apartment,medium,0,0,2,2024-07-31,38.17,1
0.8325,0.1755,0.8171,0.1693,0.6265,0.4227,0.4491,Porur,evening,independent,medium,0,0,4,2024-05-17,53.55,0
0.4715,0.347,0.2757,0.8129,0.148,0.2697,0.531,Porur,evening,apartment,medium,0,0,4,2024-02-02,46.4,1
0.5696,0.3269,0.7542,0.6254,0.5954,0.55,0.2272,T Nagar,afternoon,independent,small,1,0,5,2024-01-27,45.69,1
0.2915,0.1862,0.0387,0.8188,0.4788,0.1584,0.5351,Anna Nagar,morning,apartment,medium,0,0,1,2024-07-30,39.88,1
0.4412,0.2113,0.6439,0.6451,0.6215,0.1536,0.3638,Porur,morning,independent,medium,1,0,5,2024-10-12,27.7,1
0.0729,0.1305,0.7404,0.7797,0.2522,0.4184,0.3,Anna Nagar,evening,independent,small,0,0,2,2024-03-20,0.0,1
0.064,0.5687,0.5756,0.7513,0.1284,0.3345,0.2949,Anna Nagar,morning,independent,small,1,0,6,2024-05-05,9.69,1
0.4482,0.6988,0.7679,0.6548,0.3648,0.4189,0.46,Adyar,evening,apartment,medium,0,0,3,2024-12-19,65.09,0
0.0381,0.8824,0.5932,0.7846,0.2876,0.5793,0.5176,T Nagar,afternoon,independent,medium,0,0,2,2024-05-01,24.78,1
0.109,0.23,0.4545,0.2805,0.248,0.3285,0.7821,Adyar,evening,apartment,large,1,0,6,2024-03-31,29.01,1
0.2861,0.3071,0.6971,0.7527,0.034,0.5312,0.3055,Adyar,afternoon,independent,small,0,0,3,2024-11-07,18.42,1
0.2213,0.2863,0.2473,0.4811,0.5369,0.3793,0.7576,Velachery,evening,independent,large,1,0,5,2024-09-07,49.79,1
0.0015,0.7413,0.8438,0.7166,0.4391,0.2684,0.4968,T Nagar,morning,apartment,medium,0,0,2,2024-06-19,6.53,1
0.1955,0.4978,0.8734,0.1494,0.217,0.2455,0.5718,Velachery,morning,apartment,medium,0,0,2,2024-07-24,32.17,1
0.0681,0.6859,0.668,0.7258,0.6035,0.3265,0.2185,T Nagar,evening,apartment,small,1,0,5,2024-05-25,20.15,1
0.096,0.3386,0.0626,0.5356,0.2512,0.3265,0.4687,Anna Nagar,evening,apartment,medium,0,0,4,2024-02-16,37.03,1
0.0778,0.6152,0.3692,0.7054,0.2222,0.343,0.5379,Anna Nagar,morning,independent,medium,0,0,1,2024-03-26,27.44,1
0.4399,0.7956,0.4494,0.8302,0.4282,0.3534,0.7116,Velachery,evening,apartment,large,0,0,3,2024-02-01,84.33,0
0.1408,0.6286,0.8582,0.4858,0.5411,0.2124,0.2044,Adyar,morning,independent,small,0,0,0,2024-04-15,24.52,1
0.0756,0.2052,0.7918,0.8024,0.7683,0.4708,0.7369,Anna Nagar,evening,apartment,large,1,0,5,2024-07-06,7.0,1
0.7143,0.6949,0.9045,0.4375,0.4925,0.1718,0.532,Adyar,morning,apartment,medium,0,0,0,2024-12-16,94.96,0
0.1754,0.5096,0.8026,0.1345,0.5383,0.2637,0.6215,Anna Nagar,morning,independent,medium,0,0,4,2024-10-25,35.36,1
0.8728,0.7089,0.8623,0.6081,0.5758,0.5803,0.5248,Velachery,afternoon,apartment,medium,0,0,0,2024-07-01,100.0,0
0.3518,0.4322,0.9019,0.3204,0.5705,0.2639,0.1528,T Nagar,morning,apartment,small,0,0,1,2024-07-30,35.99,1
0.5653,0.0742,0.7153,0.9101,0.7757,0.3467,0.1912,Porur,evening,apartment,small,0,0,3,2024-12-26,16.95,1
0.0026,0.6723,0.3053,0.8939,0.4063,0.4998,0.7678,Anna Nagar,afternoon,apartment,large,1,0,6,2024-07-07,24.74,1
0.0495,0.9241,0.7048,0.8153,0.4812,0.2694,0.4301,Velachery,morning,independent,medium,0,0,1,2024-05-28,23.39,1
0.633,0.2103,0.6355,0.6807,0.403,0.4285,0.4538,Adyar,evening,apartment,medium,0,0,1,2024-09-24,41.47,1
0.5276,0.7928,0.4271,0.7041,0.7308,0.0619,0.7917,T Nagar,morning,independent,large,0,0,4,2024-05-24,100.0,0
0.6189,0.5864,0.8409,0.6563,0.5073,0.4711,0.2201,Velachery,evening,independent,small,0,0,3,2024-11-14,73.02,0
0.3262,0.9154,0.713,0.6296,0.4484,0.1297,0.1986,T Nagar,morning,apartment,small,0,0,4,2024-01-05,61.2,1
0.4484,0.3184,0.4089,0.5542,0.4317,0.2353,0.4604,Adyar,morning,independent,medium,1,0,5,2024-02-24,49.43,1
0.4335,0.6355,0.697,0.2474,0.101,0.3563,0.1982,Anna Nagar,morning,independent,small,0,0,4,2024-05-03,60.72,0
0.571,0.4867,0.4341,0.8206,0.7434,0.1745,0.1918,T Nagar,morning,apartment,small,1,0,5,2024-01-13,68.25,0
0.7355,0.2536,0.7171,0.8777,0.1378,0.2901,0.321,Adyar,morning,independent,small,0,0,1,2024-03-05,35.92,1
0.1988,0.4309,0.4049,0.7479,0.3268,0.3492,0.2233,Adyar,evening,independent,small,1,0,6,2024-08-18,30.67,1
0.731,0.6347,0.8497,0.6927,0.6331,0.165,0.4406,Velachery,morning,independent,medium,0,0,3,2024-10-10,88.53,0
0.397,0.2108,0.4561,0.6022,0.149,0.2309,0.2024,Velachery,morning,apartment,small,1,0,6,2024-10-13,28.3,1
0.3157,0.5284,0.7685,0.6212,0.4502,0.12,0.7325,Velachery,morning,apartment,large,1,0,5,2024-12-14,38.97,1
0.344,0.4508,0.7549,0.4522,0.2144,0.1889,0.5173,Adyar,morning,independent,medium,0,0,4,2024-12-13,37.04,1
0.229,0.2677,0.7597,0.6791,0.4005,0.555,0.5444,Porur,evening,apartment,medium,0,0,2,2024-07-10,18.53,1
0.7149,0.7203,0.9334,0.598,0.4311,0.4068,0.5848,Velachery,evening,apartment,medium,0,0,0,2024-03-11,96.81,0
0.3439,0.6929,0.5562,0.26,0.4083,0.4046,0.2132,Velachery,evening,independent,small,0,0,4,2024-08-02,71.02,0
0.0014,0.3085,0.7074,0.687,0.4964,0.2303,0.3952,Porur,morning,apartment,medium,0,0,2,2024-07-31,3.83,1
0.0703,0.5998,0.6501,0.2505,0.5797,0.2278,0.183,Adyar,morning,apartment,small,0,0,0,2024-11-25,31.8,1
0.4996,0.1424,0.3727,0.8964,0.3554,0.5308,0.3645,Anna Nagar,afternoon,apartment,medium,0,0,4,2024-05-31,30.79,1
0.108,0.8759,0.477,0.8004,0.4231,0.4544,0.5526,T Nagar,evening,apartment,medium,0,0,3,2024-08-22,40.25,1
0.6528,0.3008,0.7486,0.2149,0.1205,0.289,0.6247,Velachery,morning,independent,medium,1,0,6,2024-09-08,53.33,0
0.2706,0.0755,0.2656,0.844,0.4217,0.1384,0.5207,Porur,morning,independent,medium,1,0,6,2024-09-08,19.76,1
0.1372,0.9436,0.5619,0.3576,0.0957,0.2458,0.2536,Velachery,morning,independent,small,0,0,4,2024-07-05,45.41,0
0.0011,1.0,0.5967,0.8416,0.4992,0.4316,0.7446,T Nagar,afternoon,independent,large,0,0,4,2024-02-16,23.96,1
0.0799,0.1468,0.901,0.6037,0.5242,0.289,0.5486,Anna Nagar,morning,apartment,medium,0,0,0,2024-06-17,0.0,1
0.0119,0.3973,0.8227,0.5336,0.4681,0.426,0.2046,Adyar,evening,apartment,small,0,0,4,2024-04-26,8.06,1
0.0016,0.3866,0.9147,0.4757,0.0591,0.1727,0.5473,Anna Nagar,morning,independent,medium,1,0,6,2024-06-16,0.0,1
0.2295,0.4546,0.4285,0.5669,0.5882,0.2075,0.1937,Anna Nagar,morning,apartment,small,0,0,1,2024-06-11,39.97,1
0.0529,0.048,0.6624,0.4804,0.3075,0.2767,0.1739,Adyar,morning,apartment,small,0,0,1,2024-10-22,5.31,0
0.1974,0.22,0.5769,0.6901,0.0968,0.39,0.4595,Anna Nagar,evening,apartment,medium,1,0,6,2024-09-29,10.32,1
0.5256,0.5266,0.2915,0.7517,0.5448,0.6638,0.1341,Velachery,afternoon,apartment,small,0,0,1,2024-03-19,82.26,0
0.3717,0.5893,0.6209,0.6211,0.4376,0.2644,0.6655,Adyar,morning,apartment,large,0,0,1,2024-12-24,56.38,0
0.1798,0.2153,0.6921,0.7304,0.5105,0.2246,0.1684,Anna Nagar,morning,apartment,small,1,0,5,2024-09-14,6.58,1
0.616,0.2764,0.9808,0.6164,0.4381,0.3715,0.1435,Adyar,evening,apartment,small,1,0,6,2024-05-26,29.86,1
0.0065,0.7026,0.8685,0.8944,0.7143,0.4711,0.8014,Porur,afternoon,independent,large,0,0,1,2024-07-23,9.51,1
0.4056,0.1973,0.6895,0.4652,0.4108,0.1849,0.1977,Anna Nagar,morning,independent,small,0,0,1,2024-03-05,23.5,1
0.2111,0.6414,0.1518,0.4987,0.2575,0.2538,0.1946,Anna Nagar,morning,apartment,small,0,0,3,2024-05-30,53.49,0
0.4981,0.3916,0.8921,0.9279,0.6405,0.1702,0.8199,T Nagar,morning,apartment,large,0,0,3,2024-08-22,34.92,1
0.0515,0.3751,0.4481,0.7289,0.525,0.184,0.3533,Velachery,morning,independent,medium,0,0,3,2024-06-13,22.16,1
0.2482,0.6183,0.4774,0.3916,0.5167,0.2708,0.2213,Velachery,morning,apartment,small,0,0,1,2024-09-10,56.44,0
0.2782,0.4795,0.1607,0.7925,0.3357,0.2551,0.4339,Adyar,evening,apartment,medium,0,0,1,2024-01-23,51.21,0
0.0669,0.3252,0.7566,0.8258,0.7609,0.1759,0.17,Anna Nagar,morning,independent,small,0,0,1,2024-08-06,3.93,1
0.4425,0.6038,0.6581,0.568,0.4907,0.3187,0.2249,Porur,morning,apartment,small,0,0,4,2024-01-26,60.41,0
0.4006,0.6627,0.6586,0.8661,0.2812,0.3316,0.6432,Adyar,evening,independent,medium,0,0,0,2024-04-29,54.86,0
0.6396,0.2299,0.493,0.5747,0.9187,0.3759,0.2743,Anna Nagar,evening,apartment,small,1,0,5,2024-05-11,55.9,0
0.2544,0.2241,0.589,0.4528,0.2434,0.3924,0.432,Porur,evening,apartment,medium,0,0,0,2024-01-29,24.37,1
0.6597,0.2012,0.2722,0.8477,0.6361,0.4495,0.1304,Adyar,afternoon,independent,small,1,0,5,2024-04-06,54.21,0
0.05,0.4752,0.3887,0.7031,0.1336,0.2136,0.2282,T Nagar,morning,independent,small,1,0,5,2024-03-23,14.02,1
0.4085,0.2735,0.7508,0.4757,0.5149,0.2717,0.1852,T Nagar,morning,independent,small,0,0,3,2024-11-07,31.11,0
0.3951,0.4737,0.6769,0.719,0.6322,0.1747,0.3311,T Nagar,morning,apartment,medium,1,0,6,2024-02-25,42.03,1
0.2883,0.7419,0.9559,0.3447,0.5871,0.472,0.2309,Adyar,afternoon,independent,small,0,0,2,2024-08-14,50.7,0
0.1283,0.347,0.8931,0.4303,0.6937,0.2487,0.6554,T Nagar,morning,apartment,medium,1,0,5,2024-09-07,16.29,1
0.0314,0.1924,0.6438,0.3334,0.5062,0.2777,0.567,Porur,morning,apartment,medium,1,0,5,2024-06-22,15.17,1
0.045,0.2215,0.9852,0.6505,0.5271,0.5247,0.1306,Anna Nagar,afternoon,apartment,small,1,0,5,2024-09-07,0.0,1
0.0672,0.6201,0.2868,0.478,0.7211,0.4988,0.7715,Porur,afternoon,independent,large,0,0,4,2024-08-30,51.97,0
0.1048,0.2916,0.7317,0.8859,0.5016,0.5639,0.5887,Porur,afternoon,apartment,medium,1,0,6,2024-09-08,8.37,1
0.0362,0.9838,0.7254,0.8847,0.2363,0.4085,0.5243,Porur,afternoon,apartment,medium,0,0,0,2024-01-01,14.94,1
0.035,0.7942,0.2659,0.5239,0.387,0.1156,0.241,T Nagar,morning,apartment,small,0,0,1,2024-09-24,35.77,1
0.4438,0.1901,1.0,0.7164,0.5296,0.356,0.1192,Porur,evening,independent,small,1,0,6,2024-03-03,7.91,1
0.0649,0.829,1.0,0.7626,0.2625,0.6623,0.4178,Velachery,afternoon,apartment,medium,1,0,5,2024-03-16,12.21,1
0.2748,0.324,0.7133,0.8368,0.4402,0.2904,0.787,Porur,evening,apartment,large,0,0,2,2024-01-31,21.45,1
0.0351,0.5029,0.672,0.7748,0.1472,0.3836,0.5652,Anna Nagar,evening,apartment,medium,0,0,3,2024-08-08,6.06,1
0.3157,0.2569,0.7489,0.9953,0.3185,0.5171,0.84,Porur,afternoon,independent,large,1,0,5,2024-11-30,14.24,1
0.0323,0.6288,0.7237,0.4903,0.4688,0.5983,0.4771,Porur,afternoon,apartment,medium,0,0,1,2024-10-29,22.5,1
0.6785,0.6895,0.7148,0.5173,0.5067,0.2149,0.8087,Velachery,morning,apartment,large,0,0,3,2024-12-26,100.0,0
0.1322,0.3593,0.1598,0.4686,0.1726,0.314,0.4397,Porur,morning,apartment,medium,1,0,5,2024-10-12,34.79,1
0.0199,0.5969,0.2049,0.8178,0.7287,0.3908,0.4003,T Nagar,evening,apartment,medium,1,0,5,2024-02-24,36.48,1
0.143,0.5463,0.7249,0.5372,0.5267,0.3252,0.2452,Anna Nagar,morning,independent,small,0,0,3,2024-02-15,24.65,1
0.2656,0.8313,0.7716,0.899,0.198,0.4806,0.6487,T Nagar,evening,independent,medium,0,0,3,2024-03-14,42.73,0
0.407,0.6538,0.5043,0.7486,0.2384,0.3959,0.2111,Velachery,evening,apartment,small,0,0,0,2024-10-14,61.9,0
0.3365,0.1564,0.891,0.7437,0.703,0.2433,0.8615,T Nagar,morning,independent,large,0,0,4,2024-11-08,14.49,1
0.2086,0.2949,0.7831,0.4967,0.7082,0.1573,0.7634,Anna Nagar,morning,apartment,large,0,0,4,2024-07-26,22.74,1
0.6549,0.8774,0.59,0.5351,0.6282,0.6567,0.7475,Adyar,afternoon,apartment,large,0,0,4,2024-03-08,100.0,0
0.0359,0.4832,0.0997,0.5899,0.3319,0.1969,0.2166,T Nagar,morning,independent,small,1,0,6,2024-04-21,31.65,1
0.3723,0.2307,0.7102,0.8961,0.2651,0.2613,0.5307,Adyar,morning,independent,medium,1,0,5,2024-04-27,15.07,1
0.2766,0.393,0.654,0.8394,0.5831,0.4385,0.7262,Velachery,evening,apartment,large,0,0,4,2024-11-15,35.66,1
0.1209,0.5541,0.5867,0.7878,0.3521,0.559,0.4325,T Nagar,afternoon,apartment,medium,1,0,6,2024-10-20,23.88,1
0.0023,0.5047,0.1999,0.9876,0.5142,0.4711,0.2188,Anna Nagar,afternoon,apartment,small,0,0,2,2024-10-16,23.26,1
0.0825,0.2914,0.4502,0.2623,0.2404,0.2159,0.2277,Porur,morning,apartment,small,0,0,4,2024-05-31,23.32,1
0.3982,0.5534,0.7277,0.8733,0.1494,0.4823,0.2018,T Nagar,afternoon,independent,small,1,0,5,2024-07-20,36.69,1
0.2557,0.2024,0.1747,0.3579,0.406,0.4641,0.2665,Porur,afternoon,independent,small,0,0,0,2024-10-14,45.77,1
0.5324,0.2982,0.7179,0.5892,0.338,0.4267,0.5407,Adyar,evening,apartment,medium,1,0,6,2024-03-10,40.85,1
0.1118,0.0618,0.8606,0.8807,0.4935,0.27,0.2577,Porur,morning,independent,small,0,0,3,2024-06-20,0.0,1
0.0263,0.9162,0.7785,0.6617,0.4966,0.5341,0.2164,T Nagar,afternoon,apartment,small,0,0,3,2024-03-14,19.84,1
0.2833,0.7664,0.6041,0.6617,0.7647,0.2406,0.3663,Velachery,morning,apartment,medium,0,0,1,2024-09-24,61.85,0
0.1043,0.0854,0.6411,0.7155,0.7577,0.4884,0.4514,Porur,afternoon,apartment,medium,0,0,0,2024-07-15,14.24,1
0.1275,0.5171,0.7208,0.8497,0.2603,0.1979,0.7857,Anna Nagar,morning,independent,large,0,0,2,2024-06-05,12.5,0
0.0879,1.0,0.9689,0.5252,0.3808,0.5562,0.8445,T Nagar,afternoon,independent,large,0,0,4,2024-05-31,30.48,1
0.0408,0.1432,0.3214,0.7358,0.3527,0.3511,0.5633,Adyar,evening,independent,medium,1,0,6,2024-03-10,18.08,1
0.3606,0.1642,0.8341,0.8052,0.294,0.3847,0.815,Adyar,evening,apartment,large,0,0,0,2024-04-15,13.56,0
0.2806,0.6114,0.8883,0.7914,0.2083,0.2218,0.4733,Adyar,morning,apartment,medium,1,0,6,2024-07-14,25.21,1
0.4367,0.3742,0.5589,0.9359,0.5674,0.323,0.1805,Adyar,evening,apartment,small,0,0,2,2024-02-14,40.5,1
0.2106,1.0,0.5572,0.7434,0.875,0.5192,0.5937,Porur,afternoon,apartment,medium,0,0,0,2024-08-26,67.89,0
0.2894,0.3394,0.6028,0.8437,0.4617,0.2061,0.2018,Anna Nagar,morning,apartment,small,0,0,1,2024-09-17,21.38,1
0.0807,0.2102,0.543,0.705,0.5669,0.2599,0.6241,Porur,morning,apartment,medium,1,0,5,2024-10-19,14.61,1
0.5352,0.4558,0.5621,0.889,0.4902,0.2948,0.2966,T Nagar,evening,independent,small,0,0,1,2024-12-10,53.93,0
0.1886,0.4273,0.9104,0.7146,0.5924,0.4327,0.7179,Porur,evening,independent,large,0,0,1,2024-07-23,18.56,1
0.0519,0.316,0.3746,0.5152,0.617,0.4774,0.8448,Velachery,afternoon,independent,large,1,0,6,2024-04-28,37.48,1
0.1957,0.3995,0.8889,0.5825,0.7561,0.5416,0.2854,Porur,afternoon,apartment,medium,1,0,6,2024-09-29,20.76,1
0.0885,0.7414,0.2054,0.5785,0.7016,0.4958,0.4615,Anna Nagar,afternoon,apartment,medium,0,0,1,2024-02-13,55.21,0
0.0154,0.7108,0.5207,0.2369,0.2429,0.3961,0.5192,Adyar,evening,independent,medium,0,0,2,2024-02-14,32.64,1
0.3496,0.3488,0.4345,0.6576,0.3564,0.3677,0.4686,Adyar,evening,independent,medium,0,0,4,2024-01-12,43.31,1
0.1285,0.4298,0.4356,0.8265,0.7062,0.5185,0.2259,Porur,afternoon,apartment,small,0,0,4,2024-03-15,31.66,1
0.0212,0.3503,0.6624,0.7058,0.2539,0.2121,0.4318,Porur,morning,independent,medium,0,0,1,2024-08-27,3.1,1
0.1823,0.0242,0.7959,0.5853,0.3447,0.2091,0.4603,Porur,morning,apartment,medium,1,0,6,2024-06-09,0.0,1
0.7407,0.1628,0.6657,0.3594,0.1814,0.4595,0.2261,Adyar,afternoon,independent,small,0,0,4,2024-08-09,42.64,1
0.4575,0.7196,0.581,0.1499,0.5717,0.2646,0.2645,T Nagar,morning,apartment,small,1,0,6,2024-12-22,85.33,0
0.1132,0.6923,0.4243,0.8727,0.4402,0.3166,0.8773,Velachery,evening,independent,large,0,0,1,2024-04-16,39.1,1
0.0906,0.6551,0.3414,0.3595,0.4038,0.3966,0.8352,Anna Nagar,evening,apartment,large,0,0,2,2024-06-26,47.04,1
0.3038,0.3355,0.4017,0.8668,0.1759,0.2023,0.8638,Porur,morning,independent,large,0,0,1,2024-01-02,30.19,1
0.0957,0.5254,0.7393,0.2719,0.5955,0.2757,0.7968,T Nagar,morning,independent,large,1,0,6,2024-08-25,30.42,1
0.894,0.4298,0.6261,0.4245,0.1841,0.0938,0.2028,Velachery,morning,apartment,small,0,0,0,2024-11-25,83.09,0
0.5387,0.3941,0.5894,0.8301,0.3561,0.3973,0.135,Velachery,afternoon,independent,small,0,0,2,2024-09-04,49.08,1
0.2735,0.2804,0.438,0.6506,0.4103,0.247,0.2262,Velachery,morning,apartment,small,0,0,3,2024-01-25,33.08,1
0.1377,0.4836,0.7693,0.5951,0.4554,0.4724,0.2266,T Nagar,afternoon,apartment,small,0,0,2,2024-07-24,20.91,1
0.3411,0.3542,0.851,0.6529,0.4139,0.1835,0.4872,Velachery,morning,independent,medium,0,0,1,2024-11-12,25.92,1
0.1228,0.6066,0.2111,0.2672,0.488,0.5261,0.5297,T Nagar,afternoon,independent,medium,0,0,3,2024-01-25,59.85,0
0.0182,0.519,0.857,0.8858,0.2506,0.2301,0.7123,T Nagar,morning,apartment,large,1,0,5,2024-11-09,0.0,1
0.607,0.3734,0.9231,0.8439,0.1172,0.3057,0.1897,Velachery,morning,apartment,small,1,0,6,2024-03-03,32.0,1
0.2258,0.5509,0.168,0.8999,0.2191,0.3709,0.48,Velachery,evening,independent,medium,0,0,0,2024-12-16,47.51,1
0.0961,0.5316,0.7966,0.6533,0.2151,0.2433,0.1732,T Nagar,morning,apartment,small,1,0,6,2024-02-18,6.78,1
0.3285,0.36,0.713,0.8163,0.4509,0.385,0.1849,Adyar,evening,apartment,small,0,0,4,2024-03-08,26.66,1
0.0294,0.4441,0.5087,0.952,0.6128,0.2081,0.8134,Anna Nagar,morning,independent,large,1,0,6,2024-02-04,13.36,1
0.7855,0.5606,0.6154,0.8906,0.351,0.2318,0.2051,Velachery,morning,apartment,small,0,0,3,2024-04-11,84.46,0
0.1211,0.4023,0.6716,0.7585,0.1683,0.4203,0.1159,Porur,evening,apartment,small,0,0,3,2024-03-28,8.96,1
0.0913,0.1573,0.6043,0.3497,0.1914,0.4268,0.1584,Porur,evening,apartment,small,0,0,1,2024-12-10,12.84,1
0.3552,0.1269,0.5123,0.9089,0.6521,0.6472,0.2135,Porur,afternoon,independent,small,0,0,3,2024-09-19,24.89,1
0.4993,0.3414,0.6909,0.2499,0.1058,0.2502,0.1764,Adyar,evening,independent,small,0,0,2,2024-02-07,44.35,1
0.1244,0.1531,0.4288,0.5981,0.5978,0.2812,0.738,Porur,morning,apartment,large,0,0,0,2024-06-10,26.25,1
0.4996,0.2852,0.3172,0.9686,0.3885,0.3307,0.8756,Anna Nagar,evening,independent,large,1,0,6,2024-11-17,43.99,0
0.0019,0.5556,0.8336,0.7945,0.5364,0.5012,0.4931,T Nagar,afternoon,independent,medium,0,0,3,2024-12-12,6.34,1
0.2011,0.4209,0.2923,0.8694,0.517,0.3801,0.5224,Velachery,evening,independent,medium,0,0,0,2024-04-29,42.44,1
0.018,0.3116,0.3682,0.9765,0.1588,0.2003,0.2743,Porur,morning,apartment,small,0,0,2,2024-05-15,3.45,1
0.1314,0.5909,0.4005,0.7264,0.4775,0.4997,0.6863,T Nagar,afternoon,apartment,large,1,0,5,2024-07-27,39.44,1
0.217,0.2061,0.963,0.722,0.3297,0.1264,0.176,T Nagar,morning,independent,small,0,0,4,2024-05-31,0.0,1
0.3942,0.8142,0.6284,0.9116,0.4669,0.341,0.2181,T Nagar,evening,independent,small,0,0,3,2024-02-22,63.88,0
0.0811,0.255,0.8409,0.6222,0.4469,0.197,0.4057,Adyar,morning,apartment,medium,0,0,3,2024-05-09,4.42,1
0.0418,0.0674,0.7614,0.5684,0.4486,0.3918,0.5716,Anna Nagar,evening,apartment,medium,1,0,6,2024-03-31,1.44,1
0.4288,0.5165,0.8748,0.9388,0.1067,0.1381,0.5283,Adyar,morning,independent,medium,0,0,0,2024-01-29,30.08,1
0.1038,0.4988,0.8602,0.9322,0.3389,0.4853,0.8783,Anna Nagar,afternoon,independent,large,1,0,5,2024-12-21,6.16,1
0.1792,0.4065,0.7403,0.5549,0.0478,0.5794,0.1732,Anna Nagar,afternoon,independent,small,0,0,2,2024-05-08,15.75,1
0.5531,0.3556,0.7293,0.5031,0.6157,0.2569,0.782,Adyar,morning,independent,large,0,0,1,2024-01-16,55.51,1
0.0303,0.2766,0.7817,0.7524,0.2074,0.1517,0.7069,Anna Nagar,morning,independent,large,0,0,3,2024-02-08,0.0,1
0.0958,0.7559,0.5437,0.5983,0.8189,0.3831,0.478,Adyar,afternoon,apartment,medium,1,0,5,2024-10-12,42.83,1
0.2508,0.2919,0.322,0.315,0.1404,0.3219,0.2741,Porur,morning,apartment,small,1,0,6,2024-09-15,35.34,1
0.2446,0.7593,0.9069,0.3048,0.4777,0.1521,0.3976,T Nagar,morning,apartment,medium,0,0,3,2024-03-07,43.36,1
0.0816,0.5984,0.8566,0.7589,0.5027,0.5364,0.5081,Adyar,afternoon,independent,medium,0,0,4,2024-04-05,16.76,1
0.2739,0.7825,0.8492,0.4593,0.4164,0.2673,0.5028,T Nagar,morning,independent,medium,0,0,2,2024-12-25,48.43,1
0.4757,0.177,0.7394,0.9461,0.5348,0.2263,0.2462,Adyar,morning,apartment,small,1,0,5,2024-04-13,15.63,1
0.78,0.5633,0.7836,0.6822,0.5906,0.241,0.7509,Velachery,morning,independent,large,1,0,5,2024-04-27,89.28,0
0.0065,0.5362,0.9276,0.6486,0.5787,0.3785,0.216,Anna Nagar,evening,apartment,small,0,0,3,2024-12-05,0.82,1
0.3386,0.3824,0.1316,0.698,0.3579,0.4406,0.484,Adyar,afternoon,apartment,medium,1,0,6,2024-05-05,55.52,1
0.2993,0.493,0.5543,0.5098,0.7184,0.4441,0.2006,Adyar,afternoon,apartment,small,1,0,6,2024-12-29,51.2,0
0.0372,0.2588,0.9092,0.575,0.2414,0.5239,0.5577,Anna Nagar,afternoon,apartment,medium,0,0,3,2024-03-07,0.0,1
0.4216,0.834,0.6831,0.9447,0.9304,0.2491,0.5118,Velachery,morning,apartment,medium,0,0,2,2024-03-06,78.08,0
0.0176,0.5146,0.8356,0.8229,0.2021,0.5401,0.5484,Porur,afternoon,apartment,medium,0,0,2,2024-01-03,1.0,1
0.1285,0.2107,0.7915,0.5851,0.4344,0.367,0.205,T Nagar,evening,apartment,small,0,0,0,2024-11-25,7.69,1
0.3335,0.6627,0.5653,0.6025,0.6234,0.1975,0.471,Velachery,morning,apartment,medium,0,0,4,2024-03-01,62.44,0
0.4404,0.6421,0.5536,0.5425,0.529,0.0538,0.2001,Porur,morning,apartment,small,1,0,6,2024-09-15,63.44,0
0.1047,0.0426,0.7826,0.5036,0.25,0.3954,0.2232,Adyar,evening,independent,small,1,0,6,2024-03-03,0.45,1
0.5615,0.4886,0.7234,0.5695,0.403,0.4437,0.4861,Adyar,afternoon,independent,medium,1,0,6,2024-04-28,61.92,0
0.3459,0.447,0.7175,0.5757,0.2016,0.492,0.5594,Velachery,afternoon,independent,medium,0,0,3,2024-05-23,40.95,1
0.0164,0.4285,0.7153,0.5737,0.8181,0.2319,0.5812,Porur,morning,independent,medium,0,0,4,2024-03-01,16.93,1
0.7699,0.4522,0.2812,0.4127,0.6341,0.2008,0.7762,Velachery,morning,apartment,large,1,0,5,2024-06-22,100.0,0
0.2997,0.8063,0.7672,0.9649,0.3895,0.4371,0.6784,T Nagar,evening,apartment,large,0,1,4,2024-11-01,50.92,0
0.3607,0.3312,0.3983,0.7681,0.5717,0.4115,0.6157,Velachery,evening,apartment,medium,1,0,5,2024-06-08,47.68,1
0.1739,0.3595,0.4295,0.7262,0.3732,0.1849,0.7622,Porur,morning,apartment,large,0,0,4,2024-10-25,27.9,1
0.2237,0.7328,0.3388,0.8427,0.596,0.2202,0.5195,Velachery,morning,apartment,medium,0,0,4,2024-10-04,57.67,0
0.531,0.6636,0.8466,0.2066,0.2825,0.3251,0.4308,T Nagar,evening,apartment,medium,0,0,3,2024-01-04,75.45,0
0.0066,0.6103,0.6339,0.7287,0.4623,0.4682,0.4985,Porur,afternoon,apartment,medium,0,0,3,2024-10-10,15.51,1
0.1506,0.4659,0.4814,0.4012,0.2668,0.4358,0.1203,T Nagar,afternoon,independent,small,1,0,5,2024-10-26,31.38,1
0.6317,0.7714,0.636,0.4109,0.3418,0.6062,0.5427,Velachery,afternoon,apartment,medium,0,0,4,2024-04-19,100.0,0
0.0726,0.4069,0.5738,0.7657,0.2431,0.5246,0.1636,Porur,afternoon,apartment,small,1,0,5,2024-12-28,10.38,1
0.1365,0.2923,0.9542,0.8965,0.58,0.3919,0.4007,Anna Nagar,evening,apartment,medium,1,0,6,2024-08-04,0.0,1
0.1416,0.8313,0.8393,0.5013,0.5228,0.2891,0.1497,T Nagar,evening,apartment,small,0,0,0,2024-06-17,31.59,1
0.0722,0.1711,0.9664,0.2019,0.1291,0.3584,0.469,Porur,evening,apartment,medium,0,0,1,2024-05-21,2.7,1
0.224,0.385,0.9782,0.7751,0.648,0.6037,0.204,Adyar,afternoon,apartment,small,1,0,5,2024-07-06,14.2,1
0.1088,0.0837,0.3513,0.9247,0.1763,0.4417,0.4251,Anna Nagar,afternoon,apartment,medium,1,0,6,2024-04-28,5.99,1
0.3591,0.4303,0.3421,0.6736,0.2927,0.2321,0.5428,T Nagar,morning,apartment,medium,1,0,6,2024-12-29,47.0,1
0.0016,0.3895,0.9009,0.772,0.4781,0.3272,0.1916,T Nagar,evening,apartment,small,0,0,1,2024-11-26,0.0,1
0.3677,0.7212,0.7512,0.6078,0.3278,0.2907,0.1843,T Nagar,morning,apartment,small,0,0,1,2024-12-31,53.0,0
0.5311,0.3526,0.4781,0.9445,0.694,0.4022,0.5604,Anna Nagar,evening,apartment,medium,0,0,3,2024-10-17,52.49,1
0.0942,0.3985,0.4712,0.4831,0.6448,0.4395,0.5357,Adyar,afternoon,apartment,medium,0,0,3,2024-03-28,37.3,1
0.2114,0.7604,0.8571,0.9601,0.5078,0.2287,0.5953,T Nagar,morning,apartment,medium,0,0,4,2024-06-21,28.1,1
0.0335,0.6235,0.8669,0.6437,0.4713,0.2906,0.7441,Anna Nagar,evening,apartment,large,0,0,1,2024-03-05,9.66,1
0.0391,0.2035,0.6526,0.9107,0.1205,0.5152,0.2622,Porur,afternoon,independent,small,1,0,6,2024-08-25,0.0,1
0.5208,0.4711,0.4414,0.7206,0.1916,0.5329,0.1868,Adyar,evening,apartment,small,0,0,3,2024-08-22,60.84,0
0.226,0.5327,0.6384,0.3582,0.4756,0.5113,0.5688,Adyar,afternoon,apartment,medium,0,0,3,2024-07-25,47.7,1
0.6689,0.6187,0.8602,0.9366,0.1665,0.4465,0.7916,Adyar,afternoon,independent,large,0,0,2,2024-12-18,71.53,0
0.0311,0.8219,0.2826,0.6287,0.6847,0.1548,0.1782,T Nagar,morning,independent,small,0,0,1,2024-01-23,39.56,1
0.2903,0.2303,0.8729,0.7037,0.8649,0.3856,0.2786,T Nagar,evening,apartment,small,0,0,3,2024-09-19,18.22,1
0.0075,0.4314,0.8801,0.4098,0.2418,0.4867,0.5118,Porur,afternoon,independent,medium,1,0,6,2024-02-18,4.81,1
0.1843,0.6012,0.9089,0.4904,0.359,0.663,0.5047,Adyar,afternoon,independent,medium,1,1,6,2024-04-14,33.43,1
0.1484,0.2881,0.4323,0.7712,0.1017,0.5688,0.1009,T Nagar,afternoon,independent,small,1,0,5,2024-07-20,15.2,0
0.6107,0.661,0.5929,0.4554,0.5692,0.2677,0.7248,Velachery,morning,apartment,large,0,0,4,2024-12-27,98.04,0
0.3271,0.4231,0.7985,0.6289,0.7966,0.3305,0.3299,Porur,evening,independent,medium,0,0,3,2024-07-18,35.41,1
0.4215,0.0479,0.7488,0.8395,0.3868,0.4077,0.2217,Adyar,evening,apartment,small,1,0,6,2024-01-28,5.32,1
0.3143,0.4555,0.1965,0.4054,0.2177,0.201,0.4189,Velachery,morning,independent,medium,0,0,1,2024-10-15,58.74,0
0.1151,0.623,0.3071,0.9057,0.6102,0.047,0.7576,T Nagar,morning,apartment,large,0,0,2,2024-12-11,37.66,1
0.1638,0.15,0.7663,0.6297,0.2695,0.5358,0.1721,T Nagar,afternoon,independent,small,1,0,6,2024-12-08,4.44,1
0.1878,0.518,0.6343,0.8054,0.6944,0.2069,0.2014,T Nagar,morning,apartment,small,1,0,5,2024-04-06,26.15,1
0.5291,0.5994,0.4039,0.7894,0.69,0.3537,0.1881,Velachery,evening,apartment,small,0,0,3,2024-01-04,82.68,0
0.4834,0.5507,0.8198,0.6964,0.6361,0.1164,0.205,Adyar,morning,independent,small,0,0,0,2024-03-18,51.76,0
0.0226,0.2765,0.4864,0.9105,0.2759,0.2454,0.8499,Anna Nagar,morning,apartment,large,1,0,5,2024-10-19,5.12,1
0.1648,0.3044,0.7644,0.6953,0.1433,0.4865,0.7252,Velachery,afternoon,apartment,large,0,0,0,2024-06-10,15.47,1
0.1856,0.8346,0.744,0.3695,0.7281,0.4401,0.2174,Porur,afternoon,independent,small,0,0,2,2024-04-03,50.39,0
0.3113,0.08,0.9218,0.9077,0.4009,0.5116,0.1912,Porur,afternoon,apartment,small,0,0,4,2024-02-23,0.0,1
0.6585,0.2733,0.947,0.7814,0.3297,0.1855,0.7411,Adyar,morning,apartment,large,0,0,0,2024-08-19,32.01,1
0.2284,0.2561,0.8911,0.7632,0.1411,0.4445,0.5032,Porur,evening,independent,medium,0,0,4,2024-04-05,4.57,1
0.1122,0.7067,0.0595,0.9225,0.2469,0.5307,0.5142,Anna Nagar,afternoon,independent,medium,0,0,0,2024-10-07,43.96,1
0.0727,0.2237,0.8196,0.8114,0.267,0.2082,0.7613,Anna Nagar,morning,independent,large,0,0,0,2024-04-01,0.0,1
0.5215,0.2095,0.3382,0.7889,0.8852,0.4196,0.0713,Velachery,evening,independent,small,1,0,6,2024-03-24,52.63,0
0.0513,0.6437,0.2866,0.6652,0.8883,0.4761,0.8061,Adyar,afternoon,independent,large,0,0,2,2024-04-03,52.35,0
0.2142,0.4839,0.7191,0.9323,0.5517,0.1947,0.2363,Porur,morning,apartment,small,0,0,1,2024-12-24,18.48,1
0.0372,0.7304,0.148,0.9061,0.4697,0.3377,0.624,Adyar,morning,independent,medium,0,0,4,2024-09-06,39.54,1
0.3559,0.632,0.5979,0.83,0.6418,0.2101,0.5683,T Nagar,morning,apartment,medium,0,0,1,2024-04-02,54.36,0
0.4469,0.8755,0.8234,0.7934,0.386,0.3353,0.1706,Velachery,morning,independent,small,0,0,0,2024-03-11,71.36,0
0.174,0.3938,0.7926,0.866,0.3908,0.2252,0.7752,Velachery,morning,apartment,large,1,0,6,2024-07-21,13.56,1
0.1889,0.1761,0.2735,0.8686,0.4615,0.303,0.8501,Porur,evening,apartment,large,0,0,1,2024-02-13,28.24,1
0.018,0.1662,0.2961,0.8752,0.3444,0.3369,0.7713,Adyar,evening,apartment,large,1,0,5,2024-03-02,16.46,1
0.0023,0.1114,0.4053,0.1969,0.7444,0.5712,0.3405,T Nagar,afternoon,apartment,medium,0,0,0,2024-02-12,36.03,1
0.1805,0.5205,0.7083,0.8342,0.3263,0.4948,0.8973,Adyar,afternoon,apartment,large,0,0,2,2024-10-16,27.79,1
0.2177,0.2138,0.3368,0.4116,0.5629,0.4664,0.8669,T Nagar,afternoon,apartment,large,1,0,5,2024-03-30,43.87,1
0.1611,0.4825,0.7362,0.2127,0.1436,0.2118,0.1997,T Nagar,morning,independent,small,0,0,3,2024-12-12,24.76,1
0.091,0.3788,0.6932,0.9132,0.4397,0.3124,0.1671,Anna Nagar,morning,apartment,small,0,0,1,2024-02-27,4.08,1
0.139,0.8048,0.4118,0.6279,0.1969,0.5496,0.5837,Velachery,afternoon,apartment,medium,0,0,3,2024-12-05,48.45,1
0.3528,0.7458,0.6293,0.4575,0.3335,0.7031,0.8411,Anna Nagar,afternoon,apartment,large,0,0,4,2024-11-22,70.85,0
0.3327,0.4859,0.56,0.4131,0.4361,0.5734,0.2144,Velachery,afternoon,independent,small,0,0,4,2024-11-15,55.43,0
0.244,0.2406,0.7151,0.8885,0.0548,0.184,0.4241,Anna Nagar,morning,independent,medium,0,0,3,2024-05-09,1.65,1
0.7876,0.6226,0.5351,0.8813,0.645,0.2438,0.8139,Velachery,morning,apartment,large,0,0,4,2024-07-19,100.0,0
0.1147,0.6709,0.7512,0.6937,0.3393,0.1695,0.1581,Porur,morning,apartment,small,0,0,0,2024-12-09,15.93,1
0.1557,0.2852,0.6597,0.4447,0.1748,0.305,0.8043,Porur,morning,apartment,large,1,0,5,2024-11-16,17.7,1
0.0947,0.6385,0.5278,0.9071,0.173,0.2141,0.4198,Porur,morning,independent,medium,0,0,4,2024-11-22,15.88,1
0.1056,0.2033,0.4344,0.495,0.4665,0.4472,0.1359,Porur,afternoon,apartment,small,1,0,5,2024-02-24,22.11,1
0.1367,1.0,0.9254,0.5479,0.558,0.1647,0.2024,T Nagar,morning,apartment,small,0,0,2,2024-01-10,31.48,1
0.2401,0.5079,0.3693,0.783,0.2583,0.4161,0.0622,T Nagar,evening,independent,small,1,0,6,2024-09-01,35.25,1
0.2765,0.5217,0.6959,0.6218,0.6565,0.4027,0.5405,Adyar,evening,independent,medium,1,0,5,2024-03-09,42.54,1
0.0411,0.4859,0.7265,0.7709,0.1951,0.5262,0.4286,Porur,afternoon,independent,medium,1,0,5,2024-02-17,4.96,1
0.0689,0.9805,0.5646,0.7327,0.2014,0.6552,0.5297,Velachery,afternoon,apartment,medium,0,0,1,2024-04-30,36.52,1
0.1723,0.7894,0.9814,0.7333,0.1416,0.4776,0.5021,T Nagar,afternoon,apartment,medium,0,0,4,2024-02-09,22.2,1
0.315,0.7155,0.0768,0.2969,0.2113,0.5946,0.147,T Nagar,afternoon,apartment,small,1,0,5,2024-06-01,80.54,0
0.4272,0.1968,0.5966,0.1912,0.6709,0.4821,0.2263,Velachery,afternoon,independent,small,0,0,3,2024-09-12,49.09,1
0.5654,0.9116,0.1078,0.6299,0.1642,0.4062,0.1919,Velachery,evening,apartment,small,0,0,0,2024-10-07,100.0,0
0.0755,0.3541,0.3979,0.688,0.1826,0.3421,0.4322,T Nagar,evening,apartment,medium,0,0,0,2024-05-27,19.14,1
0.0232,0.1608,0.5555,0.4318,0.0513,0.2329,0.4613,Anna Nagar,morning,independent,medium,0,0,0,2024-06-24,5.93,1
0.0187,0.5976,0.8439,0.514,0.184,0.5198,0.5322,Porur,afternoon,apartment,medium,0,0,3,2024-04-25,9.52,1
0.1129,0.6432,1.0,0.976,0.8317,0.2859,0.8701,T Nagar,morning,apartment,large,1,0,5,2024-11-16,10.76,1
0.3958,0.5893,0.5629,0.7499,0.8341,0.5968,0.3696,T Nagar,afternoon,apartment,medium,0,0,1,2024-04-30,66.63,0
0.1783,0.0396,0.697,0.8602,0.3557,0.4949,0.25,Porur,afternoon,independent,small,1,0,6,2024-12-29,0.0,1
0.3886,0.2286,1.0,0.9653,0.3645,0.2493,0.5364,Adyar,morning,independent,medium,1,0,6,2024-06-16,3.72,1
0.476,0.374,0.9069,0.4701,0.4064,0.348,0.2719,Velachery,evening,apartment,small,1,0,6,2024-04-21,37.92,0
0.3057,0.7558,0.8597,0.9386,0.4155,0.3642,0.4998,T Nagar,evening,apartment,medium,0,0,3,2024-07-18,39.8,1
0.0334,0.3866,0.7134,0.8216,0.3985,0.2094,0.5952,Porur,morning,apartment,medium,0,0,3,2024-10-03,3.7,1
0.2083,0.2199,0.3541,0.8417,0.2404,0.3775,0.4157,Anna Nagar,evening,independent,medium,0,0,1,2024-01-23,20.0,0
0.0527,0.5864,0.2571,0.6089,0.2621,0.3995,0.7626,Porur,evening,apartment,large,0,0,1,2024-04-16,35.33,1
0.2172,0.3412,0.7331,0.8632,0.6664,0.143,0.7781,T Nagar,morning,apartment,large,0,0,0,2024-12-30,19.66,1
0.0971,0.5679,0.8426,0.7156,0.3733,0.2232,0.2505,Adyar,morning,apartment,small,0,0,1,2024-04-23,10.68,1
0.0807,0.1429,0.7602,0.6165,0.2574,0.1936,0.3948,Adyar,morning,apartment,medium,1,0,6,2024-04-21,0.0,1
0.4539,0.7372,0.5671,0.1953,0.6611,0.3783,0.3758,Velachery,evening,apartment,medium,0,0,0,2024-10-21,94.55,0
0.0321,0.2442,0.4984,0.4093,0.5852,0.3797,0.1834,Porur,morning,apartment,small,0,0,1,2024-03-26,22.45,1
0.0298,0.8859,0.6557,0.2389,0.3912,0.1344,0.4592,T Nagar,morning,independent,medium,0,0,0,2024-05-20,30.15,1
0.2786,0.4366,0.6933,0.3305,0.5666,0.4197,0.192,Velachery,evening,independent,small,0,0,0,2024-03-11,44.32,1
0.0399,1.0,0.777,0.6647,0.8903,0.5811,0.5058,Adyar,afternoon,apartment,medium,0,0,0,2024-08-26,34.75,1
0.4547,0.2265,0.6188,0.5208,0.4923,0.5188,0.5275,Adyar,afternoon,apartment,medium,0,0,1,2024-05-07,41.82,1
0.0726,0.2063,0.5425,0.8751,0.5223,0.1768,0.2252,Porur,morning,apartment,small,0,0,3,2024-03-28,6.38,1
0.3408,0.5812,0.8496,0.6324,0.2304,0.2256,0.7241,Velachery,morning,independent,large,0,0,0,2024-12-02,40.78,1
0.0491,0.8806,0.7082,0.6229,0.8315,0.4749,0.5023,T Nagar,evening,independent,medium,0,0,3,2024-12-05,33.75,1
0.455,0.5882,0.7965,0.4832,0.358,0.2174,0.153,Velachery,morning,independent,small,0,0,4,2024-12-27,56.12,0
0.1734,0.1852,0.6851,0.5656,0.2721,0.1574,0.7514,Adyar,morning,apartment,large,0,0,3,2024-10-31,13.99,1
0.0036,0.382,0.6092,0.898,0.2955,0.5262,0.1634,Anna Nagar,afternoon,independent,small,0,0,2,2024-05-01,1.73,1
0.0105,0.1335,0.4595,0.8236,0.7907,0.1738,0.474,Anna Nagar,morning,apartment,medium,1,0,5,2024-10-19,11.6,1
0.365,0.4331,0.2407,0.4762,0.6206,0.1641,0.5034,Adyar,morning,apartment,medium,0,0,4,2024-07-12,66.5,0
0.2208,0.256,0.8819,0.6545,0.3901,0.2692,0.1556,Velachery,morning,independent,small,0,0,1,2024-07-23,9.39,1
0.1393,0.7464,0.393,0.6957,0.5509,0.235,0.2281,Porur,morning,independent,small,0,0,3,2024-10-10,42.28,1
0.202,0.6976,0.8264,0.4544,0.6386,0.5534,0.7608,Adyar,afternoon,apartment,large,0,0,4,2024-08-30,47.26,1
0.7306,0.3053,0.8913,0.8729,0.4713,0.3174,0.4961,T Nagar,evening,apartment,medium,0,0,4,2024-03-15,40.67,1
0.4908,0.5243,0.8428,0.7756,0.5914,0.3449,0.4228,Velachery,evening,apartment,medium,0,0,4,2024-05-10,52.78,0
0.0171,0.1331,0.6851,0.7867,0.7195,0.5836,0.1134,Porur,afternoon,independent,small,0,0,3,2024-10-31,6.24,1
0.3775,0.4447,0.6301,0.9939,0.6962,0.1749,0.4037,Anna Nagar,morning,apartment,medium,0,0,4,2024-09-20,35.49,1
0.0046,0.4716,0.5975,0.9282,0.2907,0.4078,0.159,Porur,evening,independent,small,0,0,4,2024-12-06,2.37,1
0.348,0.3498,0.9224,0.8066,0.3429,0.3823,0.2733,T Nagar,evening,apartment,small,0,0,4,2024-09-20,16.47,1
0.1623,0.2265,0.6655,0.6868,0.2493,0.2021,0.2684,Anna Nagar,morning,apartment,small,0,0,0,2024-05-27,5.94,1
0.1759,0.7989,0.8751,0.3856,0.0623,0.2103,0.3323,Velachery,morning,independent,medium,0,0,3,2024-12-12,32.31,1
0.1279,0.3518,0.2205,0.5278,0.2739,0.3252,0.8924,Anna Nagar,morning,apartment,large,0,0,2,2024-03-13,37.61,1
0.2802,0.8871,0.7139,0.5417,0.5386,0.4335,0.3799,T Nagar,evening,independent,medium,0,0,2,2024-09-25,62.17,0
0.2283,0.4765,0.7753,0.5577,0.9292,0.3026,0.52,Velachery,evening,apartment,medium,0,0,2,2024-04-17,39.99,1
0.6419,0.6684,0.5117,0.6488,0.7389,0.4267,0.1454,T Nagar,evening,apartment,small,1,0,5,2024-07-06,97.43,0
0.0805,0.8197,0.752,0.3246,0.3661,0.4047,0.8246,T Nagar,afternoon,apartment,large,1,0,6,2024-05-19,33.76,1
0.2468,0.4962,0.794,0.6271,0.4274,0.5394,0.4206,Anna Nagar,afternoon,independent,medium,0,0,3,2024-10-17,29.6,1
0.1178,0.6848,0.3618,0.6551,0.8547,0.4003,0.4583,Anna Nagar,afternoon,apartment,medium,0,0,4,2024-05-31,49.89,1
0.4224,0.8718,0.815,0.8962,0.26,0.1012,0.7119,T Nagar,morning,independent,large,0,0,3,2024-04-04,61.85,0
0.2912,0.5713,0.655,0.7734,0.2974,0.4389,0.1541,Porur,evening,independent,small,0,0,2,2024-02-14,35.15,1
0.1493,0.5601,0.9164,0.8693,0.4831,0.6156,0.1616,T Nagar,afternoon,apartment,small,0,0,2,2024-06-05,13.59,1
0.2192,0.6416,0.4671,0.641,0.1731,0.4212,0.8503,T Nagar,afternoon,independent,large,1,0,6,2024-09-15,44.14,1
0.0684,0.5453,0.4641,0.2116,0.1454,0.5587,0.7599,T Nagar,afternoon,independent,large,1,0,6,2024-12-01,36.27,1
0.1556,0.6439,0.5855,0.6381,0.435,0.1154,0.5843,Velachery,morning,apartment,medium,0,0,3,2024-11-14,35.96,1
0.0612,0.3573,1.0,0.878,0.2949,0.3954,0.539,Anna Nagar,evening,apartment,medium,1,0,5,2024-02-03,0.0,1
0.1456,0.2937,0.6713,0.8433,0.2496,0.2891,0.7722,Anna Nagar,evening,apartment,large,0,0,4,2024-09-27,8.77,1
0.0186,0.6438,0.8662,0.8022,0.5446,0.3424,0.4442,T Nagar,morning,apartment,medium,0,0,2,2024-05-08,5.75,1
0.0471,0.5755,0.7855,0.939,0.2113,0.2157,0.1827,T Nagar,morning,independent,small,0,0,2,2024-07-17,0.0,1
0.4388,0.699,0.5716,0.5429,0.4155,0.1173,0.7698,T Nagar,morning,independent,large,0,0,3,2024-12-26,72.96,0
0.0245,0.7959,0.6878,0.1953,0.7985,0.5781,0.2205,T Nagar,afternoon,apartment,small,0,0,4,2024-09-20,38.59,1
0.1121,0.4894,0.8098,0.7497,0.5346,0.1973,0.2026,Adyar,morning,apartment,small,0,0,3,2024-01-25,11.95,1
0.1053,0.39,0.1459,0.442,0.8714,0.0847,0.841,Velachery,morning,apartment,large,0,0,4,2024-06-14,58.34,0
0.1616,0.1104,0.5376,0.9026,0.7401,0.4646,0.1882,Porur,evening,independent,small,0,0,1,2024-07-09,14.54,1
0.0595,0.3382,0.3621,0.7164,0.1075,0.2711,0.5575,Porur,morning,independent,medium,0,0,3,2024-11-21,15.74,1
0.0924,0.2374,0.8951,0.7346,0.3944,0.4761,0.3091,Porur,evening,apartment,small,1,0,5,2024-06-08,0.0,1
0.7296,0.6037,0.2126,0.2835,0.2751,0.2312,0.7966,Anna Nagar,morning,independent,large,0,0,1,2024-12-10,100.0,0
0.5457,0.3102,0.7316,0.3434,0.273,0.3997,0.7543,Anna Nagar,evening,apartment,large,0,0,2,2024-02-28,47.28,1
0.1952,0.4471,0.0763,0.5984,0.6323,0.1754,0.1717,T Nagar,morning,apartment,small,0,0,4,2024-10-25,53.93,0
0.0666,0.1097,0.7017,0.6664,0.3747,0.3523,0.5522,Anna Nagar,evening,apartment,medium,0,0,0,2024-11-04,3.28,1
0.5337,0.7253,0.7161,0.2802,0.6132,0.4771,0.4722,Anna Nagar,afternoon,apartment,medium,0,0,4,2024-10-18,91.17,0
0.2464,0.872,0.7261,0.7135,0.3894,0.4708,0.5928,T Nagar,afternoon,apartment,medium,0,0,1,2024-06-11,51.36,0
0.0458,0.3654,0.54,0.8501,0.4912,0.316,0.1874,Anna Nagar,morning,apartment,small,0,0,0,2024-07-22,9.7,1
0.049,0.578,0.8824,0.7493,0.7041,0.5421,0.2031,T Nagar,afternoon,independent,small,0,0,4,2024-03-08,11.27,1
0.0453,0.6114,0.8301,0.9049,0.3968,0.2197,0.2462,T Nagar,morning,independent,small,0,0,1,2024-07-16,1.28,1
0.0734,0.7134,0.1507,0.8748,0.1414,0.3137,0.2064,T Nagar,evening,independent,small,0,0,4,2024-12-06,30.78,1
0.0316,0.4667,0.7982,0.5379,0.648,0.4379,0.577,Adyar,evening,apartment,medium,0,0,4,2024-01-26,18.24,1
0.0561,0.6452,0.8281,0.3527,0.2822,0.5567,0.1834,Porur,afternoon,independent,small,0,0,3,2024-12-12,18.52,1
0.736,0.3385,0.8521,0.8577,0.2903,0.4043,0.4856,T Nagar,evening,apartment,medium,1,0,5,2024-03-09,43.45,1
0.0082,0.1292,0.2924,0.2266,0.5367,0.6425,0.8189,Anna Nagar,afternoon,independent,large,1,1,5,2024-11-02,41.16,1
0.0914,0.7818,0.5699,0.5263,0.452,0.3233,0.4466,Velachery,evening,apartment,medium,0,0,4,2024-12-06,38.57,1
0.0203,0.669,0.6986,0.309,0.9356,0.1696,0.7897,Porur,morning,independent,large,0,0,4,2024-08-09,32.63,1
0.0446,0.2168,0.2072,0.367,0.2187,0.3861,0.4462,Anna Nagar,evening,independent,medium,0,0,1,2024-12-17,28.82,1
0.2434,1.0,0.5566,0.8135,0.7755,0.4067,0.2569,T Nagar,afternoon,apartment,small,0,0,4,2024-03-15,66.06,0
0.5221,0.5291,0.7861,0.5676,0.6118,0.2509,0.4969,Porur,morning,independent,medium,0,0,4,2024-07-12,59.91,0
0.1266,0.264,0.9773,0.9147,0.7431,0.5977,0.5747,Porur,afternoon,apartment,medium,0,0,1,2024-07-09,2.95,1
0.097,0.5896,0.8683,0.6692,0.2121,0.1732,0.457,Anna Nagar,morning,apartment,medium,0,0,1,2024-10-08,6.79,1
0.2128,0.254,0.689,0.7599,0.518,0.4752,0.2079,Velachery,evening,apartment,small,0,0,3,2024-01-18,19.76,1
0.137,0.7303,0.9181,0.7867,0.4247,0.48,0.1952,T Nagar,afternoon,apartment,small,1,0,5,2024-06-15,16.38,1
0.4893,0.4327,0.8289,0.7027,0.1395,0.227,0.2786,Anna Nagar,morning,independent,small,0,0,3,2024-12-19,32.75,1
0.0492,0.1649,0.6778,0.1431,0.2589,0.5573,0.4459,Porur,afternoon,apartment,medium,1,0,6,2024-06-09,17.0,1
0.24,0.8962,0.7291,0.7765,0.2148,0.4498,0.2379,T Nagar,afternoon,apartment,small,0,0,2,2024-08-28,43.78,1
0.7598,0.6819,0.2927,0.7932,0.5566,0.4081,0.7438,Adyar,afternoon,apartment,large,0,0,2,2024-02-21,100.0,0
0.6347,0.8858,0.4849,0.6434,0.1673,0.6154,0.7476,Adyar,afternoon,independent,large,0,0,3,2024-12-19,100.0,0
0.0554,0.4674,0.7814,0.8866,0.2724,0.2097,0.8024,T Nagar,morning,apartment,large,1,0,5,2024-08-31,1.66,1
0.4311,0.2711,0.6698,0.6876,0.3561,0.1422,0.4883,Velachery,morning,apartment,medium,1,0,5,2024-05-25,29.24,1
0.0171,0.13,0.4225,0.825,0.2508,0.2674,0.8505,Anna Nagar,morning,apartment,large,1,0,5,2024-07-27,6.25,1
0.1041,0.6134,0.493,0.3035,0.5581,0.3424,0.4123,Adyar,evening,independent,medium,0,0,0,2024-02-05,44.41,1
0.2985,0.2861,0.3694,0.9044,0.2504,0.1443,0.4878,Adyar,morning,apartment,medium,0,0,1,2024-04-09,27.3,1
0.0602,0.2225,0.6757,0.7001,0.4564,0.2741,0.6179,T Nagar,morning,apartment,medium,0,0,2,2024-05-22,9.02,1
0.0654,0.3405,0.0621,0.5192,0.2361,0.3984,0.4197,Porur,evening,independent,medium,0,0,3,2024-05-23,36.49,1
0.1166,0.167,0.9635,0.8038,0.0803,0.3537,0.1432,Anna Nagar,evening,apartment,small,0,0,0,2024-01-08,0.0,1
0.0757,1.0,0.3352,0.8455,0.5363,0.4725,0.3787,T Nagar,afternoon,apartment,medium,0,0,3,2024-12-19,45.44,0
0.0477,1.0,0.1795,0.2105,0.4093,0.4937,0.2191,Anna Nagar,afternoon,independent,small,0,0,2,2024-04-24,57.66,0
0.0151,0.2008,0.1563,0.5617,0.9038,0.5812,0.631,Porur,afternoon,apartment,medium,1,0,6,2024-07-28,44.59,1
0.1221,0.7816,0.7057,0.8262,0.8504,0.2079,0.5819,Adyar,morning,independent,medium,0,0,3,2024-05-23,34.48,1
0.3287,0.2655,0.4901,0.9415,0.3138,0.5075,0.1141,Adyar,afternoon,independent,small,1,0,5,2024-03-16,23.52,1
0.787,0.6212,0.5756,0.9013,0.6758,0.29,0.6558,Velachery,morning,independent,medium,0,0,2,2024-04-24,100.0,0
0.0411,0.4243,0.6023,0.971,0.1886,0.1199,0.2116,Velachery,morning,apartment,small,1,0,5,2024-06-01,0.0,1
0.2073,0.1925,0.852,0.7616,0.6244,0.1873,0.8626,Porur,morning,apartment,large,0,0,3,2024-11-28,8.93,0
0.4314,0.2585,0.4846,0.6062,0.425,0.3193,0.2241,T Nagar,evening,apartment,small,0,0,4,2024-10-18,38.73,1
0.29,0.3957,0.5955,0.6163,0.4979,0.2135,0.3804,Velachery,morning,apartment,medium,1,0,6,2024-09-22,35.66,1
0.3711,0.452,0.7096,0.563,0.434,0.4773,0.1163,Adyar,evening,apartment,small,0,0,0,2024-05-06,42.92,1
0.1842,0.6967,0.7162,0.5526,0.1623,0.0956,0.1943,Adyar,morning,independent,small,0,0,2,2024-05-08,28.42,1
0.1163,0.4781,0.6251,0.5902,0.4221,0.3075,0.5538,Adyar,evening,apartment,medium,0,0,4,2024-01-12,26.26,1
0.1584,0.4065,0.4734,0.822,0.1332,0.2188,0.1592,Porur,morning,apartment,small,1,0,6,2024-01-21,13.16,1
0.1602,0.4173,0.7869,0.6328,0.2926,0.3714,0.4789,T Nagar,evening,apartment,medium,0,0,4,2024-07-26,16.55,1
0.3009,0.3931,0.5554,0.639,0.4898,0.4386,0.5162,Adyar,evening,apartment,medium,0,0,3,2024-11-07,41.98,1
0.2105,0.137,0.5676,0.7127,0.1679,0.3723,0.4218,Porur,evening,independent,medium,0,0,3,2024-02-08,10.47,1
0.0034,0.3863,0.723,0.6719,0.4943,0.3028,0.8961,Anna Nagar,morning,apartment,large,1,0,5,2024-10-05,7.44,1
0.1203,0.2486,0.6958,0.6904,0.4731,0.219,0.2642,T Nagar,morning,apartment,small,0,0,4,2024-06-07,9.15,1
0.1028,0.4958,0.6786,0.5361,0.1484,0.3124,0.1977,Porur,evening,apartment,small,0,0,1,2024-09-10,14.68,1
0.3299,0.4599,0.6106,0.9056,0.3555,0.5723,0.1839,Velachery,afternoon,independent,small,0,0,2,2024-09-11,37.29,1
0.2787,0.5631,0.3231,0.6675,0.4691,0.4903,0.2093,Adyar,afternoon,independent,small,0,0,1,2024-01-16,56.84,0
0.3901,1.0,0.4855,0.5339,0.46,0.5007,0.4983,T Nagar,afternoon,apartment,medium,0,0,1,2024-07-16,96.46,0
0.6511,0.4049,0.958,0.9707,0.8642,0.5769,0.168,Porur,afternoon,apartment,small,0,0,0,2024-07-08,46.44,1
0.1045,0.6743,0.6122,0.8421,0.8165,0.5333,0.3426,T Nagar,afternoon,independent,medium,0,0,3,2024-06-27,33.27,1
0.6847,0.8972,0.3372,0.5199,0.4966,0.6649,0.1157,Adyar,afternoon,apartment,small,0,0,4,2024-09-27,100.0,0
0.4157,0.2444,0.213,0.7787,0.1572,0.3333,0.2637,Adyar,morning,apartment,small,1,0,5,2024-04-20,37.43,1
0.0403,0.3299,0.9376,0.9809,0.3998,0.3881,0.5014,T Nagar,evening,apartment,medium,0,0,1,2024-08-06,0.0,1
0.0812,0.5155,0.6708,0.4718,0.703,0.4773,0.3926,Anna Nagar,afternoon,independent,medium,0,0,1,2024-03-26,28.2,1
0.3986,0.5297,0.7388,0.1881,0.4722,0.3504,0.148,T Nagar,morning,independent,small,1,1,5,2024-11-02,58.66,0
0.1219,0.8566,0.4687,0.4754,0.8033,0.5172,0.4654,Porur,afternoon,apartment,medium,0,0,0,2024-12-30,57.2,0
0.1222,0.5795,0.2927,0.5951,0.457,0.5058,0.2172,Anna Nagar,afternoon,apartment,small,0,0,1,2024-06-18,41.76,1
0.4905,0.6254,0.6916,0.6045,0.6081,0.2434,0.4986,Velachery,morning,independent,medium,0,0,4,2024-02-02,71.88,0
0.4223,0.3475,0.7744,0.6625,0.8105,0.4423,0.4386,Velachery,evening,apartment,medium,0,0,2,2024-07-03,43.92,0
0.2893,0.6998,0.8913,0.8478,0.1077,0.1348,0.2706,T Nagar,morning,apartment,small,0,0,3,2024-02-15,25.8,1
0.2132,0.2,0.6111,0.8506,0.2966,0.1477,0.2037,Anna Nagar,morning,apartment,small,0,0,4,2024-03-29,5.1,1
0.3967,0.8348,0.7952,0.735,0.3082,0.2823,0.2396,T Nagar,morning,independent,small,0,0,3,2024-06-13,59.75,0
0.1966,0.4695,0.7861,0.79,0.3098,0.4325,0.262,Velachery,evening,apartment,small,1,0,5,2024-08-24,18.15,1
0.0392,0.3902,0.37,0.5471,0.7829,0.2193,0.1647,Porur,morning,apartment,small,0,0,4,2024-01-12,30.58,0
0.0078,0.6941,0.6389,0.5663,0.6374,0.4842,0.4428,Anna Nagar,afternoon,apartment,medium,0,0,3,2024-05-16,23.2,1
0.1465,0.7256,0.6989,0.8035,0.4988,0.1586,0.3126,Porur,morning,independent,medium,0,0,3,2024-03-14,25.0,1
0.5226,0.7713,0.4826,0.9571,0.7196,0.5423,0.3188,T Nagar,afternoon,independent,small,0,0,0,2024-08-26,91.1,0
0.119,0.5906,0.0885,0.9284,0.3855,0.4253,0.5328,Adyar,evening,apartment,medium,0,0,0,2024-05-06,44.98,1
0.5179,0.3658,0.5187,0.5675,0.5279,0.1998,0.3364,Anna Nagar,morning,independent,small,0,0,3,2024-03-28,52.35,0
0.3895,0.3245,0.6607,0.6152,0.4334,0.2304,0.1157,Porur,morning,independent,small,1,0,6,2024-12-01,28.67,1
0.2879,0.2801,0.874,0.4439,0.0865,0.531,0.118,Porur,afternoon,independent,small,0,0,3,2024-05-23,15.2,1
0.0492,0.8787,0.202,0.543,0.2006,0.3289,0.7931,Anna Nagar,morning,independent,large,1,1,5,2024-11-02,44.78,1
0.1586,0.4543,0.828,0.7407,0.5575,0.3325,0.861,Velachery,evening,independent,large,0,0,0,2024-06-17,23.09,1
0.142,0.6839,0.8287,0.3958,0.4302,0.1819,0.4882,T Nagar,morning,apartment,medium,0,0,4,2024-01-05,29.04,1
0.1469,0.2413,0.4657,0.3689,0.5965,0.1979,0.5529,Porur,morning,apartment,medium,1,0,6,2024-09-22,30.2,1
0.0364,0.0997,0.5791,0.2511,0.6141,0.3209,0.3753,Porur,morning,apartment,medium,0,0,4,2024-08-30,21.05,1
0.0881,0.5245,0.7518,0.4017,0.1796,0.3871,0.7889,Adyar,evening,independent,large,0,0,4,2024-09-06,23.43,1
0.2081,0.2697,0.7549,0.4924,0.2903,0.4675,0.2097,Porur,afternoon,independent,small,0,0,1,2024-05-14,16.45,1
0.2904,0.4904,0.2612,0.8379,0.5039,0.2073,0.8353,T Nagar,morning,apartment,large,1,0,5,2024-12-14,51.1,0
0.3174,0.8365,0.2592,0.9239,0.2517,0.3896,0.485,Adyar,evening,apartment,medium,0,0,3,2024-03-21,69.54,0
0.2897,0.6352,0.8206,0.7686,0.7197,0.5597,0.4456,Adyar,afternoon,independent,medium,0,0,1,2024-11-12,45.2,1
0.661,0.6362,0.3778,0.7301,0.2981,0.3411,0.1594,Velachery,evening,independent,small,0,0,3,2024-12-12,94.04,0
0.4449,0.4038,0.4415,0.7176,0.7597,0.2731,0.4901,Velachery,morning,apartment,medium,1,0,5,2024-08-17,59.56,0
0.431,0.4861,0.4921,0.9684,0.2924,0.3354,0.7158,Porur,evening,apartment,large,0,0,1,2024-09-03,47.45,1
0.4664,0.9987,0.8009,0.9642,0.5982,0.4868,0.4651,T Nagar,afternoon,independent,medium,0,0,2,2024-07-03,86.1,0
0.0919,0.6943,0.9303,0.9116,0.1468,0.2714,0.5752,T Nagar,morning,independent,medium,0,0,4,2024-01-05,4.16,1
0.4467,0.5237,0.252,0.7799,0.5789,0.3057,0.4794,Velachery,evening,apartment,medium,0,0,1,2024-01-02,74.35,0
0.0127,0.6825,0.3324,0.7121,0.2207,0.6071,0.7524,T Nagar,afternoon,apartment,large,1,0,5,2024-03-23,28.44,0
0.0651,0.3514,0.7755,0.6445,0.1842,0.4041,0.1946,T Nagar,evening,apartment,small,0,0,2,2024-04-10,3.67,1
0.0922,0.1817,0.2484,0.8471,0.1285,0.4189,0.8352,Porur,afternoon,independent,large,0,0,3,2024-09-19,19.0,1
0.2835,0.5868,0.732,0.489,0.43,0.5346,0.2022,Porur,afternoon,apartment,small,0,0,1,2024-11-19,43.24,1
0.0572,0.1705,0.9657,0.6476,0.8038,0.2975,0.1578,Anna Nagar,morning,independent,small,1,0,5,2024-01-06,0.0,1
0.2107,0.3745,0.7281,0.4671,0.2869,0.3673,0.3349,Adyar,evening,apartment,medium,1,0,5,2024-07-06,23.29,1
0.0214,0.1839,0.3003,0.3397,0.4713,0.369,0.2572,Porur,evening,apartment,small,0,0,2,2024-07-31,28.93,1
0.6235,0.5385,0.8462,0.7206,0.4989,0.3776,0.5181,Adyar,evening,apartment,medium,0,0,1,2024-12-03,66.38,0
0.0491,0.1744,0.2456,0.6966,0.4921,0.406,0.2173,Anna Nagar,afternoon,independent,small,0,0,2,2024-06-05,23.19,1
0.0679,0.3509,0.4955,0.8047,0.2245,0.3187,0.1833,Porur,morning,apartment,small,0,0,3,2024-04-04,9.4,1
0.4795,0.6485,0.9562,0.3809,0.4782,0.1893,0.7144,T Nagar,morning,apartment,large,1,0,6,2024-11-24,61.03,0
0.3432,0.2294,0.6334,0.7207,0.5104,0.2761,0.3841,Anna Nagar,morning,independent,medium,0,0,0,2024-12-09,23.07,1
0.2729,0.7331,0.2192,0.8438,0.5707,0.3695,0.5067,T Nagar,evening,apartment,medium,0,0,2,2024-04-03,67.61,0
0.226,0.3884,0.8601,0.8422,0.4274,0.4216,0.4956,Velachery,evening,apartment,medium,1,0,6,2024-05-05,16.01,1
0.0393,0.585,0.4573,0.8757,0.6238,0.1517,0.8019,Porur,morning,independent,large,1,0,6,2024-05-12,21.99,1
0.2802,0.4207,0.1937,0.6049,0.5999,0.1966,0.3962,Porur,morning,independent,medium,0,0,3,2024-08-15,54.53,0
0.1386,0.2508,0.6833,0.7084,0.535,0.5744,0.1644,Anna Nagar,afternoon,independent,small,0,0,4,2024-07-26,13.67,1
0.153,0.834,0.8049,0.9621,0.5514,0.5399,0.5981,T Nagar,afternoon,apartment,medium,0,0,1,2024-02-06,30.78,1
0.2311,0.2939,0.912,0.9857,0.6103,0.1703,0.196,Porur,morning,independent,small,1,0,6,2024-03-03,0.0,1
0.0667,0.2216,0.7864,0.7678,0.8908,0.4203,0.5617,Adyar,evening,apartment,medium,1,0,6,2024-02-18,11.21,1
0.6556,0.21,0.7822,0.5863,0.4686,0.4629,0.4849,Porur,evening,independent,medium,0,0,1,2024-12-17,38.36,1
0.0322,0.6076,0.4381,0.8251,0.451,0.5188,0.1843,T Nagar,afternoon,apartment,small,1,0,5,2024-12-07,21.08,1
0.2168,0.4327,0.9052,0.68,0.2959,0.3656,0.1814,Adyar,evening,independent,small,1,0,6,2024-02-11,12.92,1
0.1079,0.3246,0.7304,0.6647,0.5443,0.5505,0.6943,Anna Nagar,afternoon,independent,large,0,0,0,2024-07-15,17.57,1
0.1998,0.7989,0.8382,0.6821,0.9612,0.5434,0.3813,Velachery,afternoon,apartment,medium,0,0,4,2024-02-09,48.61,0
0.838,0.3969,0.1989,0.8545,0.6515,0.4152,0.5013,Velachery,evening,independent,medium,0,0,1,2024-04-30,98.33,0
0.4018,0.3743,0.4899,0.7349,0.3679,0.1639,0.4432,T Nagar,morning,independent,medium,0,0,3,2024-06-13,40.51,0
0.3786,0.2031,0.8878,0.3586,0.3292,0.5183,0.3039,Porur,afternoon,apartment,small,0,0,2,2024-02-21,22.0,1
0.1417,0.6395,0.8212,0.7428,0.3648,0.199,0.4792,T Nagar,morning,independent,medium,0,0,4,2024-05-24,18.09,1
0.0666,0.4895,0.6662,0.7965,0.7276,0.4429,0.181,Anna Nagar,evening,apartment,small,0,0,2,2024-12-18,16.48,1
0.6114,0.4081,0.9215,0.366,0.8206,0.5071,0.1649,T Nagar,afternoon,independent,small,1,0,6,2024-10-06,58.02,0
0.0944,0.7742,0.4295,0.8688,0.42,0.1861,0.5822,T Nagar,morning,apartment,medium,0,0,2,2024-01-31,31.97,1
0.0051,0.4912,0.3516,0.5053,0.2425,0.5982,0.3207,Porur,afternoon,apartment,small,0,0,2,2024-04-17,26.11,1
0.7486,0.2814,0.2376,0.944,0.4441,0.3088,0.527,Velachery,morning,apartment,medium,0,0,1,2024-04-30,67.36,0
0.0407,0.9204,0.9717,0.8246,0.676,0.6693,0.1534,T Nagar,afternoon,apartment,small,1,1,5,2024-11-02,15.32,1
0.0497,0.2636,0.7703,0.2831,0.6167,0.3883,0.771,Porur,evening,independent,large,0,0,1,2024-01-02,20.48,1
0.2073,0.4151,0.494,0.5876,0.1324,0.2233,0.2235,Adyar,morning,independent,small,1,0,6,2024-04-21,25.3,1
0.1889,0.5621,0.6477,0.6273,0.7623,0.5282,0.2356,T Nagar,afternoon,independent,small,0,0,0,2024-03-11,39.77,0
0.7109,0.195,0.6888,0.5881,0.3731,0.4749,0.3892,Porur,afternoon,independent,medium,1,0,5,2024-02-10,39.28,1
0.3875,0.4621,0.7243,0.1877,0.4045,0.247,0.6659,Anna Nagar,morning,independent,medium,0,0,1,2024-01-23,51.45,0
0.0678,0.4041,0.536,0.7525,0.6352,0.3636,0.6568,Porur,evening,apartment,medium,0,0,4,2024-08-02,23.24,1
0.4564,0.3374,0.2862,0.5361,0.5321,0.4113,0.8141,T Nagar,evening,independent,large,0,0,4,2024-08-16,65.22,0
0.3704,0.5911,0.8258,0.8465,0.6119,0.1452,0.1905,Porur,morning,independent,small,0,0,0,2024-10-28,37.08,1
0.0994,0.3711,0.7915,0.8261,0.3006,0.4065,0.79,T Nagar,evening,independent,large,0,0,2,2024-12-25,8.38,1
0.256,1.0,0.6124,0.5068,0.2347,0.1681,0.8483,T Nagar,morning,independent,large,0,0,1,2024-04-09,64.46,0
0.7863,0.8665,0.7139,0.8905,0.4847,0.2335,0.2961,Adyar,morning,apartment,medium,0,0,3,2024-01-11,100.0,0
0.1258,0.0493,0.1698,0.8141,0.3828,0.4354,0.1486,Anna Nagar,afternoon,independent,small,0,0,1,2024-09-17,19.78,1
0.0142,0.685,0.8947,0.7436,0.841,0.3113,0.8375,T Nagar,morning,independent,large,0,0,4,2024-03-01,13.57,1
0.3113,0.564,0.4309,0.6047,0.684,0.3948,0.2726,Adyar,evening,apartment,small,0,0,3,2024-08-22,60.91,0
0.0476,0.639,0.5752,0.9387,0.3273,0.5251,0.4671,T Nagar,afternoon,independent,medium,1,0,5,2024-01-13,14.81,1
0.7524,0.3855,0.7056,0.7935,0.2382,0.1311,0.4425,Adyar,morning,apartment,medium,0,0,4,2024-07-12,55.96,0
0.1591,0.2687,0.6208,0.5151,0.8358,0.4151,0.8557,Adyar,evening,apartment,large,0,0,0,2024-07-15,35.44,1
0.6109,0.7132,0.4929,0.2762,0.295,0.1613,0.4368,Porur,morning,independent,medium,0,0,4,2024-08-16,99.18,0
0.5304,0.2874,0.8442,0.7673,0.6992,0.4686,0.4106,Velachery,afternoon,apartment,medium,1,0,6,2024-08-18,36.69,1
0.0856,0.4228,0.6988,0.6934,0.3206,0.1796,0.1917,T Nagar,morning,apartment,small,0,0,1,2024-07-30,8.35,1
0.2919,0.6051,0.5797,0.9838,0.3345,0.2679,0.7433,Porur,evening,apartment,large,0,0,1,2024-10-22,38.18,0
0.3179,0.1735,0.871,0.4719,0.3711,0.5577,0.5739,Adyar,afternoon,apartment,medium,0,0,1,2024-03-05,20.62,1
0.3881,0.5177,0.3217,0.9891,0.206,0.649,0.1915,T Nagar,afternoon,apartment,small,1,1,6,2024-01-14,52.97,0
0.0453,0.3882,0.4813,0.9294,0.3351,0.2249,0.4609,Porur,morning,apartment,medium,0,0,2,2024-06-26,9.44,1
0.0922,0.2163,1.0,0.857,0.5141,0.2469,0.5204,Anna Nagar,morning,apartment,medium,1,0,5,2024-01-06,0.0,1
0.4367,0.4935,0.922,0.5763,0.5693,0.5495,0.247,Velachery,afternoon,independent,small,0,0,1,2024-12-17,47.78,1
0.7008,0.5345,0.4003,0.7232,0.3897,0.2245,0.4284,Porur,morning,independent,medium,1,0,6,2024-04-28,83.25,0
0.1568,0.4534,0.9172,0.9045,0.2527,0.4498,0.2183,Anna Nagar,afternoon,apartment,small,1,0,5,2024-01-20,0.37,1
0.0091,0.1334,0.6362,0.7055,0.0266,0.1803,0.7316,Anna Nagar,morning,independent,large,0,0,1,2024-04-02,0.0,1
0.1667,0.4099,0.5975,0.7448,0.8547,0.4922,0.4359,T Nagar,afternoon,apartment,medium,1,0,5,2024-09-07,31.84,1
0.4701,0.3644,0.6803,0.7067,0.8104,0.3693,0.1281,Velachery,evening,independent,small,1,0,6,2024-03-24,46.66,1
0.2566,0.3461,0.6464,0.2135,0.6577,0.3597,0.1987,Velachery,evening,apartment,small,1,0,5,2024-03-30,41.79,1
0.0557,0.4636,0.8104,0.9437,0.3928,0.3393,0.2117,Velachery,evening,apartment,small,0,0,0,2024-07-15,2.43,1
0.0725,0.6646,0.1596,0.9086,0.5354,0.3753,0.6624,Anna Nagar,evening,apartment,large,0,0,1,2024-09-24,40.76,1
0.5478,0.4749,0.7425,0.9958,0.3185,0.3816,0.7261,Porur,evening,independent,large,0,0,2,2024-02-28,47.18,1
0.3321,0.4902,0.6623,0.8738,0.4603,0.4933,0.1343,Porur,afternoon,apartment,small,1,0,5,2024-02-17,33.04,1
0.0482,0.0983,0.2804,0.4158,0.4695,0.4224,0.5269,Porur,evening,apartment,medium,1,0,5,2024-09-07,28.11,1
0.344,0.3538,0.4212,0.882,0.5919,0.5012,0.7109,Adyar,afternoon,apartment,large,0,0,1,2024-04-16,47.05,1
0.0682,0.5213,0.3558,0.8145,0.4079,0.1939,0.4084,T Nagar,morning,apartment,medium,1,0,5,2024-05-25,22.71,1
0.0608,0.8263,0.5581,0.8431,0.4187,0.5488,0.1895,T Nagar,afternoon,apartment,small,1,0,5,2024-10-19,24.15,1
0.1803,0.5271,0.898,0.4755,0.5657,0.5837,0.7766,Anna Nagar,afternoon,independent,large,1,0,6,2024-04-28,28.09,1
0.3647,0.6063,0.5198,0.527,0.8706,0.5487,0.5816,T Nagar,afternoon,apartment,medium,1,0,5,2024-09-28,72.2,0
0.0299,0.2369,0.6871,0.6912,0.418,0.2896,0.4816,T Nagar,morning,independent,medium,1,0,6,2024-04-21,4.06,1
0.1015,0.3055,0.8516,0.3725,0.8334,0.2836,0.4931,Adyar,evening,apartment,medium,1,0,6,2024-05-26,19.12,1
0.3342,0.4409,0.5696,0.9421,0.517,0.2008,0.3058,T Nagar,morning,apartment,small,0,0,3,2024-07-25,33.59,1
0.159,0.3744,0.286,0.4465,0.1916,0.3747,0.7709,Anna Nagar,evening,independent,large,1,0,5,2024-10-05,36.05,0
0.0701,0.0203,0.8334,0.9174,0.2246,0.3646,0.1986,Anna Nagar,evening,independent,small,0,0,1,2024-02-13,0.0,1
0.476,0.3152,0.6435,0.9582,0.7126,0.1589,0.5641,Velachery,morning,independent,medium,1,0,6,2024-11-17,37.34,1
0.2935,0.4849,0.5729,0.8315,0.5799,0.4455,0.3161,Velachery,evening,independent,small,0,0,3,2024-12-26,42.77,1
0.2229,0.4601,0.1706,0.984,0.4509,0.098,0.2652,Porur,morning,apartment,small,0,0,0,2024-07-29,37.27,1
0.6636,0.6962,0.7112,0.3221,0.314,0.4439,0.5064,Adyar,evening,independent,medium,0,0,2,2024-10-02,100.0,0
0.4773,0.2059,0.2166,0.2882,0.1303,0.2371,0.8498,Porur,morning,apartment,large,1,0,5,2024-11-16,50.36,0
0.2096,0.5699,0.6451,0.8649,0.3381,0.5512,0.7658,Porur,afternoon,apartment,large,0,0,1,2024-06-25,32.27,1
0.5522,0.4528,0.2154,0.4763,0.1831,0.4811,0.3916,Velachery,afternoon,apartment,medium,0,0,1,2024-09-24,78.91,0
0.149,0.4797,0.4198,0.7839,0.6724,0.3573,0.2394,Adyar,evening,apartment,small,0,0,1,2024-04-02,36.5,1
0.5386,0.9023,0.5397,0.6784,0.156,0.5044,0.8336,Velachery,afternoon,apartment,large,0,0,3,2024-02-08,100.0,0
0.0364,0.6606,0.8455,0.6131,0.6408,0.415,0.8005,Porur,evening,apartment,large,0,0,2,2024-07-31,18.26,1
0.0977,0.2722,0.8663,0.6237,0.6315,0.5928,0.3742,Anna Nagar,afternoon,apartment,medium,0,0,4,2024-11-22,9.61,1
0.3031,0.5701,0.5606,0.6874,0.2454,0.6355,0.8179,Porur,afternoon,independent,large,0,0,1,2024-08-27,49.33,1
0.0641,0.177,0.6566,0.8402,0.4877,0.199,0.6214,Porur,morning,apartment,large,0,0,3,2024-07-25,3.98,1
0.3492,0.1443,0.9288,0.905,0.2716,0.242,0.1929,Porur,morning,apartment,small,0,0,1,2024-01-30,0.0,1
0.0012,0.1093,0.3485,0.1887,0.3748,0.5193,0.7395,Anna Nagar,afternoon,independent,large,0,0,0,2024-03-25,31.21,1
0.2843,0.8813,0.8085,0.5991,0.566,0.1817,0.4847,Porur,morning,independent,medium,0,0,4,2024-09-06,53.81,0
0.1416,0.3767,0.8586,0.7635,0.4594,0.0997,0.1967,Anna Nagar,morning,independent,small,1,0,5,2024-06-15,0.33,1
0.2455,0.6038,0.8812,0.7866,0.5188,0.352,0.8162,Porur,morning,apartment,large,0,0,1,2024-02-06,30.37,1
0.069,0.491,0.7985,0.9026,0.3923,0.5146,0.1581,T Nagar,afternoon,apartment,small,1,0,6,2024-08-11,3.25,1
0.1577,0.1761,0.7807,0.8947,0.6383,0.44,0.2086,Velachery,afternoon,apartment,small,1,0,6,2024-10-20,5.87,1
0.0716,0.3619,0.9076,0.4176,0.6592,0.2758,0.8034,Anna Nagar,morning,independent,large,0,0,3,2024-09-26,13.45,1
0.2564,0.1672,0.5724,0.932,0.1701,0.3697,0.1477,Porur,afternoon,apartment,small,0,0,0,2024-12-02,6.07,1
0.0218,0.5726,0.5906,0.9001,0.3919,0.4268,0.2068,Porur,evening,apartment,small,0,0,3,2024-11-28,9.58,0
0.408,0.5369,0.9244,0.7227,0.8362,0.2087,0.4374,Velachery,morning,independent,medium,0,0,4,2024-07-05,45.46,1
0.3096,0.6707,0.4401,0.6976,0.196,0.3739,0.4467,Adyar,afternoon,apartment,medium,1,0,5,2024-04-13,53.39,0
0.3261,0.162,0.6845,0.5129,0.2801,0.1639,0.4877,Adyar,morning,independent,medium,0,0,2,2024-06-12,19.28,1
0.5001,0.4483,0.7217,0.4935,0.2994,0.1197,0.4652,Adyar,morning,apartment,medium,0,0,1,2024-09-24,50.35,0
0.038,0.8613,0.6089,0.8197,0.533,0.5467,0.9424,Velachery,afternoon,apartment,large,0,0,2,2024-11-27,33.17,1
0.7918,0.7942,0.8933,0.2954,0.3591,0.5442,0.271,Velachery,afternoon,apartment,small,0,0,2,2024-07-10,100.0,0
0.0192,0.9124,0.2128,0.6719,0.6849,0.6149,0.793,T Nagar,afternoon,independent,large,0,0,1,2024-12-31,53.26,0
0.0861,0.698,0.5939,0.8891,0.4665,0.3071,0.4885,Velachery,evening,independent,medium,0,0,3,2024-03-07,25.69,0
0.4305,0.2548,0.5543,0.6974,0.2166,0.5251,0.0726,Anna Nagar,afternoon,independent,small,0,0,3,2024-07-04,28.8,1
0.1072,0.4392,0.6877,0.7615,0.635,0.1166,0.4776,Porur,morning,apartment,medium,0,0,1,2024-04-30,15.57,1
0.378,0.9041,0.7459,0.9574,0.7496,0.5224,0.1866,Velachery,evening,independent,small,0,0,4,2024-05-03,71.59,0
0.1678,0.3562,0.735,0.6704,0.7623,0.3726,0.3002,T Nagar,afternoon,apartment,small,0,0,4,2024-03-08,22.45,1
0.0071,0.6074,0.8358,0.79,0.3662,0.596,0.8677,Porur,afternoon,independent,large,0,0,3,2024-09-19,8.6,1
0.1759,0.2951,0.8593,0.7245,0.7106,0.31,0.4383,Porur,morning,independent,medium,0,0,0,2024-05-13,11.86,1
0.1981,0.0926,0.2365,0.1122,0.3797,0.4599,0.3919,Adyar,evening,independent,medium,0,0,4,2024-11-22,44.07,1
0.48,0.567,0.4669,0.5531,0.1469,0.5242,0.4975,Porur,evening,independent,medium,0,0,3,2024-06-27,67.72,0
0.6898,0.5785,0.8328,0.8591,0.3304,0.3148,0.7231,T Nagar,evening,apartment,large,0,0,1,2024-09-03,71.13,0
0.4666,0.1597,0.4339,0.8035,0.7665,0.1462,0.4157,Anna Nagar,morning,apartment,medium,1,0,5,2024-04-20,32.75,1
0.2836,0.1429,0.9326,0.6279,0.0815,0.375,0.1491,Anna Nagar,evening,independent,small,0,0,1,2024-12-10,0.0,1
0.0479,0.4084,0.1914,0.4685,0.7474,0.2592,0.9059,T Nagar,morning,independent,large,1,0,5,2024-09-07,46.89,1
0.2098,0.7268,0.697,0.704,0.1978,0.1407,0.8933,Porur,morning,independent,large,0,0,0,2024-06-10,34.48,1
0.4906,0.2512,0.5323,0.866,0.125,0.4801,0.6353,Adyar,evening,apartment,medium,1,0,6,2024-03-24,32.12,1
0.1638,0.02,0.5909,0.8949,0.7007,0.4223,0.3356,Porur,evening,apartment,medium,1,0,6,2024-12-29,6.73,1
0.4357,0.2523,0.8747,0.8018,0.1709,0.3736,0.4273,Adyar,evening,apartment,medium,1,0,6,2024-05-12,15.2,1
0.3349,0.2825,0.463,0.5367,0.1106,0.5534,0.2352,T Nagar,afternoon,independent,small,0,0,3,2024-04-25,34.0,1
0.1566,0.3956,0.111,0.5391,0.5162,0.3614,0.5885,Adyar,evening,apartment,medium,0,0,2,2024-06-19,52.91,0
0.0343,0.5963,0.4667,0.9197,0.1096,0.3795,0.436,T Nagar,evening,independent,medium,0,0,4,2024-03-08,12.31,1
0.2199,0.8641,0.7777,0.7951,0.1139,0.5874,0.2578,Velachery,afternoon,apartment,small,0,0,0,2024-01-08,40.03,1
0.0895,0.3286,0.6335,0.1398,0.3278,0.2425,0.2385,Velachery,morning,apartment,small,0,0,1,2024-02-20,26.4,1
0.2503,0.2873,0.048,0.7856,0.186,0.3943,0.1794,Porur,evening,independent,small,0,0,2,2024-09-11,37.04,1
0.6535,0.2734,0.2123,0.1517,0.8313,0.0807,0.7673,Velachery,morning,apartment,large,0,0,3,2024-11-14,89.87,0
0.3847,0.3443,0.1972,0.979,0.4426,0.2127,0.7265,Velachery,morning,apartment,large,0,0,0,2024-08-19,50.69,1
0.1044,0.5988,0.9003,0.8317,0.1089,0.2293,0.4229,T Nagar,morning,independent,medium,0,0,4,2024-12-27,3.3,1
0.3477,0.0208,0.7348,0.4422,0.0568,0.1681,0.6916,Porur,morning,independent,large,0,0,3,2024-12-05,6.33,1
0.0214,0.5995,0.2778,0.8226,0.4626,0.5939,0.2215,Porur,afternoon,apartment,small,0,0,0,2024-03-18,29.16,1
0.152,0.1967,0.1976,0.9175,0.2367,0.2514,0.4914,Anna Nagar,morning,apartment,medium,1,0,5,2024-01-20,17.43,1
0.0441,0.7857,0.4343,0.4647,0.5973,0.2434,0.43,T Nagar,morning,apartment,medium,0,0,0,2024-05-20,39.01,1
0.8199,0.2422,0.8382,0.9593,0.5867,0.1839,0.7571,Velachery,morning,apartment,large,0,0,1,2024-06-04,43.2,1
0.0912,0.0632,0.5708,0.9447,0.371,0.3342,0.1979,Anna Nagar,evening,apartment,small,1,0,5,2024-02-10,0.0,1
0.1254,0.3827,0.971,0.6947,0.8123,0.3778,0.4752,Porur,evening,apartment,medium,1,0,5,2024-12-28,8.2,1
0.1915,0.9422,0.3707,0.9165,0.8055,0.4859,0.6082,T Nagar,afternoon,apartment,medium,0,0,1,2024-08-06,66.02,0
0.1764,0.2023,0.9398,0.4353,0.1418,0.3092,0.6005,T Nagar,evening,apartment,medium,1,0,5,2024-11-09,3.68,1
0.6256,0.7815,0.8634,0.5715,0.225,0.2453,0.503,Velachery,morning,apartment,medium,0,0,0,2024-07-08,89.9,0
0.4066,0.3099,0.9766,0.5652,0.2589,0.6827,0.2394,Anna Nagar,afternoon,independent,small,1,0,5,2024-01-27,20.48,1
0.0006,0.4255,0.5501,0.489,0.2814,0.3732,0.152,Adyar,evening,independent,small,0,0,3,2024-08-08,15.63,1
0.3268,0.6779,0.3928,0.9797,0.8412,0.1908,0.2081,Velachery,morning,independent,small,0,0,4,2024-09-27,63.47,0
0.1449,0.8505,0.7825,0.7111,0.2826,0.4899,0.5458,Adyar,afternoon,apartment,medium,0,0,0,2024-11-04,33.35,1
0.096,0.5243,0.8977,0.7991,0.0857,0.1652,0.4743,Anna Nagar,morning,independent,medium,0,0,3,2024-06-06,0.0,1
0.2416,0.1159,0.7628,0.6523,0.8414,0.2985,0.4015,Porur,morning,apartment,medium,1,0,6,2024-09-01,13.01,0
0.1761,0.3849,0.6549,0.9015,0.3195,0.2588,0.7559,Porur,morning,apartment,large,0,0,0,2024-02-05,15.38,0
0.8045,0.9986,0.6066,0.7871,0.4859,0.1961,0.7037,Velachery,morning,independent,medium,0,0,3,2024-05-23,100.0,0
0.0205,0.8191,0.8348,0.9483,0.0966,0.559,0.6588,T Nagar,afternoon,apartment,medium,0,0,3,2024-08-29,4.96,1
0.356,0.5805,0.9808,0.8633,0.7676,0.6095,0.7656,Velachery,afternoon,apartment,large,1,0,6,2024-03-10,42.55,1
0.1161,0.4034,0.6019,0.7806,0.7804,0.217,0.46,Porur,morning,independent,medium,0,0,1,2024-08-27,22.47,1
0.431,0.5068,0.4696,0.747,0.1988,0.2844,0.4317,Porur,evening,independent,medium,1,0,5,2024-03-16,48.7,1
0.3559,0.5216,0.4378,0.566,0.8343,0.3637,0.4883,Velachery,evening,apartment,medium,1,0,6,2024-07-14,67.27,0
0.1421,0.4125,0.2099,0.4471,0.5521,0.2021,0.5573,Anna Nagar,morning,independent,medium,1,0,6,2024-05-05,43.89,1
0.1288,0.6,0.8923,0.1729,0.1972,0.5085,0.6584,Velachery,evening,apartment,large,0,0,0,2024-12-02,32.45,1
0.101,0.5101,0.9212,0.4056,0.5126,0.144,0.7421,T Nagar,morning,independent,large,0,0,2,2024-07-24,17.36,1
0.4152,0.0625,0.1367,0.8597,0.426,0.165,0.2308,Anna Nagar,morning,apartment,small,0,0,1,2024-04-02,27.61,1
0.1814,0.3852,0.7516,0.8464,0.8283,0.2344,0.7454,Anna Nagar,morning,apartment,large,1,0,6,2024-05-05,18.74,1
0.0919,0.2088,0.6302,0.7481,0.2194,0.2884,0.1459,T Nagar,evening,apartment,small,1,0,6,2024-12-01,1.11,1
0.2727,0.4929,0.6571,0.6683,0.2742,0.3882,0.2287,Adyar,afternoon,apartment,small,0,0,2,2024-07-10,33.25,1
0.0261,0.5217,0.2408,0.7726,0.4006,0.3614,0.4428,T Nagar,evening,apartment,medium,0,0,4,2024-05-03,28.84,1
0.4535,0.3698,0.7376,0.7303,0.0999,0.4969,0.155,Porur,afternoon,independent,small,0,0,1,2024-07-23,30.5,1
0.486,0.1807,0.9485,0.6521,0.33,0.5276,0.0857,Velachery,afternoon,apartment,small,1,0,5,2024-12-07,15.87,1
0.0654,0.1719,0.5254,0.459,0.8466,0.5396,0.1292,Anna Nagar,afternoon,apartment,small,1,0,6,2024-05-12,24.18,1
0.1226,0.3653,0.4548,0.6381,0.5133,0.6037,0.2423,Porur,afternoon,apartment,small,0,0,0,2024-05-13,29.99,1
0.5055,0.3651,0.4162,0.6533,0.495,0.3741,0.1765,T Nagar,evening,independent,small,1,0,6,2024-03-10,54.06,0
0.483,0.2601,0.6373,0.1812,0.42,0.4361,0.1422,Velachery,evening,independent,small,0,0,1,2024-02-20,49.6,1
0.0949,0.6597,0.8973,0.6943,0.7555,0.2989,0.1984,Porur,morning,apartment,small,1,0,6,2024-07-14,13.85,1
0.1221,0.2424,0.6234,0.5457,0.479,0.238,0.6405,Porur,morning,apartment,large,0,0,1,2024-09-24,18.29,1
0.4369,0.1223,0.6374,0.2896,0.8468,0.5487,0.5722,Adyar,afternoon,apartment,medium,0,0,3,2024-09-12,45.1,1
0.281,0.4898,0.8437,0.5699,0.3166,0.274,0.1893,Velachery,morning,independent,small,0,0,3,2024-07-11,28.95,1
0.224,0.3365,0.5184,0.8622,0.2584,0.3769,0.2102,Velachery,evening,independent,small,0,0,1,2024-09-03,22.71,1
0.1401,0.7562,0.678,0.2938,0.4604,0.2685,0.133,Velachery,morning,apartment,small,0,0,1,2024-02-13,41.97,1
0.3046,0.5916,0.7194,0.3799,0.2046,0.4217,0.2049,Velachery,afternoon,independent,small,1,0,6,2024-02-18,45.32,1
0.1636,0.9199,0.4308,0.7994,0.3957,0.2883,0.1498,T Nagar,morning,independent,small,1,1,6,2024-01-14,47.57,1
0.313,0.6336,0.968,0.9181,0.579,0.2906,0.4573,Adyar,morning,independent,medium,0,0,1,2024-02-20,31.55,0
0.0276,0.4884,0.4332,0.315,0.3131,0.3682,0.5367,Anna Nagar,evening,apartment,medium,0,0,2,2024-01-31,28.81,1
0.5041,0.5123,0.7575,0.8323,0.0803,0.1719,0.2146,Velachery,morning,independent,small,0,0,0,2024-01-08,42.64,1
0.083,0.6742,0.2774,0.7257,0.2728,0.3945,0.8346,Velachery,evening,apartment,large,0,0,0,2024-06-24,41.7,1
0.5035,0.1123,0.7565,0.3028,0.6866,0.184,0.2269,Velachery,morning,apartment,small,1,0,6,2024-10-27,29.85,1
0.2291,0.1018,0.7475,0.4609,0.5797,0.1449,0.26,Porur,morning,apartment,small,1,0,5,2024-09-14,9.63,1
0.2204,0.3569,0.598,0.584,0.175,0.1895,0.4218,Anna Nagar,morning,independent,medium,0,0,1,2024-09-24,20.26,1
0.3795,0.5806,0.2534,0.7428,0.5791,0.4716,0.7377,Porur,evening,apartment,large,0,0,2,2024-07-03,73.61,0
0.7628,0.2209,0.8946,0.5878,0.5353,0.4637,0.4378,Adyar,evening,apartment,medium,1,0,6,2024-09-01,41.44,1
0.0607,0.0636,0.0772,0.8217,0.7147,0.2306,0.1805,Adyar,morning,apartment,small,0,0,0,2024-01-01,31.26,1
0.0403,0.2577,0.2938,0.7422,0.6581,0.4329,0.5668,Velachery,evening,independent,medium,1,0,6,2024-10-06,31.36,1
0.2574,0.3727,0.3017,0.692,0.2446,0.3804,0.227,T Nagar,evening,independent,small,0,0,4,2024-12-27,36.97,1
0.5243,0.7431,0.9609,0.98,0.4216,0.3073,0.3924,Velachery,morning,apartment,medium,0,0,0,2024-08-26,62.04,0
0.2389,0.6325,0.1296,0.6933,0.234,0.3313,0.4478,Anna Nagar,evening,apartment,medium,0,0,4,2024-09-27,54.65,0
0.0247,0.6106,0.5001,0.5795,0.426,0.531,0.2613,Porur,afternoon,apartment,small,0,0,2,2024-08-28,25.05,1
0.1124,0.6401,0.1182,0.8012,0.4177,0.5481,0.2092,Velachery,afternoon,apartment,small,0,0,2,2024-12-25,49.13,0
0.3753,0.8812,0.8723,0.8998,0.5756,0.385,0.1371,T Nagar,afternoon,independent,small,0,0,2,2024-01-10,57.47,0
0.2235,0.5928,0.8336,0.887,0.702,0.747,0.5427,T Nagar,afternoon,apartment,medium,0,1,0,2024-01-15,37.69,1
0.2387,0.6334,0.8425,0.4531,0.1995,0.4168,0.5691,Velachery,afternoon,apartment,medium,0,0,4,2024-02-16,38.63,1
0.0085,0.1141,0.7992,0.7004,0.3801,0.2503,0.3712,Anna Nagar,morning,apartment,medium,0,0,3,2024-08-29,0.0,1
0.0463,0.5922,0.6278,0.6785,0.2797,0.1695,0.4834,T Nagar,morning,independent,medium,1,0,5,2024-04-20,12.27,1
0.2747,0.3187,0.7326,0.8182,0.3162,0.2757,0.3837,Velachery,morning,independent,medium,0,0,4,2024-04-19,18.79,1
0.4623,0.1677,0.5774,0.4446,0.7785,0.4023,0.5386,Porur,evening,independent,medium,0,0,1,2024-10-01,42.92,1
0.0503,0.1524,0.1819,0.5689,0.6932,0.2308,0.1915,Porur,morning,apartment,small,0,0,1,2024-02-13,31.94,1
0.4232,0.8767,0.3729,0.9127,0.3097,0.4417,0.1458,T Nagar,afternoon,independent,small,0,0,4,2024-07-05,80.68,0
0.5507,0.5168,0.6261,0.3748,0.4106,0.4253,0.7023,Velachery,afternoon,independent,large,0,0,4,2024-03-08,77.36,1
0.2467,0.5955,0.6928,0.6147,0.6205,0.6039,0.3053,Anna Nagar,afternoon,apartment,medium,1,0,5,2024-09-14,40.88,1
0.3607,0.7474,0.8525,0.4731,0.1781,0.307,0.5528,T Nagar,evening,apartment,medium,0,0,4,2024-03-22,54.04,0
0.4294,0.5225,0.754,0.8569,0.4875,0.5605,0.761,T Nagar,afternoon,independent,large,0,0,1,2024-02-13,49.98,1
0.1564,0.5994,0.3828,0.8204,0.7503,0.2243,0.2098,Adyar,morning,apartment,small,0,0,0,2024-03-25,42.31,1
0.3406,0.716,0.6524,0.5215,0.4283,0.5734,0.666,Velachery,afternoon,apartment,large,0,0,3,2024-04-25,67.95,0
0.0743,0.2745,0.333,0.3083,0.3386,0.2893,0.591,Porur,evening,apartment,medium,0,0,4,2024-07-05,32.03,1
0.0488,0.3076,0.7449,0.4933,0.1668,0.1433,0.2335,Anna Nagar,morning,independent,small,1,0,5,2024-11-23,0.0,1
0.3313,0.7572,0.4574,0.7541,0.215,0.5856,0.1735,Anna Nagar,afternoon,apartment,small,0,0,0,2024-02-12,58.96,0
0.6522,0.4196,0.4377,0.5831,0.5979,0.1921,0.4577,Adyar,morning,independent,medium,0,0,3,2024-10-10,76.56,0
0.5449,0.1679,0.1879,0.7937,0.3447,0.5238,0.186,Velachery,afternoon,independent,small,0,0,4,2024-02-16,47.96,1
0.0416,0.3712,0.7166,0.6851,0.58,0.5195,0.5038,T Nagar,afternoon,apartment,medium,1,0,5,2024-02-03,12.97,1
0.2705,0.175,0.8652,0.5589,0.729,0.659,0.7044,Porur,afternoon,apartment,large,0,0,3,2024-10-03,22.29,1
0.0588,0.8165,0.8049,0.7533,0.3641,0.5002,0.5855,Anna Nagar,afternoon,apartment,medium,0,0,4,2024-06-14,17.17,1
0.1635,0.6619,0.7222,0.3162,0.4788,0.3148,0.4765,T Nagar,morning,apartment,medium,0,0,2,2024-10-16,39.7,0
0.3232,0.4945,0.4937,0.3051,0.1164,0.5304,0.5097,Velachery,afternoon,independent,medium,0,0,1,2024-05-28,55.89,0
0.111,0.608,0.8586,0.6333,0.2619,0.466,0.7775,Adyar,evening,apartment,large,0,0,3,2024-02-08,20.7,1
0.0053,0.5554,0.5605,0.5752,0.3745,0.5596,0.7199,Velachery,afternoon,independent,large,1,0,6,2024-11-03,24.46,0
0.0415,1.0,0.7528,0.6436,0.1984,0.467,0.5622,T Nagar,afternoon,independent,medium,0,0,0,2024-06-03,22.48,0
0.5256,0.6095,0.8627,0.8459,0.3729,0.115,0.1308,Adyar,morning,apartment,small,0,0,1,2024-06-25,50.8,0
0.5474,0.2764,0.752,0.2955,0.2924,0.3853,0.4631,Adyar,evening,independent,medium,1,0,5,2024-06-22,43.75,1
0.4255,0.3038,0.384,0.8261,0.6443,0.3668,0.1237,Porur,evening,apartment,small,0,0,0,2024-12-16,44.32,1
0.5962,0.4718,0.3578,0.882,0.3625,0.1946,0.7826,Velachery,morning,apartment,large,1,0,5,2024-02-24,70.33,0
0.3308,0.3562,0.7856,0.8024,0.5136,0.3366,0.253,Adyar,evening,apartment,small,0,0,1,2024-11-19,24.78,1
0.1595,0.4814,0.5274,0.4768,0.3121,0.4143,0.1615,T Nagar,evening,independent,small,0,0,1,2024-04-16,31.8,1
0.2177,0.2118,0.7661,0.9063,0.2745,0.4598,0.2247,Porur,evening,independent,small,0,0,3,2024-10-03,3.21,1
0.1035,0.1582,0.5228,0.806,0.0725,0.4434,0.7771,Adyar,evening,independent,large,0,0,1,2024-11-26,10.35,1
0.0442,0.4739,0.8449,0.8974,0.315,0.4178,0.1918,T Nagar,evening,apartment,small,0,0,0,2024-02-12,0.0,1
0.1846,0.3875,0.49,0.5782,0.3298,0.5604,0.7958,Porur,afternoon,independent,large,0,0,3,2024-05-23,35.58,1
0.2141,0.7816,0.874,0.6285,0.3881,0.5408,0.9252,Porur,afternoon,apartment,large,0,0,3,2024-07-25,41.21,1
0.3726,0.0433,0.7593,0.6322,0.4895,0.1694,0.5751,Porur,morning,apartment,medium,1,0,6,2024-07-28,7.43,1
0.2447,0.1918,0.2363,0.9625,0.5853,0.1998,0.6875,T Nagar,morning,apartment,large,0,0,0,2024-10-28,32.04,1
0.0358,0.4912,0.8676,0.6195,0.2883,0.4154,0.7585,Velachery,evening,independent,large,0,0,2,2024-08-21,10.97,1
0.2778,0.8196,0.9117,0.6034,0.8241,0.6432,0.1637,T Nagar,afternoon,independent,small,0,0,1,2024-12-10,53.18,0
0.0621,0.3749,0.462,0.9735,0.4959,0.3693,0.5325,Adyar,evening,apartment,medium,0,0,4,2024-03-22,18.24,1
0.006,0.228,0.35,0.2601,0.6245,0.3596,0.818,T Nagar,evening,apartment,large,0,0,1,2024-02-06,37.71,1
0.0455,0.5171,0.8349,0.9788,0.2306,0.6384,0.5364,Anna Nagar,afternoon,independent,medium,0,0,4,2024-10-18,0.57,1
0.216,0.4053,0.5971,0.836,0.3602,0.5554,0.1644,Porur,afternoon,apartment,small,1,0,5,2024-02-03,21.5,1
0.2022,0.6572,0.4054,0.6073,0.0482,0.2231,0.4672,Anna Nagar,morning,independent,medium,0,0,3,2024-10-03,37.65,0
0.3302,0.3875,0.5419,0.7245,0.5453,0.1273,0.2269,Adyar,morning,independent,small,0,0,3,2024-06-27,36.79,1
0.2669,0.7365,0.2378,0.9796,0.4527,0.5755,0.256,T Nagar,afternoon,apartment,small,1,0,5,2024-08-24,58.94,1
0.0855,0.9467,0.5739,0.7029,0.5871,0.4242,0.2207,T Nagar,afternoon,apartment,small,0,0,0,2024-07-29,37.58,0
0.0346,1.0,0.94,0.8214,0.527,0.596,0.838,T Nagar,afternoon,independent,large,0,0,0,2024-12-02,18.39,1
0.1708,0.8592,0.8305,0.4479,0.4126,0.2544,0.452,Adyar,morning,apartment,medium,0,0,1,2024-04-02,40.05,1
0.0032,0.3016,0.5039,0.8072,0.4206,0.3225,0.1178,Anna Nagar,evening,independent,small,0,0,4,2024-12-13,6.13,1
0.2998,0.1718,0.6407,0.2993,0.1987,0.2566,0.8139,Porur,morning,independent,large,1,0,6,2024-03-31,24.11,1
0.3157,0.1604,0.2791,0.5938,0.5564,0.1623,0.7125,T Nagar,morning,independent,large,0,0,1,2024-08-20,39.92,0
0.0774,0.5455,0.4734,0.8708,0.5841,0.5523,0.2436,Velachery,afternoon,independent,small,0,0,0,2024-07-22,29.68,1
0.0687,0.2602,0.9204,0.8775,0.422,0.1989,0.2198,Adyar,morning,apartment,small,1,0,5,2024-08-10,0.0,1
0.6576,0.6474,0.6152,0.8282,0.208,0.4178,0.4348,Velachery,evening,independent,medium,0,0,4,2024-07-26,84.42,0
0.4414,0.2871,0.8671,0.0756,0.5072,0.2329,0.2031,Porur,morning,apartment,small,1,0,6,2024-09-29,35.88,1
0.3616,0.8372,0.9632,0.4854,0.7199,0.5819,0.4571,T Nagar,afternoon,independent,medium,0,0,1,2024-12-17,66.23,0
0.5741,0.3503,0.8271,0.4152,0.4517,0.1824,0.5447,Adyar,morning,apartment,medium,0,0,2,2024-05-22,48.73,1
0.1154,0.2123,0.4101,0.8023,0.6141,0.2776,0.4958,Anna Nagar,morning,apartment,medium,1,0,5,2024-09-28,19.19,1
0.0618,0.5411,0.3331,0.8802,0.5392,0.1671,0.5643,T Nagar,morning,apartment,medium,0,0,3,2024-01-04,27.65,0
0.5674,0.17,0.419,0.9664,0.3032,0.3969,0.8047,Porur,evening,apartment,large,0,0,4,2024-04-26,34.19,1
0.306,0.7789,0.6981,0.7475,0.6829,0.5874,0.2293,T Nagar,afternoon,apartment,small,0,0,2,2024-05-08,58.38,0
0.0796,0.2447,0.7484,0.7237,0.1424,0.172,0.212,Adyar,morning,apartment,small,1,0,6,2024-02-04,0.0,1
0.2177,0.5743,0.8116,0.3214,0.9345,0.4222,0.8418,Porur,evening,apartment,large,0,0,4,2024-05-10,48.59,1
0.0083,0.5075,0.3459,0.5875,0.2425,0.2513,0.2215,Adyar,morning,independent,small,1,0,6,2024-10-20,19.8,1
0.3716,0.5491,0.3695,0.2764,0.264,0.2977,0.5133,T Nagar,morning,apartment,medium,1,0,6,2024-06-09,65.04,0
0.2988,0.2843,0.7719,0.6308,0.5372,0.3944,0.5528,Adyar,evening,apartment,medium,0,0,1,2024-12-10,26.78,1
0.0096,0.5723,0.9544,0.5922,0.3301,0.6199,0.5242,Adyar,afternoon,independent,medium,0,0,3,2024-07-11,7.49,1
0.2724,0.591,0.2944,0.8284,0.4878,0.227,0.2696,T Nagar,morning,independent,small,1,0,5,2024-02-24,49.12,1
0.2094,0.2858,0.6738,0.4713,0.2439,0.5197,0.192,Anna Nagar,afternoon,apartment,small,0,0,0,2024-05-20,19.9,1
0.223,0.7431,0.2367,0.5862,0.4973,0.6263,0.1948,Adyar,afternoon,apartment,small,0,0,3,2024-12-05,68.18,0
0.3857,0.2034,0.2823,0.8559,0.6187,0.3041,0.2053,Velachery,morning,apartment,small,1,0,5,2024-11-09,39.55,1
0.1653,0.6654,0.5834,0.9176,0.4958,0.5275,0.1867,Velachery,afternoon,apartment,small,1,0,5,2024-06-15,32.72,1
0.58,0.6018,0.3084,0.5644,0.4075,0.211,0.7484,Velachery,morning,independent,large,0,0,2,2024-11-13,94.34,0
0.2264,0.708,0.8964,0.6973,0.4769,0.4637,0.5021,Anna Nagar,evening,apartment,medium,0,0,4,2024-04-12,32.45,1
0.0461,0.5817,0.1087,0.6035,0.4144,0.4921,0.2709,Velachery,afternoon,independent,small,0,0,3,2024-05-30,45.4,1
0.3552,0.7133,0.4084,0.9691,0.2333,0.2348,0.2393,Velachery,morning,independent,small,0,0,3,2024-08-29,56.27,0
0.3394,0.4574,0.8157,0.9089,0.3917,0.1842,0.6338,Adyar,morning,independent,medium,0,0,4,2024-12-27,27.02,1
0.3204,0.5591,0.9618,0.963,0.2234,0.2528,0.4118,Velachery,morning,independent,medium,1,0,5,2024-09-21,20.53,1
0.078,0.1903,0.7018,0.6718,0.2113,0.2289,0.6851,Porur,morning,independent,medium,0,0,2,2024-12-25,3.32,1
0.0435,0.3063,0.903,0.488,0.6895,0.2078,0.4973,Anna Nagar,morning,apartment,medium,0,0,4,2024-02-23,5.56,1
0.1749,0.1285,0.6002,0.4609,0.254,0.1043,0.3285,Porur,morning,apartment,medium,1,0,5,2024-09-14,9.08,1
0.2011,0.9926,0.5849,0.8322,0.402,0.5333,0.8481,Velachery,afternoon,independent,large,0,0,4,2024-06-14,59.27,0
0.1063,0.8142,0.9277,0.5503,0.6701,0.3176,0.2192,T Nagar,evening,independent,small,0,0,1,2024-09-24,24.27,1
0.537,1.0,0.9197,0.7876,0.2591,0.5723,0.2531,Adyar,afternoon,independent,small,0,0,4,2024-08-09,92.36,0
0.1379,0.1606,0.3906,0.5055,0.7249,0.5752,0.4736,Velachery,afternoon,apartment,medium,0,0,4,2024-12-27,39.41,1
0.0323,0.4044,0.9181,0.6987,0.6032,0.2481,0.7328,Porur,morning,apartment,large,1,0,6,2024-06-30,1.38,1
0.0775,0.1619,0.9078,0.6664,0.5833,0.4515,0.8178,Porur,evening,independent,large,0,0,3,2024-05-23,4.19,1
0.5301,0.4672,0.3779,0.3214,0.4345,0.2123,0.543,Velachery,morning,apartment,medium,1,0,6,2024-03-03,77.21,0
0.1168,0.5836,0.312,0.4359,0.2675,0.1605,0.1437,Porur,morning,apartment,small,0,0,3,2024-07-25,35.74,1
0.1691,1.0,0.9555,0.786,0.4219,0.5532,0.5715,Velachery,afternoon,apartment,medium,0,0,1,2024-08-06,38.46,1
0.1795,0.4275,0.6833,0.5037,0.2365,0.2051,0.223,Adyar,morning,apartment,small,0,0,4,2024-05-10,21.93,1
0.0395,0.4984,0.5852,0.9142,0.2273,0.231,0.4197,Adyar,morning,independent,medium,0,0,1,2024-10-01,7.66,1
0.0424,0.7926,0.5643,0.5199,0.1914,0.3905,0.5084,Velachery,afternoon,apartment,medium,0,0,4,2024-03-15,29.22,1
0.086,0.4174,0.6227,0.8904,0.3755,0.1281,0.176,T Nagar,morning,independent,small,1,0,5,2024-02-10,4.78,1
0.0354,0.374,0.4926,0.4377,0.6737,0.4539,0.2622,Anna Nagar,evening,independent,small,0,0,1,2024-08-20,27.74,1
0.2879,0.3879,0.6913,0.4847,0.4087,0.3129,0.4226,Porur,afternoon,independent,medium,0,0,0,2024-04-22,32.5,1
0.1101,0.1518,0.776,0.6692,0.4612,0.2083,0.2081,Porur,morning,apartment,small,0,0,2,2024-12-11,0.74,1
0.1105,0.7212,0.6987,0.5494,0.3211,0.4467,0.4654,Anna Nagar,afternoon,apartment,medium,0,0,3,2024-09-05,27.94,1
0.0752,1.0,0.6402,0.3202,0.5926,0.5002,0.5636,T Nagar,afternoon,apartment,medium,0,0,3,2024-05-23,48.09,1
0.7664,0.4879,0.5795,0.624,0.7234,0.5425,0.0814,Velachery,afternoon,apartment,small,1,0,5,2024-03-09,90.41,0
0.4655,0.0214,0.7874,0.7683,0.4473,0.574,0.7594,Porur,afternoon,apartment,large,0,0,3,2024-03-07,11.83,1
0.1954,0.3112,0.3481,0.6923,0.3225,0.2586,0.5903,Porur,morning,independent,medium,1,0,6,2024-11-10,28.14,1
0.3039,0.9197,0.5097,0.5609,0.6747,0.4217,0.2256,Adyar,afternoon,independent,small,0,0,2,2024-05-15,78.67,0
0.254,0.1786,0.9126,0.8821,0.2491,0.3324,0.2648,Velachery,evening,apartment,small,0,0,1,2024-11-05,0.0,1
0.0798,0.7357,0.4905,0.9589,0.6263,0.2024,0.2457,Porur,morning,apartment,small,0,0,1,2024-10-29,24.95,1
0.4177,0.3691,0.9715,0.9256,0.2841,0.389,0.8481,Anna Nagar,evening,apartment,large,0,0,0,2024-04-15,19.98,1
0.0668,0.7605,0.6685,0.501,0.5725,0.1819,0.3982,Velachery,morning,independent,medium,0,0,2,2024-09-25,31.12,1
0.4775,0.2514,0.8606,0.7971,0.5434,0.3423,0.5533,Porur,evening,apartment,medium,0,0,4,2024-09-27,24.11,1
0.0998,0.1883,0.7959,0.797,0.4466,0.3775,0.5522,Porur,evening,apartment,medium,1,0,6,2024-03-17,0.48,1
0.5497,0.8443,0.8413,0.7918,0.6055,0.3932,0.5448,Velachery,evening,apartment,medium,0,0,4,2024-07-26,89.68,0
0.2517,0.3877,0.8461,0.4988,0.3042,0.5826,0.694,T Nagar,afternoon,apartment,large,1,0,6,2024-03-03,26.25,1
0.4867,0.5848,0.3923,0.361,0.2206,0.2339,0.697,T Nagar,morning,apartment,medium,1,0,6,2024-04-07,75.94,0
0.1205,0.3904,0.3761,0.8518,0.4779,0.417,0.4184,Porur,evening,apartment,medium,0,0,2,2024-11-06,26.88,1
0.2327,0.2805,0.725,0.6311,0.2918,0.3589,0.7764,Velachery,evening,independent,large,0,0,2,2024-05-29,23.01,1
0.6033,0.461,0.5761,0.3949,0.2279,0.1972,0.1656,Velachery,morning,independent,small,1,0,6,2024-06-16,65.39,0
0.0879,0.4311,0.3026,0.6848,0.4051,0.3888,0.4834,Anna Nagar,evening,apartment,medium,0,0,4,2024-08-02,30.52,1
0.039,0.2543,0.6242,0.1555,0.1312,0.5105,0.5729,Anna Nagar,afternoon,apartment,medium,0,0,0,2024-04-08,19.39,1
0.0836,0.1467,0.7115,0.7285,0.1973,0.4153,0.5784,Anna Nagar,afternoon,apartment,medium,0,0,1,2024-11-19,1.02,1
0.0282,0.2097,0.9199,0.3068,0.253,0.2956,0.1777,Porur,morning,independent,small,0,0,1,2024-02-20,0.0,1
0.3294,0.4338,0.4416,0.3525,0.4133,0.4406,0.2473,T Nagar,evening,apartment,small,1,0,6,2024-09-29,51.81,0
0.6049,0.3279,0.5275,0.6628,0.5801,0.124,0.4592,Velachery,morning,apartment,medium,0,0,4,2024-08-23,57.65,0
0.0989,0.4673,0.7922,0.1502,0.77,0.4455,0.7801,Adyar,evening,apartment,large,0,0,1,2024-07-16,37.81,1
0.3834,0.3203,0.6866,0.4543,0.5081,0.2401,0.245,Adyar,morning,apartment,small,0,0,1,2024-12-24,37.52,1
0.001,0.1316,0.1253,0.672,0.4041,0.1926,0.5733,Porur,morning,apartment,medium,0,0,0,2024-04-01,24.63,1
0.1769,0.7648,0.9329,0.4087,0.5374,0.5168,0.1947,Velachery,afternoon,apartment,small,0,0,3,2024-05-23,38.24,1
0.1104,0.9036,0.5381,0.7067,0.6561,0.2753,0.19,Adyar,morning,independent,small,0,0,1,2024-05-28,41.87,1
0.556,0.5568,0.1641,0.5581,0.2862,0.5645,0.497,Velachery,afternoon,apartment,medium,0,0,2,2024-07-17,93.53,0
0.6142,0.515,0.6588,0.5566,0.6398,0.5864,0.261,Velachery,afternoon,apartment,small,1,0,6,2024-06-02,78.15,0
0.6781,0.3529,0.8297,0.5454,0.7709,0.5141,0.2828,Velachery,evening,apartment,small,1,0,6,2024-11-10,60.01,0
0.1041,0.5159,0.896,0.8713,0.2945,0.3482,0.1452,Velachery,evening,apartment,small,1,0,6,2024-05-19,2.8,1
0.2364,0.1481,0.4858,0.549,0.3416,0.4983,0.2567,Porur,afternoon,independent,small,0,0,0,2024-09-30,23.31,1
0.5827,1.0,0.6674,0.6397,0.2695,0.4689,0.2098,T Nagar,afternoon,independent,small,0,0,4,2024-03-15,100.0,0
0.0782,0.4684,0.6491,0.722,0.1996,0.4832,0.2291,Anna Nagar,afternoon,independent,small,0,0,2,2024-02-21,10.77,1
0.1407,0.7078,0.3898,0.4932,0.4094,0.3644,0.4272,T Nagar,evening,apartment,medium,0,0,4,2024-04-26,47.41,1
0.0893,0.37,0.4232,0.758,0.4359,0.2082,0.4169,Anna Nagar,morning,apartment,medium,0,0,3,2024-07-18,19.55,1
0.4513,0.3113,0.3212,0.5085,0.4305,0.42,0.27,Porur,evening,independent,small,0,0,4,2024-04-12,54.38,0
0.5082,0.3525,0.7388,0.7947,0.5647,0.187,0.8113,Adyar,morning,apartment,large,0,0,3,2024-03-21,42.73,1
0.1747,0.4911,0.6155,0.8633,0.6727,0.1199,0.3676,Adyar,morning,independent,medium,0,0,0,2024-06-10,26.16,1
0.1345,0.6112,0.412,0.4552,0.3913,0.2626,0.3907,Velachery,morning,independent,medium,0,0,0,2024-07-29,43.82,1
0.3976,0.5067,0.7401,0.6242,0.2879,0.3196,0.8029,Adyar,evening,apartment,large,0,0,1,2024-02-06,47.26,1
0.0496,0.1276,0.7063,0.5096,0.5661,0.205,0.5647,Adyar,morning,apartment,medium,0,0,0,2024-03-11,11.47,1
0.3647,0.4837,0.6493,0.5942,0.6106,0.2786,0.7466,Porur,morning,apartment,large,0,0,1,2024-10-22,49.74,1
0.1661,0.6249,0.7219,0.6754,0.611,0.4627,0.7644,Anna Nagar,afternoon,independent,large,0,0,3,2024-08-15,34.37,1
0.322,0.6618,0.8652,0.7839,0.7863,0.1966,0.9009,Anna Nagar,morning,apartment,large,0,0,4,2024-06-07,44.57,1
0.2245,0.5674,0.4329,0.8839,0.3126,0.0949,0.5158,T Nagar,morning,apartment,medium,0,0,1,2024-12-17,33.96,1
0.1576,0.2661,0.6868,0.6197,0.538,0.228,0.2042,Adyar,morning,independent,small,1,0,5,2024-12-07,14.45,1
0.3211,0.4536,0.7419,0.6995,0.7261,0.6296,0.6299,Porur,afternoon,apartment,medium,0,0,0,2024-12-23,43.04,1
0.0428,0.4575,0.54,0.4154,0.569,0.4163,0.134,Anna Nagar,afternoon,apartment,small,0,0,3,2024-05-30,25.04,0
0.4927,0.2997,0.9257,0.7927,0.1839,0.5677,0.1692,Adyar,afternoon,independent,small,1,0,5,2024-05-11,21.49,1
0.1811,1.0,0.491,0.5762,0.3276,0.4667,0.4746,T Nagar,afternoon,apartment,medium,0,0,3,2024-08-08,58.54,0
0.1842,0.0564,0.2113,0.6226,0.1705,0.1971,0.7732,Porur,morning,apartment,large,0,0,0,2024-01-22,22.46,1
0.6103,0.33,0.6487,0.4685,0.2948,0.4936,0.6418,Adyar,afternoon,independent,large,1,0,5,2024-03-09,55.81,0
0.3881,0.4378,0.5387,0.9253,0.3353,0.4565,0.562,Anna Nagar,evening,independent,medium,0,0,2,2024-01-03,39.74,1
0.2539,0.3653,0.6814,0.3546,0.2252,0.4376,0.5315,Adyar,evening,apartment,medium,0,0,2,2024-08-28,33.96,1
0.5504,0.5173,0.6565,0.6676,0.3814,0.3442,0.4253,T Nagar,evening,independent,medium,0,0,3,2024-06-06,62.16,1
0.3561,0.4145,0.553,0.777,0.3857,0.1925,0.5633,T Nagar,morning,independent,medium,0,0,0,2024-04-29,37.88,1
0.2767,0.333,0.7113,0.6076,0.5114,0.3417,0.7162,Porur,evening,apartment,large,0,0,1,2024-01-23,29.27,1
0.16,0.9112,0.4318,0.9699,0.2907,0.5113,0.6944,T Nagar,afternoon,apartment,medium,0,0,0,2024-05-20,45.83,1
0.3849,0.8741,1.0,0.7096,0.4849,0.5494,0.56,T Nagar,afternoon,apartment,medium,1,0,5,2024-12-21,60.1,1
0.0467,0.4604,0.8712,0.945,0.3889,0.5588,0.1173,Adyar,afternoon,independent,small,1,0,5,2024-08-03,0.0,1
0.0448,0.3016,0.8268,0.8665,0.4815,0.3101,0.3903,Porur,morning,independent,medium,1,0,6,2024-10-13,0.0,1
0.2596,0.8466,0.8039,0.6702,0.1272,0.3797,0.7233,Porur,evening,independent,large,0,0,1,2024-06-25,44.35,1
0.0566,0.183,0.9131,0.8176,0.6815,0.5621,0.5246,Anna Nagar,afternoon,independent,medium,0,0,3,2024-12-05,0.0,1
0.0742,0.4124,0.5251,0.5584,0.3874,0.5493,0.5025,Velachery,afternoon,apartment,medium,0,0,3,2024-08-29,29.24,1
0.1834,0.7284,0.43,0.9313,0.8349,0.4208,0.4891,Adyar,evening,apartment,medium,0,0,2,2024-07-10,52.5,0
0.1799,0.6556,0.4055,0.5575,0.2082,0.217,0.2729,T Nagar,morning,independent,small,0,0,2,2024-02-28,39.94,1
0.8457,0.6674,0.5362,0.3656,0.3737,0.3001,0.2642,Adyar,morning,independent,small,1,1,5,2024-11-02,100.0,0
0.2099,0.6555,0.7434,0.6857,0.4212,0.1445,0.5407,T Nagar,morning,apartment,medium,0,0,1,2024-11-26,31.7,1
0.0116,0.1663,0.4213,0.9657,0.323,0.4261,0.2013,Anna Nagar,afternoon,independent,small,0,0,1,2024-02-27,3.5,1
0.1349,0.3004,0.738,0.8842,0.9532,0.4088,0.5004,Porur,evening,apartment,medium,1,0,6,2024-05-26,15.27,1
0.0639,0.572,0.4857,0.749,0.2186,0.3584,0.5092,T Nagar,evening,independent,medium,0,0,2,2024-09-25,20.83,1
0.099,0.53,0.6437,0.5657,0.2387,0.3316,0.7025,T Nagar,evening,independent,large,0,0,1,2024-04-09,22.99,1
0.2996,0.3104,0.9864,0.9813,0.2672,0.3926,0.2784,Velachery,evening,independent,small,0,0,4,2024-06-14,5.61,1
0.8187,0.5843,0.4453,0.9496,0.1925,0.4977,0.6626,Velachery,afternoon,apartment,large,0,0,2,2024-08-21,100.0,0
0.0135,1.0,0.5602,0.755,0.387,0.6952,0.4318,T Nagar,afternoon,apartment,medium,1,1,5,2024-11-02,30.33,1
0.409,0.1269,0.6444,0.6433,0.5474,0.245,0.4201,Adyar,morning,apartment,medium,0,0,1,2024-06-25,24.25,1
0.0078,0.821,0.8899,0.6149,0.654,0.1085,0.8382,T Nagar,morning,apartment,large,0,0,4,2024-07-19,13.3,1
0.7122,0.9085,0.596,0.3338,0.5326,0.4606,0.1382,T Nagar,afternoon,apartment,small,0,0,3,2024-01-25,100.0,0
0.2627,0.3363,0.8326,0.841,0.2305,0.2542,0.2045,T Nagar,morning,apartment,small,0,0,1,2024-05-07,8.46,1
0.0321,0.464,0.383,0.9162,0.7429,0.2209,0.1679,Porur,morning,apartment,small,0,0,4,2024-08-09,21.04,1
0.3449,0.3678,0.343,0.6957,0.2257,0.4184,0.5133,Adyar,afternoon,apartment,medium,0,0,1,2024-11-19,45.15,1
0.1755,0.209,0.622,0.3613,0.5187,0.1221,0.255,Anna Nagar,morning,apartment,small,1,0,6,2024-06-30,17.82,1
0.2413,0.3118,0.5924,0.8071,0.3369,0.4824,0.519,Anna Nagar,afternoon,apartment,medium,0,0,1,2024-08-06,21.99,1
0.556,0.9281,0.2716,0.7324,0.566,0.4981,0.5208,Adyar,afternoon,apartment,medium,0,0,4,2024-07-05,100.0,0
0.1132,0.3635,0.5989,0.3507,0.4349,0.5633,0.3464,T Nagar,afternoon,apartment,medium,1,0,5,2024-07-20,28.07,1
0.2151,0.3768,0.5588,0.5555,0.525,0.1279,0.5512,Anna Nagar,morning,apartment,medium,0,0,1,2024-07-09,30.16,1
0.0572,0.5931,0.2381,0.7561,0.2892,0.2456,0.5292,Adyar,morning,apartment,medium,0,0,1,2024-09-17,31.96,1
0.0244,1.0,0.8133,0.7236,0.5939,0.4699,0.645,T Nagar,afternoon,independent,medium,0,0,1,2024-01-23,22.51,1
0.7335,0.4167,0.7358,0.4935,0.5621,0.2695,0.3428,Adyar,morning,apartment,medium,0,0,3,2024-02-22,71.18,0
0.0864,0.8093,0.2389,0.8902,0.3075,0.344,0.4535,Anna Nagar,morning,independent,medium,0,0,2,2024-10-23,36.06,1
0.0679,0.1786,0.8122,0.3768,0.2013,0.4672,0.5108,Adyar,evening,apartment,medium,0,0,4,2024-12-27,9.48,1
0.1131,0.667,0.8814,0.919,0.5947,0.3106,0.4978,T Nagar,evening,independent,medium,0,0,1,2024-11-26,14.15,1
0.0812,0.4158,0.8762,0.7274,0.3256,0.2568,0.6556,Porur,morning,apartment,large,0,0,2,2024-04-24,3.73,1
0.6808,0.2642,0.8193,0.5679,0.1817,0.2321,0.5628,Velachery,morning,apartment,medium,1,0,6,2024-07-14,39.23,1
0.0127,0.3789,0.6555,0.7638,0.4073,0.5416,0.4691,Adyar,afternoon,independent,medium,0,0,3,2024-02-29,11.77,1
0.0488,0.9766,0.5795,0.415,0.4185,0.4627,0.4261,Adyar,afternoon,apartment,medium,0,0,2,2024-12-11,40.0,1
0.3376,0.4609,0.6246,0.6618,0.6491,0.3208,0.2017,Adyar,morning,apartment,small,0,0,0,2024-02-26,44.39,1
0.0886,0.0671,0.8963,0.8287,0.3968,0.5324,0.7718,Porur,afternoon,apartment,large,0,0,2,2024-05-08,0.0,1
0.1435,0.1188,0.6185,0.69,0.6309,0.3373,0.5071,Adyar,morning,apartment,medium,0,0,1,2024-04-02,16.82,1
0.0939,0.5657,0.8923,0.3422,0.3066,0.3695,0.4437,Porur,evening,apartment,medium,0,0,3,2024-01-25,17.88,1
0.1705,0.617,0.283,0.2457,0.3267,0.1837,0.4897,Adyar,morning,independent,medium,0,0,3,2024-05-02,55.35,1
0.7815,0.5083,0.4128,0.9751,0.5394,0.433,0.478,Velachery,evening,independent,medium,0,0,0,2024-02-12,92.81,0
0.0116,0.6122,0.5992,0.5468,0.1574,0.2458,0.776,Anna Nagar,morning,independent,large,0,0,0,2024-09-02,14.61,1
0.0064,0.4754,0.3217,0.4315,0.5097,0.5464,0.2454,T Nagar,afternoon,apartment,small,0,0,2,2024-03-27,34.66,1
0.0695,0.4072,0.2429,0.3608,0.5553,0.4303,0.1931,Porur,evening,apartment,small,0,0,2,2024-11-27,41.65,1
0.074,0.843,0.3576,0.9738,0.4046,0.5707,0.8351,Anna Nagar,afternoon,apartment,large,0,0,3,2024-08-01,36.85,1
0.1553,0.315,0.5335,0.789,0.7061,0.1868,0.4425,Anna Nagar,morning,apartment,medium,0,0,2,2024-05-29,22.09,1
0.0898,0.395,0.7854,0.7753,0.2491,0.2505,0.1991,Adyar,morning,apartment,small,0,0,3,2024-03-14,3.47,1
0.6085,0.7743,0.8619,0.2505,0.4877,0.1943,0.6198,Velachery,morning,apartment,medium,0,0,3,2024-12-05,99.39,0
0.5176,0.1374,0.4306,0.514,0.3249,0.2778,0.7241,Anna Nagar,evening,apartment,large,0,0,4,2024-07-12,37.12,1
0.5682,0.5301,0.7684,0.7045,0.7169,0.2967,0.5394,Velachery,morning,independent,medium,0,0,4,2024-01-26,68.11,1
0.6146,0.8938,0.4201,0.5185,0.2621,0.1664,0.1624,Velachery,morning,apartment,small,0,0,0,2024-08-12,100.0,0
0.2775,0.7766,0.8626,0.924,0.2005,0.2315,0.1149,T Nagar,morning,apartment,small,0,0,0,2024-04-08,29.38,1
0.1145,0.4886,0.3105,0.6848,0.6008,0.4332,0.759,Anna Nagar,evening,apartment,large,0,0,4,2024-01-26,41.66,1
0.1925,0.0391,0.4354,0.2559,0.3226,0.2058,0.1952,Anna Nagar,morning,apartment,small,0,0,3,2024-01-04,20.17,1
0.5352,0.348,0.8484,0.852,0.2086,0.2568,0.8479,Velachery,morning,independent,large,0,0,0,2024-01-08,34.99,1
0.0378,0.755,0.3218,0.7387,0.1698,0.1791,0.6899,T Nagar,morning,independent,large,0,0,1,2024-03-26,27.1,1
0.0035,0.6904,0.0272,0.9784,0.7395,0.1951,0.1773,T Nagar,morning,apartment,small,0,0,2,2024-12-04,38.33,1
0.3808,0.6365,0.6586,0.4726,0.2077,0.2881,0.1704,T Nagar,morning,apartment,small,1,0,5,2024-05-04,51.63,0
0.1261,0.2289,0.7435,0.1519,0.4669,0.3186,0.4241,Anna Nagar,morning,independent,medium,0,0,2,2024-04-24,20.95,1
0.3307,1.0,0.9432,0.7916,0.2549,0.4584,0.4464,T Nagar,afternoon,independent,medium,0,0,0,2024-06-03,57.1,0
0.7184,0.6403,0.8339,0.9264,0.4036,0.3379,0.5977,Velachery,evening,apartment,medium,0,0,2,2024-11-13,82.67,0
0.5912,0.82,0.7639,0.5284,0.1854,0.3846,0.2429,Velachery,afternoon,apartment,small,1,0,6,2024-04-28,91.56,0
0.5788,0.5314,0.7185,0.5272,0.0912,0.2252,0.5485,Velachery,morning,independent,medium,1,0,5,2024-11-30,62.33,0
0.1402,0.3438,0.7229,0.8879,0.3045,0.5671,0.5687,Anna Nagar,afternoon,independent,medium,0,0,1,2024-12-17,10.21,1
0.0441,0.1027,0.3399,0.2805,0.7411,0.1699,0.2061,Anna Nagar,morning,apartment,small,1,0,6,2024-07-14,28.08,1
0.5132,1.0,0.2424,0.4173,0.5437,0.5467,0.1883,T Nagar,afternoon,apartment,small,0,0,3,2024-05-02,100.0,0
0.1875,0.6495,0.6843,0.525,0.3173,0.5569,0.2105,Porur,afternoon,independent,small,1,0,5,2024-01-27,33.76,1
0.2374,0.4963,0.4857,0.6097,0.6962,0.2565,0.4374,Anna Nagar,morning,independent,medium,0,0,1,2024-06-25,44.03,0
0.3176,0.6987,0.8571,0.5144,0.1464,0.143,0.9097,Adyar,morning,apartment,large,0,0,2,2024-02-21,46.01,1
0.1252,0.2326,0.7512,0.6209,0.1004,0.3778,0.3069,Adyar,evening,apartment,medium,0,0,1,2024-01-30,5.76,1
0.3739,0.6168,0.118,0.4473,0.3509,0.2903,0.2277,Velachery,morning,apartment,small,0,0,4,2024-04-05,80.06,0
0.116,0.1799,0.1506,0.3983,0.679,0.4779,0.1337,Porur,afternoon,independent,small,0,0,2,2024-02-07,43.96,1
0.0107,0.3957,0.6751,0.7027,0.6712,0.4751,0.5909,Anna Nagar,evening,independent,medium,0,0,0,2024-01-01,14.34,1
0.1803,0.3372,0.8391,0.2915,0.2519,0.5341,0.5277,Anna Nagar,afternoon,independent,medium,0,0,2,2024-03-20,21.31,1
0.2678,0.3363,0.7306,0.9219,0.0929,0.2603,0.4067,Anna Nagar,morning,apartment,medium,1,0,6,2024-12-15,6.54,1
0.1235,0.4902,0.8527,0.5046,0.6074,0.4413,0.1383,Porur,evening,independent,small,0,0,0,2024-09-30,18.92,1
0.4084,0.4159,0.9481,0.808,0.2338,0.3365,0.6525,Anna Nagar,evening,apartment,medium,1,0,5,2024-12-28,21.79,1
0.0824,0.8915,0.3732,0.7385,0.3177,0.5616,0.092,Anna Nagar,afternoon,apartment,small,0,0,2,2024-09-18,36.52,1
0.4034,0.6864,0.1788,0.4146,0.2362,0.5863,0.5679,T Nagar,afternoon,independent,medium,1,0,6,2024-06-16,86.04,0
0.6141,0.4294,0.9128,0.381,0.132,0.2002,0.2235,Adyar,morning,independent,small,0,0,1,2024-12-10,49.7,1
0.0357,0.144,0.3945,0.941,0.4393,0.203,0.2715,Anna Nagar,morning,apartment,small,0,0,3,2024-02-15,5.87,1
0.2929,0.6909,0.8337,0.6795,0.5186,0.2014,0.1935,Velachery,morning,independent,small,0,0,2,2024-03-06,41.63,1
0.6988,0.7274,0.95,0.6197,0.9163,0.4468,0.6089,Velachery,afternoon,apartment,medium,0,0,0,2024-09-02,100.0,0
0.2269,0.7196,0.5956,0.3138,0.2546,0.4918,0.8237,Adyar,afternoon,independent,large,0,0,4,2024-11-29,57.51,0
0.2656,0.151,0.5299,0.9505,0.2756,0.2074,0.7565,Porur,morning,independent,large,0,0,3,2024-04-18,11.67,1
0.484,0.2686,0.4166,0.4411,0.3271,0.2912,0.5288,Anna Nagar,morning,apartment,medium,0,0,0,2024-12-23,47.8,1
0.4678,0.3208,0.2914,0.3877,0.4331,0.0764,0.1997,T Nagar,morning,independent,small,0,0,4,2024-11-15,56.22,0
0.5041,0.6655,0.8309,0.8008,0.7955,0.3912,0.1503,Velachery,afternoon,apartment,small,0,0,0,2024-01-22,67.85,0
0.1576,0.3362,0.6842,0.8548,0.2937,0.6328,0.7962,Velachery,afternoon,apartment,large,1,0,5,2024-05-25,18.81,1
0.0526,0.3573,0.9186,0.4308,0.2517,0.1775,0.6982,Anna Nagar,morning,independent,large,1,0,6,2024-03-24,1.11,1
0.5322,0.4848,0.3964,0.5308,0.5715,0.2994,0.5833,Velachery,morning,apartment,medium,0,0,4,2024-11-15,79.31,0
0.3108,0.257,0.6704,0.8272,0.5477,0.4078,0.4823,Anna Nagar,afternoon,apartment,medium,0,0,0,2024-10-28,22.01,1
0.2712,0.1148,0.6793,0.4635,0.1447,0.1823,0.2233,Adyar,morning,independent,small,0,0,4,2024-04-26,11.31,1
0.2598,0.3919,0.6377,0.4296,0.4328,0.3392,0.4878,Velachery,morning,independent,medium,0,0,2,2024-06-26,39.19,1
0.3019,0.8142,0.4892,0.36,0.7853,0.4446,0.2471,Velachery,afternoon,apartment,small,0,0,2,2024-04-10,82.2,0
0.6908,0.5642,0.8877,0.709,0.5233,0.2142,0.724,Adyar,morning,independent,large,0,0,2,2024-03-27,74.06,0
0.0069,0.6846,0.2231,0.8453,0.2349,0.2001,0.2827,T Nagar,morning,independent,small,0,0,2,2024-05-08,21.56,1
0.3199,0.2316,0.2836,0.827,0.2448,0.5758,0.1421,Anna Nagar,afternoon,apartment,small,0,0,2,2024-07-31,30.34,1
0.504,0.1488,0.9144,0.6547,0.2661,0.4127,0.4169,Adyar,evening,independent,medium,0,0,1,2024-02-13,15.93,1
0.0805,0.214,0.8425,0.9539,0.7929,0.2858,0.4778,Anna Nagar,morning,apartment,medium,0,0,3,2024-10-24,0.0,1
0.1941,0.126,0.829,0.674,0.5371,0.0678,0.1619,Velachery,morning,independent,small,0,0,2,2024-12-04,3.41,1
0.1039,0.6036,0.2274,0.9152,0.7362,0.1785,0.5037,Adyar,morning,apartment,medium,0,0,0,2024-10-07,43.27,1
0.2539,0.1881,0.1509,0.8383,0.1813,0.2644,0.7545,Adyar,morning,apartment,large,0,0,2,2024-02-28,31.79,1
0.4135,0.4869,0.6531,0.9441,0.3151,0.5272,0.6189,Adyar,afternoon,apartment,medium,0,0,0,2024-12-02,44.58,1
0.1678,0.3902,0.2968,0.5922,0.4262,0.1574,0.4615,Anna Nagar,morning,apartment,medium,0,0,2,2024-10-16,35.06,1
0.0985,0.5818,0.6527,0.5409,0.5672,0.3327,0.7249,Adyar,evening,apartment,large,0,0,2,2024-05-29,32.44,0
0.2033,0.4135,0.6223,0.772,0.4272,0.6067,0.8656,Adyar,afternoon,independent,large,1,0,5,2024-08-03,31.41,1
0.187,0.5376,0.5596,0.4783,0.3188,0.3402,0.2787,T Nagar,morning,apartment,small,0,1,4,2024-11-01,39.06,0
0.029,0.0782,0.9831,0.5677,0.286,0.2545,0.863,T Nagar,morning,apartment,large,1,0,5,2024-03-30,0.0,1
0.0591,0.5399,0.6872,0.5193,0.6348,0.1661,0.3976,Velachery,morning,apartment,medium,0,0,2,2024-03-20,23.97,1
0.201,0.4915,0.7193,0.9715,0.3464,0.4018,0.176,Velachery,evening,independent,small,0,0,2,2024-09-18,19.04,1
0.3674,0.7328,0.5011,0.3831,0.4357,0.2027,0.4478,Porur,morning,apartment,medium,0,0,1,2024-03-26,71.83,0
0.4643,0.3839,0.5909,0.9128,0.7827,0.0656,0.6237,Porur,morning,apartment,medium,0,0,0,2024-04-22,44.47,1
0.2851,0.4682,0.795,0.7683,0.098,0.1888,0.5629,Porur,morning,independent,medium,0,0,3,2024-03-28,19.78,1
0.1938,0.7825,0.8128,0.4593,0.5863,0.4412,0.4471,T Nagar,afternoon,apartment,medium,0,0,3,2024-07-25,44.26,1
0.1667,0.6303,0.5234,0.6275,0.6783,0.3027,0.685,Anna Nagar,evening,apartment,medium,0,0,2,2024-07-17,43.25,1
0.0683,0.507,0.8184,0.5842,0.6568,0.5541,0.6538,Anna Nagar,afternoon,apartment,medium,0,0,1,2024-11-26,19.61,1
0.1606,0.3826,0.5735,0.6329,0.7375,0.2215,0.7725,Adyar,morning,apartment,large,1,0,6,2024-09-29,32.36,1
0.641,0.9544,0.7781,0.6722,0.447,0.5641,0.902,Velachery,afternoon,independent,large,0,0,3,2024-08-01,100.0,0
0.4566,0.65,0.6825,0.9945,0.5826,0.2714,0.1861,Velachery,morning,apartment,small,0,0,0,2024-08-12,58.22,0
0.395,0.6229,0.4536,0.5097,0.4308,0.3544,0.4696,T Nagar,evening,independent,medium,0,0,4,2024-03-22,69.19,0
0.0222,0.712,0.5097,0.6805,0.6643,0.2779,0.467,Anna Nagar,morning,independent,medium,0,0,2,2024-06-12,26.17,1
0.6217,0.2246,0.8621,0.4694,0.3851,0.4032,0.2201,Velachery,evening,independent,small,1,1,5,2024-11-02,38.8,1
0.3754,0.3978,0.4618,0.8514,0.4677,0.2061,0.8113,T Nagar,morning,apartment,large,0,0,4,2024-10-11,44.12,0
0.0002,0.9123,0.6525,0.7962,0.3656,0.5028,0.6046,T Nagar,afternoon,independent,large,0,0,3,2024-04-25,18.32,1
0.4333,0.4488,0.2318,0.9588,0.3012,0.3206,0.5361,Adyar,morning,apartment,medium,0,0,3,2024-04-25,56.32,0
0.0883,0.2257,0.6533,0.9792,0.14,0.2888,0.7341,Porur,evening,apartment,large,1,0,6,2024-03-31,0.0,1
0.0815,0.2607,0.9623,0.9001,0.6368,0.4595,0.1955,Adyar,afternoon,apartment,small,0,0,0,2024-05-27,0.0,1
0.6238,0.5106,0.7294,0.9208,0.1938,0.5829,0.0635,T Nagar,afternoon,apartment,small,0,0,2,2024-10-16,56.0,0
0.363,0.6837,0.4783,0.7532,0.2758,0.5421,0.4284,Adyar,afternoon,apartment,medium,1,0,6,2024-10-20,61.29,0
0.0407,0.3772,0.4408,0.9003,0.6195,0.4525,0.5292,Porur,evening,apartment,medium,0,0,4,2024-01-19,20.92,1
0.3421,0.6534,0.7537,0.5018,0.5578,0.1921,0.8203,Adyar,morning,apartment,large,0,0,0,2024-03-04,57.18,0
0.3217,0.4757,0.8682,0.6535,0.3568,0.3005,0.5518,Velachery,morning,apartment,medium,0,0,2,2024-02-07,32.58,1
0.2006,0.1627,0.8449,0.8783,0.5658,0.5476,0.4835,Anna Nagar,afternoon,independent,medium,0,0,3,2024-08-08,4.62,1
0.079,0.2484,0.2574,0.5044,0.5923,0.2184,0.782,Porur,morning,independent,large,0,0,4,2024-08-23,36.38,1
0.2937,0.1504,0.8205,0.8963,0.1304,0.6525,0.4856,Adyar,afternoon,independent,medium,0,0,2,2024-09-04,6.33,1
0.1644,0.5287,0.1722,0.6687,0.5311,0.2782,0.5282,Velachery,morning,apartment,medium,1,0,5,2024-09-14,51.3,0
0.1171,0.79,0.474,0.6653,0.7495,0.4416,0.1636,T Nagar,afternoon,apartment,small,1,0,6,2024-11-24,43.73,1
0.1927,0.4196,0.4382,0.5679,0.4925,0.4167,0.3527,Velachery,evening,apartment,medium,1,0,5,2024-11-16,39.69,1
0.7223,0.4694,0.9419,0.2559,0.4809,0.3703,0.8055,Velachery,evening,independent,large,0,0,2,2024-06-19,78.67,0
0.641,1.0,0.6742,0.9633,0.6821,0.4362,0.3874,Velachery,afternoon,apartment,medium,0,0,3,2024-10-03,100.0,0
0.3828,0.3634,0.8535,0.7798,0.5107,0.1067,0.5053,T Nagar,morning,apartment,medium,1,0,5,2024-12-07,22.32,1
0.1425,0.0645,0.3212,0.5,0.2619,0.1888,0.206,Porur,morning,independent,small,0,0,2,2024-07-17,17.65,1
0.0257,0.5602,0.5523,0.9284,0.5435,0.5194,0.1352,Adyar,afternoon,apartment,small,0,0,3,2024-02-01,16.54,1
0.2892,0.5205,0.3014,0.4704,0.2903,0.0734,0.214,Adyar,morning,apartment,small,0,0,1,2024-12-10,51.5,0
0.0595,0.1279,0.5274,0.523,0.5089,0.5684,0.2135,Anna Nagar,afternoon,apartment,small,0,0,2,2024-04-03,17.18,1
0.5112,0.6485,0.9752,0.7665,0.3186,0.2336,0.3371,Anna Nagar,morning,independent,medium,0,0,0,2024-01-22,49.39,1
0.2285,0.2912,0.8792,0.7302,0.1891,0.1928,0.4355,Velachery,morning,independent,medium,0,0,3,2024-12-19,7.96,1
0.5824,0.7307,0.5417,0.6362,0.5629,0.2583,0.1588,Velachery,morning,apartment,small,0,0,3,2024-11-21,94.51,0
0.0782,0.6783,0.673,0.5562,0.4093,0.3554,0.7645,T Nagar,evening,independent,large,0,0,1,2024-01-09,28.29,1
0.4202,0.1558,0.7736,0.3499,0.2713,0.2715,0.2143,T Nagar,morning,independent,small,1,0,6,2024-08-25,19.43,1
0.4595,0.5303,0.7881,0.474,0.9499,0.3212,0.4547,Anna Nagar,evening,apartment,medium,0,0,3,2024-01-18,61.6,0
0.1704,0.04,0.8521,0.2828,0.54,0.5177,0.4564,Porur,afternoon,apartment,medium,0,0,4,2024-05-17,12.63,1
0.2349,0.5095,0.5804,0.7735,0.619,0.2054,0.6606,T Nagar,morning,apartment,medium,1,0,6,2024-10-27,35.67,1
0.073,0.4156,0.436,0.465,0.8361,0.1697,0.2946,Anna Nagar,morning,apartment,small,0,0,3,2024-07-11,33.43,1
0.9576,0.4413,0.701,0.8147,0.7216,0.5117,0.5614,Velachery,afternoon,apartment,medium,1,0,6,2024-02-11,93.64,0
0.4482,0.0731,0.3605,0.3758,0.272,0.2407,0.4518,T Nagar,morning,independent,medium,0,0,0,2024-09-02,33.36,1
0.0637,0.1916,0.8594,0.8559,0.7276,0.1907,0.3937,Anna Nagar,morning,independent,medium,0,0,4,2024-06-14,0.0,1
0.1947,0.4647,0.6075,0.695,0.0558,0.4433,0.1784,Adyar,evening,independent,small,1,1,6,2024-01-14,24.31,1
0.0881,0.3629,0.4567,0.7301,0.7334,0.2235,0.5023,Porur,morning,apartment,medium,1,0,6,2024-11-10,24.78,1
0.1223,0.553,0.8396,0.942,0.6175,0.2875,0.8045,Anna Nagar,morning,independent,large,0,0,1,2024-03-26,13.25,1
0.2879,0.4546,0.7264,0.8854,0.3887,0.2038,0.4753,Velachery,morning,independent,medium,0,0,0,2024-08-19,27.07,1
0.0174,0.6393,0.2225,0.216,0.7218,0.2705,0.182,Anna Nagar,evening,independent,small,0,0,1,2024-06-25,47.72,1
0.0414,0.4288,0.3047,0.7634,0.422,0.388,0.1762,Adyar,evening,apartment,small,0,0,2,2024-03-20,25.66,1
0.2091,0.6639,0.6105,0.9543,0.2331,0.2267,0.4728,Anna Nagar,morning,independent,medium,0,0,0,2024-08-26,26.08,1
0.5125,0.2204,0.121,0.8762,0.8347,0.2445,0.7686,Porur,morning,apartment,large,1,0,5,2024-10-12,59.86,0
0.1172,0.2061,0.3437,0.563,0.1424,0.3629,0.4667,Porur,evening,apartment,medium,0,0,3,2024-10-17,21.03,1
0.2382,0.392,0.4216,0.4477,0.1654,0.1393,0.704,T Nagar,morning,independent,large,0,0,1,2024-01-23,36.79,1
0.0811,0.5493,0.7615,0.9053,0.2698,0.2727,0.5308,T Nagar,morning,apartment,medium,0,0,2,2024-04-17,7.02,1
0.2188,0.2461,0.4769,0.9815,0.586,0.4696,0.2112,Adyar,afternoon,independent,small,0,0,0,2024-02-26,23.39,1
0.2018,0.1371,0.7784,0.8366,0.3167,0.3776,0.8161,Anna Nagar,morning,independent,large,1,1,6,2024-04-14,5.55,1
0.4117,0.3998,0.2726,0.9222,0.8217,0.5095,0.4285,Velachery,afternoon,apartment,medium,1,0,6,2024-10-13,63.64,1
0.6385,0.4645,0.7571,0.4249,0.3376,0.1626,0.8253,Velachery,morning,independent,large,0,0,0,2024-11-11,69.48,0
0.0638,0.3634,0.0617,0.6302,0.1643,0.2493,0.1778,Anna Nagar,morning,independent,small,0,0,1,2024-02-20,27.42,1
0.6427,0.5984,0.863,0.3492,0.7154,0.1531,0.5431,Adyar,morning,independent,medium,0,0,1,2024-10-29,83.62,0
0.1219,0.9346,0.8239,0.4618,0.3891,0.5509,0.4759,T Nagar,afternoon,apartment,medium,0,0,2,2024-06-12,38.25,1
0.403,0.2991,0.8621,0.8407,0.2756,0.3412,0.8355,Velachery,morning,independent,large,1,0,5,2024-07-20,22.16,1
0.3114,0.2693,0.743,0.6733,0.2834,0.2775,0.7425,Adyar,evening,independent,large,1,0,5,2024-01-20,20.64,0
0.5414,0.2845,0.5031,0.61,0.4675,0.3541,0.5424,Velachery,evening,apartment,medium,0,0,2,2024-02-21,53.3,0
0.4678,0.561,0.2473,0.7276,0.5251,0.5336,0.487,Velachery,afternoon,independent,medium,1,0,5,2024-09-14,80.98,0
0.6355,0.1977,0.872,0.2445,0.2933,0.2726,0.4255,Adyar,morning,independent,medium,1,0,5,2024-12-14,35.42,1
0.548,0.7907,0.5092,0.7047,0.3673,0.5182,0.7516,Adyar,afternoon,apartment,large,0,0,3,2024-11-14,98.65,0
0.3576,0.5897,0.9485,0.707,0.3835,0.2353,0.191,Anna Nagar,morning,apartment,small,0,0,1,2024-10-22,30.7,1
0.218,0.3999,0.7795,0.9734,0.4422,0.2752,0.4422,T Nagar,morning,independent,medium,0,0,2,2024-03-20,12.98,1
0.3622,0.4604,0.1242,0.644,0.1382,0.4803,0.7265,Porur,afternoon,apartment,large,0,0,3,2024-03-21,60.66,0
0.2773,0.4259,0.4917,0.7154,0.5902,0.5957,0.7253,Adyar,afternoon,independent,large,0,0,2,2024-12-04,48.77,1
0.4018,0.4605,0.7349,0.7278,0.6815,0.3138,0.5234,T Nagar,morning,apartment,medium,0,0,1,2024-08-27,44.95,1
0.1175,0.8421,0.9134,0.7462,0.6583,0.4783,0.5053,T Nagar,afternoon,apartment,medium,0,0,1,2024-09-24,26.83,1
0.2059,0.3823,0.7972,0.2927,0.2434,0.4372,0.2076,Velachery,evening,independent,small,0,0,1,2024-03-19,27.26,1
0.2548,0.4088,0.6908,0.9915,0.1603,0.5336,0.233,Anna Nagar,afternoon,independent,small,1,0,6,2024-03-03,12.75,1
0.5008,0.1185,0.367,0.9818,0.627,0.5427,0.7378,Adyar,afternoon,independent,large,1,0,6,2024-06-30,37.5,0
0.2143,0.7122,0.7176,0.3216,0.4951,0.5092,0.4552,Anna Nagar,afternoon,apartment,medium,0,0,4,2024-12-13,48.82,1
0.1897,0.3858,0.8981,0.456,0.475,0.1719,0.2345,Porur,morning,apartment,small,0,0,1,2024-12-31,14.56,1
0.0875,0.4928,0.3188,0.7891,0.5672,0.5004,0.45,Porur,afternoon,independent,medium,1,0,5,2024-01-20,33.1,1
0.0138,0.3582,0.723,0.4646,0.8809,0.3488,0.4422,Velachery,evening,apartment,medium,0,0,3,2024-08-29,22.85,1
0.4048,0.5166,0.4987,0.7534,0.4499,0.5965,0.7717,T Nagar,afternoon,independent,large,1,0,6,2024-08-18,58.79,0
0.5831,0.4464,0.2727,0.8237,0.2007,0.5438,0.5173,Adyar,afternoon,apartment,medium,1,0,5,2024-05-04,69.09,0
0.1581,0.169,0.4396,0.4109,0.2833,0.4309,0.8261,Porur,evening,apartment,large,0,0,4,2024-08-23,28.62,1
0.0973,0.6279,0.614,0.5912,0.2994,0.1429,0.5466,Adyar,morning,independent,medium,0,0,1,2024-03-19,25.11,1
0.0041,0.9935,0.813,0.7192,0.1946,0.5773,0.4801,T Nagar,afternoon,apartment,medium,0,0,3,2024-08-01,12.93,1
0.6266,0.7757,0.1361,0.7243,0.4941,0.205,0.2225,T Nagar,morning,apartment,small,0,0,3,2024-07-25,100.0,0
0.0458,0.5709,0.4742,0.6399,0.9204,0.2428,0.4663,Anna Nagar,morning,apartment,medium,0,0,3,2024-12-26,33.02,1
0.576,0.0953,0.8316,0.8885,0.8309,0.2454,0.8151,Adyar,morning,apartment,large,1,0,5,2024-04-06,19.47,1
0.1405,0.7443,0.2084,0.5205,0.3267,0.2959,0.202,T Nagar,evening,independent,small,0,0,0,2024-10-28,50.89,0
0.6851,0.4874,0.742,0.698,0.6523,0.3851,0.1534,Adyar,evening,apartment,small,0,0,0,2024-07-15,71.41,0
0.5486,0.7207,0.4964,0.4416,0.3757,0.31,0.552,Velachery,morning,apartment,medium,0,0,3,2024-01-18,96.39,0
0.3485,1.0,0.5551,0.8924,0.2933,0.5799,0.5783,T Nagar,afternoon,apartment,medium,0,0,3,2024-11-07,76.36,0
0.1876,0.4691,0.7324,0.542,0.3951,0.3341,0.1801,Velachery,morning,apartment,small,1,0,6,2024-06-30,25.2,1
0.1607,0.5339,0.9259,0.5281,0.514,0.533,0.6245,Anna Nagar,afternoon,independent,medium,0,0,2,2024-12-25,23.09,1
0.0447,0.5805,0.7105,0.5852,0.2237,0.2771,0.1476,Anna Nagar,morning,apartment,small,0,0,4,2024-10-25,8.56,1
0.1611,0.6159,0.9766,0.987,0.7968,0.1642,0.5473,Anna Nagar,morning,independent,medium,1,0,6,2024-01-07,9.22,1
0.6893,0.3821,0.6806,0.4159,0.535,0.4303,0.5452,Velachery,afternoon,independent,medium,1,0,6,2024-04-07,71.06,0
0.1527,0.5075,0.7265,0.6698,0.2185,0.3019,0.5828,T Nagar,morning,independent,medium,1,0,5,2024-06-08,17.78,1
0.7904,0.488,0.1008,0.9665,0.3851,0.2716,0.2073,Velachery,morning,apartment,small,0,0,2,2024-05-08,96.53,0
0.2265,0.5849,0.6601,0.8125,0.2355,0.403,0.4707,Porur,evening,independent,medium,0,0,3,2024-11-07,29.09,1
0.4095,0.1938,0.267,0.5358,0.4379,0.2829,0.1723,Adyar,morning,apartment,small,0,0,4,2024-02-16,44.34,1
0.1588,0.468,0.8093,0.8737,0.5687,0.2436,0.4521,Porur,morning,apartment,medium,0,0,1,2024-01-30,13.14,1
0.1287,0.0903,0.3507,0.1759,0.5654,0.0932,0.2453,Porur,morning,apartment,small,0,0,3,2024-11-28,30.9,1
0.6888,0.0434,0.5512,0.8715,0.2295,0.4741,0.1529,Adyar,afternoon,apartment,small,0,0,3,2024-09-26,19.13,1
0.2972,0.1898,0.6957,0.1575,0.7095,0.5383,0.4925,T Nagar,afternoon,apartment,medium,0,0,2,2024-11-27,39.47,1
0.2831,0.5147,0.8152,0.7767,0.4811,0.1769,0.4476,Adyar,morning,independent,medium,0,0,3,2024-06-27,28.63,1
0.4156,0.7913,0.4558,0.3035,0.432,0.4843,0.2321,Velachery,afternoon,independent,small,0,0,3,2024-11-21,91.67,0
0.5514,0.2946,0.614,0.478,0.6498,0.2171,0.1882,Adyar,morning,independent,small,0,0,1,2024-11-26,50.73,0
0.0221,0.192,0.2346,0.8498,0.539,0.4103,0.3738,Porur,evening,independent,medium,0,0,3,2024-04-25,22.33,1
0.6955,0.5231,0.8974,0.4652,0.5193,0.3804,0.2162,Porur,evening,independent,small,0,0,3,2024-02-01,71.35,0
0.3273,0.6425,0.3113,0.3645,0.3761,0.1191,0.4441,Anna Nagar,morning,independent,medium,0,0,2,2024-08-14,66.28,0
0.185,0.5248,0.524,0.6691,0.3321,0.2671,0.2251,Adyar,morning,independent,small,0,0,2,2024-03-13,31.56,0
0.8241,0.6725,0.3659,0.7004,0.0968,0.4103,0.5122,Velachery,evening,independent,medium,0,0,0,2024-06-17,100.0,0
0.2106,0.0826,0.9436,0.8624,0.2067,0.4538,0.7206,Adyar,evening,independent,large,1,0,6,2024-07-28,0.0,1
0.067,0.4961,0.6192,0.6955,0.2921,0.3946,0.7791,Velachery,evening,independent,large,1,0,6,2024-02-04,20.16,1
0.4631,0.4537,0.4626,0.9811,0.3242,0.281,0.2181,T Nagar,morning,apartment,small,1,0,6,2024-02-18,43.49,1
0.2005,0.4668,0.1947,0.7488,0.54,0.4465,0.8057,T Nagar,afternoon,apartment,large,0,0,2,2024-11-13,52.8,0
0.2869,0.2049,0.655,0.5405,0.3576,0.1892,0.4733,Anna Nagar,morning,apartment,medium,0,0,4,2024-09-27,18.95,0
0.206,0.0937,0.8444,0.7547,0.5333,0.1434,0.2351,Adyar,morning,apartment,small,0,0,2,2024-03-06,0.0,1
0.4658,0.5127,0.1686,0.6185,0.3655,0.1727,0.5426,Velachery,morning,apartment,medium,0,0,3,2024-07-18,76.34,0
0.4838,0.3663,0.6925,0.9142,0.492,0.3426,0.2833,Anna Nagar,evening,independent,small,0,0,4,2024-08-16,34.55,1
0.3744,0.426,0.853,0.6413,0.5591,0.4213,0.2827,Adyar,evening,apartment,small,1,0,5,2024-11-09,34.12,1
0.0207,0.2958,0.806,0.0987,0.352,0.426,0.7953,Anna Nagar,evening,independent,large,0,0,3,2024-09-12,17.96,1
0.3774,0.4344,0.9635,0.9064,0.2155,0.4559,0.4392,Velachery,afternoon,apartment,medium,1,0,5,2024-12-21,21.72,1
0.0522,0.4585,0.5753,0.7958,0.6929,0.231,0.2816,Adyar,morning,apartment,medium,1,0,5,2024-12-21,17.25,1
0.0638,0.8433,0.8545,0.7341,0.3222,0.2873,0.2159,Anna Nagar,morning,apartment,small,0,0,3,2024-10-24,10.41,1
0.0502,0.4565,0.691,0.5267,0.3482,0.2777,0.2075,T Nagar,morning,apartment,small,1,0,5,2024-08-17,10.97,1
0.027,0.2642,0.3211,0.6806,0.4756,0.2005,0.1679,Adyar,morning,apartment,small,1,0,5,2024-09-28,19.06,1
0.0924,0.5806,0.6671,0.5389,0.7374,0.3641,0.4535,Anna Nagar,evening,apartment,medium,0,0,2,2024-06-19,29.32,1
0.0904,0.6018,0.8275,0.7549,0.3415,0.5087,0.1457,T Nagar,afternoon,apartment,small,0,0,4,2024-03-29,11.86,1
0.6116,0.22,0.8658,0.9755,0.2081,0.2772,0.1838,Velachery,morning,apartment,small,1,0,5,2024-07-20,16.61,1
0.154,0.7467,0.6371,0.9623,0.163,0.362,0.1564,T Nagar,evening,independent,small,0,0,2,2024-12-18,21.59,1
0.4132,0.6417,0.6032,0.5709,0.5697,0.2893,0.4662,Velachery,evening,independent,medium,0,0,4,2024-05-03,69.17,1
0.0065,0.0958,0.4987,0.7949,0.2814,0.2562,0.1074,Anna Nagar,morning,apartment,small,1,0,6,2024-12-01,0.0,1
0.2358,0.593,0.618,0.5107,0.5862,0.1375,0.5696,T Nagar,morning,apartment,medium,0,0,0,2024-03-11,44.37,1
0.1391,0.4237,0.8493,0.6514,0.6625,0.4983,0.8408,Anna Nagar,afternoon,apartment,large,0,0,0,2024-10-14,20.8,1
0.2563,0.1873,0.7377,0.8848,0.4618,0.0832,0.8356,Anna Nagar,morning,independent,large,1,0,6,2024-03-31,5.93,1
0.3226,0.2582,0.5472,0.6797,0.3408,0.5293,0.8045,T Nagar,afternoon,apartment,large,1,0,6,2024-09-01,32.05,1
0.2807,0.9972,0.8198,0.7871,0.7426,0.3112,0.209,Velachery,morning,apartment,small,0,0,3,2024-08-01,60.64,0
0.1414,0.1635,0.9383,0.3172,0.1409,0.4615,0.4668,T Nagar,evening,apartment,medium,1,0,6,2024-12-15,4.44,1
0.1308,0.5349,0.8755,0.8953,0.3477,0.4908,0.1425,Adyar,afternoon,independent,small,0,0,1,2024-07-16,9.39,1
0.391,0.4661,0.3797,0.8907,0.6099,0.4264,0.7438,Adyar,morning,apartment,large,1,1,6,2024-01-14,61.51,0
0.0388,0.1594,0.2954,0.7814,0.7466,0.2188,0.1688,Anna Nagar,morning,independent,small,1,0,5,2024-01-27,19.25,1
0.014,0.5096,0.0656,0.5973,0.3056,0.3457,0.3766,T Nagar,evening,apartment,medium,1,0,6,2024-06-23,34.09,1
0.216,0.4849,0.9729,0.4214,0.2605,0.2268,0.5337,Velachery,morning,apartment,medium,0,0,1,2024-06-11,22.75,1
0.1559,0.1434,0.2695,0.7875,0.6895,0.4331,0.1735,Porur,evening,apartment,small,0,0,2,2024-07-10,29.21,1
0.3652,0.1001,0.143,0.7342,0.7353,0.3708,0.6624,Adyar,evening,independent,large,0,0,4,2024-11-29,48.83,1
0.0392,0.4386,0.7283,0.7593,0.3506,0.352,0.7978,Porur,morning,independent,large,0,0,2,2024-01-17,9.06,1
0.0357,0.6085,0.7061,0.9766,0.6311,0.2104,0.6572,Anna Nagar,morning,independent,large,0,0,3,2024-03-28,9.13,1
0.4706,0.414,0.5791,0.8585,0.6283,0.5349,0.7748,Velachery,afternoon,apartment,large,1,0,6,2024-03-17,55.8,0
0.8494,0.2651,0.392,0.7874,0.1853,0.5377,0.2894,Velachery,afternoon,independent,small,1,0,6,2024-06-16,62.39,0
0.1453,0.4315,0.1728,0.461,0.2664,0.1805,0.1693,Porur,morning,independent,small,0,0,4,2024-09-13,38.28,1
0.0547,0.344,0.7622,0.6659,0.6101,0.4769,0.7681,T Nagar,evening,independent,large,1,0,5,2024-01-20,13.78,1
0.291,0.7989,0.8227,0.9065,0.1911,0.6054,0.1981,Porur,afternoon,apartment,small,0,0,1,2024-11-19,39.12,1
0.3248,0.0457,0.7889,0.733,0.7088,0.2435,0.6533,Velachery,morning,independent,medium,0,0,1,2024-12-24,13.15,1
0.5875,0.3145,0.376,0.7544,0.3757,0.3533,0.7597,Velachery,evening,independent,large,0,0,2,2024-10-09,60.63,1
0.0,0.6737,0.8802,0.6748,0.4107,0.5643,0.5345,Anna Nagar,afternoon,apartment,medium,0,0,3,2024-07-25,6.71,1
0.739,0.2488,0.3049,0.9583,0.119,0.3572,0.799,Adyar,evening,apartment,large,1,0,6,2024-07-21,51.87,0
0.2719,0.2648,0.4919,0.811,0.3624,0.198,0.1949,Adyar,morning,independent,small,0,0,0,2024-01-08,22.58,1
0.0517,0.9164,0.2395,0.7385,0.2345,0.4467,0.4496,T Nagar,evening,independent,medium,0,0,4,2024-06-07,39.35,1
0.2002,0.3815,0.5707,0.7241,0.2726,0.2158,0.4825,T Nagar,morning,apartment,medium,1,0,5,2024-07-27,20.25,0
0.5865,0.9849,0.8145,0.7029,0.6842,0.4243,0.79,T Nagar,afternoon,independent,large,0,0,2,2024-11-27,100.0,0
0.2101,0.3812,0.7184,0.4086,0.2567,0.379,0.8193,Porur,evening,apartment,large,0,0,2,2024-01-17,28.55,1
0.5078,0.4724,0.5795,0.6375,0.4558,0.5762,0.6908,T Nagar,afternoon,independent,large,0,0,1,2024-07-16,64.99,0
0.0361,0.586,0.9233,0.2093,0.4072,0.6561,0.1629,Adyar,afternoon,independent,small,0,0,3,2024-11-14,19.99,1
0.4445,1.0,0.9074,0.2571,0.5749,0.5732,0.1577,Velachery,afternoon,apartment,small,0,0,3,2024-05-23,96.69,0
0.2195,0.5231,0.2535,0.7089,0.6725,0.2496,0.426,T Nagar,morning,independent,medium,0,0,2,2024-12-25,52.94,0
0.4239,0.6271,0.8479,0.6987,0.6764,0.3159,0.19,Velachery,evening,independent,small,0,0,4,2024-06-28,55.02,0
0.1228,0.4448,0.7101,0.7193,0.5853,0.3648,0.4606,Porur,evening,apartment,medium,1,0,6,2024-02-18,17.65,1
0.1172,0.1767,0.4241,0.8511,0.6373,0.2855,0.2219,Porur,evening,apartment,small,0,0,4,2024-09-13,17.31,1
0.0076,0.2225,0.2476,0.7011,0.6879,0.3645,0.3872,Porur,evening,apartment,medium,0,0,1,2024-01-09,28.41,1
0.3333,0.6994,0.3803,0.3576,0.2446,0.5036,0.1647,Anna Nagar,afternoon,independent,small,1,0,5,2024-06-29,66.1,0
0.1922,0.0965,0.6566,0.8202,0.5149,0.2416,0.3406,Anna Nagar,morning,apartment,medium,0,0,1,2024-09-10,4.78,1
0.1777,0.3049,0.2758,0.9287,0.7621,0.169,0.2011,Porur,morning,apartment,small,0,0,3,2024-05-30,31.5,1
0.1851,0.5891,0.6228,0.3829,0.2983,0.1991,0.4666,Anna Nagar,morning,independent,medium,0,0,3,2024-03-07,34.71,1
0.0946,0.4852,0.8116,0.6075,0.6717,0.2573,0.5162,Velachery,morning,independent,medium,1,0,5,2024-12-28,18.87,1
0.0786,0.248,0.1164,0.5735,0.497,0.3421,0.7296,Adyar,evening,independent,large,0,0,0,2024-01-29,41.96,1
0.1263,0.3932,0.7887,0.7875,0.5525,0.3609,0.8369,Velachery,evening,apartment,large,0,0,4,2024-03-22,18.86,1
0.4332,0.1618,0.706,0.8027,0.2472,0.2205,0.2714,Adyar,morning,independent,medium,0,0,0,2024-01-29,14.37,1
0.1211,0.4141,0.6114,0.8449,0.4974,0.1953,0.6917,Velachery,morning,independent,large,0,0,2,2024-11-13,21.05,1
0.0241,0.5471,0.3853,0.8964,0.389,0.6566,0.4868,Porur,afternoon,apartment,medium,1,1,6,2024-04-14,25.11,1
0.1492,0.2243,0.7232,0.6945,0.6933,0.3924,0.8405,Anna Nagar,afternoon,apartment,large,0,0,0,2024-08-26,17.67,1
0.7003,0.3394,0.3682,0.5337,0.4523,0.1882,0.5305,Velachery,morning,apartment,medium,0,0,4,2024-03-29,74.28,0
0.6428,0.6898,0.4802,0.6959,0.3921,0.5217,0.808,Velachery,afternoon,apartment,large,0,0,3,2024-10-31,100.0,0
0.1732,0.5732,0.5317,0.4043,0.2427,0.4692,0.1992,Velachery,evening,apartment,small,0,0,3,2024-06-06,40.89,1
0.104,0.5306,0.4382,0.5318,0.5663,0.5014,0.4403,Anna Nagar,afternoon,apartment,medium,0,0,2,2024-06-19,37.8,1
0.3228,0.0797,0.8292,0.8477,0.0618,0.5681,0.2249,Anna Nagar,afternoon,independent,small,0,0,3,2024-04-25,0.0,1
0.4023,0.2813,0.5372,0.5469,0.8967,0.4194,0.7181,Velachery,afternoon,independent,medium,0,0,0,2024-03-04,55.51,0
0.2339,0.5153,0.8769,0.5971,0.2649,0.5233,0.4274,Porur,afternoon,apartment,medium,0,0,0,2024-10-21,24.91,1
0.003,0.3691,0.85,0.3125,0.3027,0.1729,0.2399,Anna Nagar,morning,independent,small,0,0,4,2024-05-24,2.28,1
0.3332,0.4883,0.8303,0.9187,0.2305,0.1903,0.5292,Adyar,morning,apartment,medium,1,0,5,2024-02-03,22.44,1
0.2491,0.4108,0.7638,0.3158,0.3335,0.5198,0.4653,Velachery,afternoon,apartment,medium,1,0,6,2024-06-02,35.66,1
0.5378,0.5441,0.5062,0.8608,0.226,0.5019,0.2622,Adyar,afternoon,independent,small,1,0,5,2024-01-20,62.05,1
0.1621,0.3128,0.0449,0.7024,0.5285,0.6038,0.6361,Anna Nagar,afternoon,apartment,medium,0,0,1,2024-10-01,49.62,1
0.3717,0.1632,0.9268,0.4459,0.3321,0.2303,0.2275,Velachery,morning,apartment,small,0,0,1,2024-12-31,14.24,1
0.1802,0.1924,0.1665,0.4096,0.3178,0.1078,0.1098,Anna Nagar,morning,apartment,small,0,0,2,2024-07-03,31.34,1
0.6871,0.1153,0.21,0.8924,0.2958,0.1049,0.1557,Velachery,morning,independent,small,0,0,0,2024-12-09,38.03,1
0.0294,0.3814,0.7909,0.7915,0.6703,0.3998,0.4802,Adyar,evening,apartment,medium,1,0,6,2024-07-28,7.38,1
0.0577,0.5256,0.1332,0.6903,0.3245,0.4453,0.7914,Anna Nagar,evening,apartment,large,1,0,5,2024-02-24,36.88,1
0.1696,0.7085,0.594,0.9589,0.4399,0.5168,0.1719,Adyar,afternoon,independent,small,0,0,1,2024-12-31,32.62,1
0.0008,0.7938,0.6521,0.6518,0.6759,0.469,0.2233,Porur,evening,independent,small,0,0,2,2024-09-18,21.08,1
0.2628,0.886,0.7877,0.3393,0.1582,0.2964,0.2759,Adyar,morning,apartment,small,0,0,3,2024-11-14,53.81,0
0.1156,0.6589,0.5274,0.8706,0.226,0.351,0.1504,T Nagar,evening,apartment,small,0,0,0,2024-07-29,21.43,1
0.5569,0.5989,0.3261,0.7553,0.3863,0.4838,0.525,T Nagar,afternoon,apartment,medium,1,0,6,2024-09-15,83.0,0
0.2262,0.5195,0.825,0.8401,0.3053,0.4539,0.8,Adyar,afternoon,apartment,large,0,0,4,2024-11-15,25.41,1
0.1591,0.2739,0.5822,0.4369,0.421,0.3346,0.1958,Adyar,morning,independent,small,0,0,3,2024-08-29,24.93,1
0.0192,0.5649,0.5164,0.8741,0.3261,0.544,0.7359,Anna Nagar,afternoon,apartment,large,0,0,4,2024-07-19,16.6,1
0.1633,0.1629,0.502,0.4561,0.3169,0.2982,0.1734,Porur,morning,independent,small,0,0,1,2024-08-13,18.51,1
0.3078,0.3384,0.5156,0.659,0.6051,0.5268,0.2259,Adyar,afternoon,apartment,small,0,0,1,2024-07-23,41.59,1
0.063,0.47,0.4822,0.5162,0.498,0.4633,0.2942,Anna Nagar,afternoon,independent,small,0,0,3,2024-08-15,27.61,1
0.0747,0.3059,0.8125,0.7157,0.4469,0.1579,0.5446,Anna Nagar,morning,independent,medium,1,0,5,2024-12-28,0.0,1
0.0776,0.314,0.7706,0.9176,0.3408,0.131,0.7347,Porur,morning,apartment,large,0,0,0,2024-04-22,0.0,1
0.7472,0.4194,0.2576,0.8312,0.575,0.3775,0.1516,T Nagar,evening,apartment,small,0,0,0,2024-06-10,84.06,0
0.1615,0.2643,0.3191,0.9433,0.6401,0.3271,0.2548,Porur,evening,apartment,small,1,0,6,2024-05-19,24.42,1
0.7616,0.6245,0.8755,0.6924,0.6326,0.3104,0.1612,Velachery,morning,apartment,small,0,0,0,2024-09-23,89.18,0
0.0975,0.3699,0.7542,0.405,0.2116,0.2067,0.0409,Velachery,morning,apartment,small,0,0,1,2024-04-16,12.6,1
0.2046,0.7574,0.4627,0.6824,0.7835,0.343,0.4496,T Nagar,evening,apartment,medium,0,0,3,2024-02-29,57.26,1
0.1615,0.3531,0.4535,0.4735,0.0411,0.616,0.2929,Anna Nagar,afternoon,independent,small,0,0,0,2024-02-05,26.2,1
0.11,0.1253,0.8151,0.6684,0.7537,0.2856,0.3566,T Nagar,evening,apartment,medium,1,0,6,2024-12-08,4.3,1
0.4284,0.7067,0.4938,0.7895,0.3725,0.1374,0.1085,T Nagar,morning,independent,small,0,0,0,2024-08-26,63.4,0
0.2351,0.1454,0.8902,0.8392,0.3547,0.5418,0.8056,Anna Nagar,afternoon,independent,large,0,0,1,2024-11-19,3.64,1
0.066,0.1958,0.736,0.9196,0.6058,0.2683,0.7586,Porur,morning,apartment,large,0,0,4,2024-12-27,3.28,1
0.1406,0.447,0.7805,0.9096,0.659,0.5642,0.4731,Adyar,afternoon,independent,medium,0,0,1,2024-09-03,19.48,1
0.5004,0.1948,0.5826,0.5267,0.5956,0.6534,0.4373,Velachery,afternoon,apartment,medium,1,0,6,2024-04-21,45.58,1
0.065,0.3221,0.9118,0.2523,0.2898,0.2662,0.6113,Porur,morning,apartment,medium,1,0,6,2024-06-30,7.75,1
0.1546,0.4834,0.9367,0.5555,0.4851,0.5115,0.5014,Porur,afternoon,apartment,medium,0,0,0,2024-12-02,18.57,1
0.0975,0.1347,0.7161,0.8198,0.2517,0.2307,0.5254,Anna Nagar,morning,independent,medium,1,0,6,2024-09-08,0.0,1
0.2397,0.6083,0.3606,0.4594,0.6384,0.5603,0.184,Porur,afternoon,apartment,small,0,0,4,2024-02-16,61.12,0
0.0415,0.3392,0.6769,0.8194,0.247,0.4442,0.1506,Porur,evening,apartment,small,1,0,6,2024-12-15,0.0,1
0.6129,0.2139,0.7687,0.3691,0.6418,0.2546,0.7884,T Nagar,morning,independent,large,0,0,3,2024-10-24,46.03,1
0.2567,0.2487,0.121,0.5158,0.513,0.3505,0.509,Porur,evening,apartment,medium,0,0,4,2024-04-12,49.76,1
0.2861,0.6279,0.4543,0.8455,1.0,0.1803,0.3943,Velachery,morning,apartment,medium,0,0,3,2024-11-21,61.06,0
0.2155,0.4183,0.6126,0.5544,0.1922,0.1811,0.6658,Velachery,morning,independent,medium,0,0,0,2024-07-08,29.76,1
0.8595,0.5146,0.8486,0.473,0.405,0.2998,0.1546,Velachery,evening,apartment,small,0,0,4,2024-05-03,87.77,0
0.3332,0.4616,0.9023,0.5281,0.6338,0.0314,0.1759,Velachery,morning,apartment,small,0,0,2,2024-02-14,31.83,0
0.2918,0.6512,0.8275,0.3754,0.5589,0.5422,0.5712,T Nagar,afternoon,independent,medium,0,0,3,2024-06-06,52.73,0
0.0961,0.3629,0.4694,0.9633,0.6326,0.2663,0.8564,Porur,morning,apartment,large,0,0,1,2024-08-27,22.14,1
0.3171,0.1805,0.8419,0.5322,0.5046,0.2372,0.498,Adyar,morning,apartment,medium,1,0,6,2024-04-21,16.01,1
0.1073,0.6711,0.2086,0.6462,0.4711,0.2709,0.1413,T Nagar,morning,apartment,small,1,0,5,2024-12-21,42.08,1
0.0213,0.5322,0.9581,0.7795,0.6866,0.1665,0.4997,Velachery,morning,apartment,medium,0,0,0,2024-05-13,3.03,1
0.3067,0.5448,0.6757,0.9447,0.4472,0.5674,0.1442,Adyar,afternoon,independent,small,1,0,5,2024-05-25,34.83,1
0.4638,0.5228,0.7403,0.9245,0.7161,0.2316,0.7842,Porur,morning,apartment,large,0,0,2,2024-08-07,50.86,0
0.5092,0.7491,0.6249,0.8551,0.7121,0.3366,0.2075,Velachery,evening,independent,small,0,0,4,2024-03-01,82.3,0
0.2431,0.4941,0.8323,0.9122,0.5954,0.32,0.5256,Porur,evening,independent,medium,1,0,6,2024-11-17,20.05,1
0.3819,0.2771,0.3153,0.5023,0.211,0.2862,0.562,Adyar,morning,apartment,medium,1,0,5,2024-09-07,43.84,1
0.5027,0.4158,0.5979,0.7214,0.3997,0.5422,0.2227,Velachery,afternoon,apartment,small,0,0,1,2024-01-09,54.11,0
0.4932,0.2532,0.3191,0.5089,0.1685,0.2804,0.4353,Adyar,evening,apartment,medium,1,0,5,2024-05-18,46.13,1
0.738,0.3273,0.4837,0.6613,0.4508,0.4426,0.4892,Anna Nagar,evening,independent,medium,0,0,2,2024-01-10,65.9,0
0.2969,0.4716,0.5152,0.879,0.6513,0.3149,0.8347,T Nagar,morning,apartment,large,1,0,6,2024-08-11,43.02,1
0.1662,0.9558,0.6692,0.4269,0.1952,0.1548,0.5864,Velachery,morning,independent,medium,0,0,3,2024-12-19,47.8,0
0.2756,0.6692,0.2482,0.8042,0.2776,0.2744,0.1692,Porur,morning,apartment,small,0,0,0,2024-11-11,52.12,0
0.0376,0.7046,0.5455,0.8486,0.5153,0.2346,0.7792,T Nagar,morning,independent,large,0,0,4,2024-12-06,22.84,1
0.0854,0.5103,0.5005,0.8313,0.3982,0.127,0.5874,Anna Nagar,morning,apartment,medium,0,0,1,2024-07-23,17.85,1
0.3201,0.1027,0.7766,0.5013,0.59,0.4771,0.8657,Velachery,afternoon,independent,large,1,0,5,2024-07-13,24.01,1
0.6014,0.8402,0.3878,0.6522,0.4744,0.5698,0.1635,Velachery,afternoon,independent,small,0,0,1,2024-05-28,100.0,0
0.2048,0.714,0.6934,0.9452,0.4288,0.5611,0.5856,T Nagar,afternoon,apartment,medium,0,0,0,2024-11-25,35.63,1
0.1086,0.4175,0.5925,0.8142,0.143,0.241,0.1832,Porur,morning,independent,small,0,0,3,2024-05-30,7.78,1
0.3355,0.0873,0.4414,0.2981,0.3757,0.3115,0.4225,Anna Nagar,morning,independent,medium,1,0,5,2024-09-28,28.58,1
0.3447,0.6564,0.8763,0.6531,0.6588,0.1098,0.7953,Adyar,morning,apartment,large,0,0,1,2024-07-30,48.71,1
0.3535,0.3799,0.7896,0.5811,0.4842,0.3517,0.2126,T Nagar,evening,apartment,small,1,0,5,2024-06-08,29.54,1
0.14,0.4796,0.5356,0.7811,0.8932,0.2752,0.3049,T Nagar,morning,apartment,small,0,0,1,2024-04-23,32.95,1
0.0728,0.5689,0.8964,0.5236,0.2026,0.433,0.156,Velachery,evening,independent,small,0,0,0,2024-10-21,11.73,1
0.6802,0.7367,0.7625,0.7956,0.4772,0.5682,0.2163,Adyar,afternoon,apartment,small,0,0,2,2024-05-08,95.33,0
0.0454,0.3502,0.845,0.7114,0.4314,0.5654,0.171,Adyar,afternoon,apartment,small,1,0,5,2024-03-23,3.32,1
0.3729,0.3547,0.7542,0.8209,0.5053,0.1467,0.1382,Anna Nagar,morning,apartment,small,0,0,0,2024-06-03,21.73,1
0.5185,0.2853,0.7005,0.8377,0.7073,0.2147,0.486,T Nagar,morning,independent,medium,0,0,0,2024-03-04,36.98,1
0.268,0.2817,0.8012,0.9088,0.5017,0.4098,0.1367,Velachery,evening,apartment,small,1,0,6,2024-02-18,12.29,1
0.1392,0.0893,0.6369,0.6595,0.8635,0.1943,0.7725,Porur,morning,apartment,large,1,0,5,2024-07-13,15.94,1
0.3112,0.8741,0.2392,0.7581,0.1353,0.572,0.1672,Velachery,afternoon,independent,small,0,0,1,2024-12-17,74.37,0
0.2895,0.5719,0.5431,0.9101,0.2423,0.2767,0.4097,Velachery,morning,independent,medium,0,0,0,2024-10-21,38.54,1
0.4551,0.3454,0.0932,0.8493,0.122,0.2089,0.6515,Velachery,morning,independent,medium,1,0,5,2024-11-16,52.51,0
0.0121,0.7214,0.4491,0.483,0.206,0.5109,0.5542,Anna Nagar,afternoon,apartment,medium,0,0,3,2024-05-16,27.03,1
0.5525,0.6769,0.2396,0.7763,0.8768,0.4438,0.5156,Velachery,afternoon,apartment,medium,0,0,0,2024-07-01,100.0,0
0.7088,0.5095,0.6805,0.9256,0.3439,0.3241,0.7373,Velachery,evening,apartment,large,0,0,0,2024-02-19,72.92,0
0.5079,0.7361,0.8615,0.5994,0.5099,0.5289,0.1871,Velachery,afternoon,independent,small,0,0,2,2024-04-17,75.81,0
0.0474,0.5844,0.3989,0.9548,0.2697,0.4634,0.282,Porur,afternoon,apartment,small,1,0,5,2024-08-31,15.71,1
0.0499,0.4034,0.5094,0.6511,0.7285,0.6025,0.2605,Anna Nagar,afternoon,apartment,small,0,0,2,2024-01-03,26.56,1
0.6025,0.8023,0.7841,0.7855,0.2272,0.5987,0.5885,Velachery,afternoon,apartment,medium,1,0,5,2024-10-19,90.52,0
0.2191,0.3168,0.4391,0.8794,0.305,0.3016,0.1622,Velachery,evening,apartment,small,1,0,6,2024-11-17,21.91,1
0.0716,0.2796,0.199,0.6268,0.461,0.2641,0.1726,Velachery,evening,apartment,small,1,0,5,2024-11-23,30.6,1
0.0335,0.3643,0.4645,0.9153,0.2707,0.1346,0.6845,Adyar,morning,apartment,large,0,0,3,2024-12-26,10.56,1
0.2492,0.2475,0.8342,0.8624,0.2991,0.2463,0.2197,Porur,morning,independent,small,1,0,5,2024-06-22,0.68,1
0.0655,0.9864,0.5882,0.8332,0.4218,0.4588,0.3063,Adyar,afternoon,independent,small,0,0,3,2024-01-18,31.09,1
0.5865,0.6489,0.7401,0.2551,0.6176,0.2864,0.1563,Velachery,evening,apartment,small,0,0,0,2024-10-14,89.09,0
0.4215,0.902,0.9719,0.4446,0.5747,0.5156,0.8257,Adyar,afternoon,independent,large,0,0,3,2024-06-06,81.39,0
0.4557,0.1503,0.6894,0.4624,0.3454,0.2285,0.1984,Velachery,morning,apartment,small,0,0,3,2024-10-24,26.26,1
0.2082,0.3219,0.7122,0.808,0.2614,0.553,0.1193,Anna Nagar,afternoon,independent,small,1,0,5,2024-11-09,9.91,1
0.1728,0.4699,0.2071,0.6466,0.7704,0.5419,0.5747,Anna Nagar,afternoon,independent,medium,0,0,0,2024-09-09,55.78,0
0.0953,0.1994,0.0966,0.6392,0.5902,0.4384,0.1992,Porur,afternoon,independent,small,0,0,3,2024-02-08,37.72,1
0.5537,0.6431,0.3179,0.9303,0.2376,0.4769,0.5179,Porur,afternoon,apartment,medium,1,0,6,2024-11-24,78.3,1
0.0689,0.3328,0.6811,0.9244,0.2677,0.3572,0.473,T Nagar,evening,apartment,medium,0,0,0,2024-12-16,3.24,1
0.0055,0.6249,0.6053,0.9442,0.2756,0.4641,0.2114,Porur,afternoon,apartment,small,0,0,0,2024-02-19,5.55,1
0.4593,0.5108,0.8489,0.801,0.5429,0.3014,0.1993,Velachery,morning,independent,small,0,0,3,2024-03-21,44.63,1
0.3369,0.2623,0.7544,0.5794,0.5332,0.463,0.8263,Velachery,afternoon,independent,large,0,0,1,2024-08-06,34.24,1
0.0593,0.5399,0.4936,0.5986,0.5963,0.1443,0.7293,T Nagar,morning,independent,large,0,0,3,2024-07-04,29.61,1
0.0717,0.4262,0.3466,0.7166,0.5534,0.1184,0.1819,Porur,morning,apartment,small,1,0,5,2024-03-16,22.7,1
0.1296,0.129,0.5658,0.6987,0.3035,0.3548,0.1814,Anna Nagar,evening,independent,small,0,0,2,2024-08-21,6.78,1
0.1344,1.0,0.8353,0.2062,0.2882,0.4714,0.0778,T Nagar,afternoon,independent,small,0,0,2,2024-10-16,42.49,1
0.6363,0.3862,0.2907,0.7378,0.4318,0.1385,0.8962,Adyar,morning,apartment,large,1,0,5,2024-02-17,71.63,0
0.1659,0.568,0.6275,0.4324,0.2318,0.3851,0.7349,Anna Nagar,evening,apartment,large,0,0,4,2024-02-23,33.92,1
0.0861,0.9838,0.6446,0.4108,0.5457,0.5228,0.7565,T Nagar,afternoon,independent,large,0,0,0,2024-06-10,47.91,0
0.1744,0.2782,0.1458,0.8771,0.2686,0.4847,0.1988,Anna Nagar,afternoon,apartment,small,0,0,4,2024-06-21,28.44,1
0.0619,0.6649,0.1322,0.5742,0.6306,0.4711,0.1434,Anna Nagar,morning,apartment,small,0,0,3,2024-03-14,48.61,1
0.4606,0.7635,0.7163,0.9405,0.4253,0.5873,0.4656,Velachery,afternoon,apartment,medium,0,0,3,2024-04-04,71.55,0
0.129,0.9607,0.2848,0.6506,0.4617,0.5004,0.4935,Anna Nagar,afternoon,apartment,medium,0,0,1,2024-02-27,57.34,1
0.1682,0.636,0.3494,0.7876,0.6844,0.2745,0.1667,Anna Nagar,morning,apartment,small,0,0,2,2024-05-22,43.09,1
0.512,0.2149,0.5399,0.6408,0.1984,0.3421,0.1905,Velachery,evening,independent,small,0,0,4,2024-01-26,34.62,1
0.0705,0.1558,0.5444,0.7039,0.3354,0.5698,0.127,Porur,afternoon,apartment,small,1,0,5,2024-05-25,8.1,1
0.5994,0.7015,0.8195,0.7483,0.1622,0.3304,0.7816,Velachery,morning,independent,large,0,0,2,2024-01-24,78.26,0
0.0261,0.7604,0.2743,0.4349,0.5488,0.5043,0.5899,Anna Nagar,afternoon,independent,medium,0,0,3,2024-03-21,45.89,1
0.0318,0.1125,0.7513,0.6471,0.1424,0.2857,0.3233,Anna Nagar,morning,apartment,medium,0,0,1,2024-09-24,0.0,1
0.2499,1.0,0.2427,0.7372,0.5684,0.2155,0.5768,T Nagar,morning,apartment,medium,0,0,2,2024-05-22,78.79,0
0.3604,0.3539,0.5784,0.8581,0.123,0.1779,0.3903,Anna Nagar,morning,apartment,medium,0,0,4,2024-01-19,22.54,1
0.7419,0.4645,0.658,0.7685,0.3142,0.5174,0.7521,Adyar,afternoon,independent,large,0,0,2,2024-01-17,76.3,0
0.2774,0.4071,0.624,0.5306,0.1694,0.33,0.8065,Porur,evening,apartment,large,0,0,1,2024-10-22,33.34,1
0.108,0.3637,0.693,0.6865,0.3387,0.1909,0.3541,Porur,morning,independent,medium,0,0,1,2024-04-16,9.51,1
0.3252,0.1617,0.6636,0.5005,0.4298,0.2419,0.2014,Porur,morning,apartment,small,1,0,5,2024-03-23,17.73,1
0.3364,0.0323,0.3793,0.5018,0.6766,0.2606,0.1443,Porur,morning,apartment,small,1,0,6,2024-12-15,27.16,1
0.0186,0.309,0.4459,0.8862,0.563,0.3688,0.8277,T Nagar,morning,apartment,large,1,0,5,2024-01-13,17.19,1
0.0117,0.3436,0.7105,0.6272,0.2418,0.175,0.4437,T Nagar,morning,apartment,medium,0,0,1,2024-04-16,2.63,1
0.1463,0.1097,0.8727,0.8506,0.8329,0.2527,0.787,T Nagar,morning,apartment,large,1,0,5,2024-04-27,2.2,1
0.0864,0.4175,0.5755,0.8138,0.513,0.1599,0.1472,Anna Nagar,morning,apartment,small,0,0,1,2024-11-12,11.55,1
0.0133,0.2447,0.2017,0.8436,0.3889,0.3409,0.8212,Velachery,evening,independent,large,0,0,4,2024-05-03,27.22,1
0.3772,0.5448,0.9411,0.6541,0.7222,0.2535,0.2062,T Nagar,evening,apartment,small,0,0,2,2024-10-23,38.31,1
0.029,0.5812,0.783,0.6315,0.3256,0.5477,0.0607,Porur,afternoon,independent,small,0,0,3,2024-08-29,8.54,1
0.1375,0.5556,0.439,0.2722,0.8006,0.2605,0.3916,Adyar,morning,apartment,medium,0,0,0,2024-10-28,52.86,1
0.1186,0.3418,0.5111,0.2006,0.5504,0.1867,0.152,Adyar,morning,independent,small,0,0,4,2024-06-07,33.98,1
0.6885,0.4631,0.6216,0.6776,0.6456,0.5702,0.1358,Adyar,afternoon,apartment,small,0,0,4,2024-09-13,77.21,0
0.5949,0.6196,0.7102,0.1863,0.5062,0.5386,0.3564,Velachery,afternoon,apartment,medium,1,0,6,2024-04-07,91.46,0
0.1856,0.8041,0.7492,0.7804,0.25,0.2104,0.7906,T Nagar,morning,independent,large,0,0,0,2024-09-16,32.86,1
0.1261,0.895,0.4008,0.9802,0.2105,0.2967,0.7572,T Nagar,morning,independent,large,0,0,3,2024-01-25,37.11,1
0.2322,1.0,0.443,0.8869,0.3176,0.4775,0.8015,T Nagar,afternoon,apartment,large,0,0,3,2024-01-25,63.48,0
0.5615,0.406,0.5054,0.5506,0.8456,0.2927,0.4285,Porur,morning,apartment,medium,0,0,3,2024-06-06,69.73,0
0.5038,0.7372,0.7087,0.379,0.5547,0.4604,0.4837,Velachery,evening,apartment,medium,0,0,2,2024-05-08,89.8,0
0.0416,0.3475,0.5292,0.7718,0.4336,0.4076,0.7281,Porur,afternoon,independent,large,0,0,3,2024-08-15,16.82,1
0.0762,1.0,0.1543,0.8471,0.1647,0.2353,0.5974,T Nagar,morning,apartment,medium,0,0,4,2024-05-24,42.57,1
0.9187,0.2988,0.8023,0.6755,0.5545,0.3015,0.3374,Velachery,evening,independent,small,0,0,1,2024-10-22,63.16,0
0.546,1.0,0.429,0.689,0.2612,0.6291,0.551,Velachery,afternoon,apartment,medium,0,0,4,2024-06-28,100.0,0
0.1583,0.2402,0.236,0.9323,0.0379,0.2402,0.7706,Anna Nagar,morning,independent,large,1,0,6,2024-08-11,14.94,1
0.2289,0.4089,0.6661,0.644,0.6404,0.1949,0.1422,Velachery,morning,apartment,small,1,0,5,2024-05-11,28.28,1
0.0117,0.4779,0.7448,0.8199,0.282,0.4728,0.5033,T Nagar,evening,apartment,medium,1,0,5,2024-11-09,2.53,1
0.0832,0.3221,0.7015,0.7165,0.5335,0.2408,0.4048,Adyar,morning,apartment,medium,0,0,1,2024-02-13,12.21,1
0.1507,0.5661,0.7732,0.8822,0.2891,0.2214,0.1951,Velachery,morning,independent,small,1,0,5,2024-07-20,12.36,1
0.439,0.8668,0.2349,0.8252,0.1762,0.2238,0.2303,T Nagar,morning,independent,small,0,0,3,2024-02-15,84.45,0
0.1023,0.4188,0.4978,0.9059,0.1863,0.1847,0.3267,Velachery,morning,apartment,medium,0,0,2,2024-04-10,13.58,1
0.3195,0.5122,0.5083,0.5067,0.4323,0.4167,0.2156,Porur,evening,apartment,small,0,0,0,2024-05-20,49.88,1
0.226,0.7171,0.5869,0.8743,0.4512,0.3236,0.239,T Nagar,evening,apartment,small,0,0,4,2024-05-24,38.96,1
0.035,0.1419,0.4972,0.9876,0.0725,0.2327,0.7111,Porur,morning,apartment,large,0,0,0,2024-12-02,0.0,1
0.446,0.2807,0.67,0.9384,0.4744,0.3985,0.48,T Nagar,evening,apartment,medium,1,0,6,2024-09-29,27.46,1
0.0561,0.4176,0.3909,0.8871,0.5344,0.1886,0.6083,T Nagar,morning,apartment,medium,1,0,6,2024-09-01,19.95,0
0.9809,0.7451,0.5332,0.776,0.4315,0.1775,0.2279,Velachery,morning,independent,small,0,0,0,2024-11-11,100.0,0
0.1828,1.0,0.2139,0.8181,0.4673,0.5961,0.5377,Adyar,afternoon,apartment,medium,0,0,3,2024-02-08,71.13,0
0.0662,0.2819,0.7891,0.4701,0.2373,0.2317,0.119,Adyar,evening,apartment,small,1,0,5,2024-04-27,3.15,1
0.246,0.7032,0.8801,0.8057,0.6417,0.3222,0.7319,Adyar,evening,apartment,large,0,0,0,2024-10-28,38.18,1
0.1023,0.43,0.8495,0.4674,0.618,0.5304,0.2751,Anna Nagar,afternoon,independent,small,1,0,5,2024-07-27,15.93,1
0.2224,0.4542,0.6865,0.4525,0.085,0.451,0.5126,Porur,afternoon,independent,medium,0,0,4,2024-02-23,28.58,1
0.4187,0.4519,0.6152,0.811,0.6097,0.3658,0.7902,Velachery,morning,apartment,large,1,1,6,2024-04-14,55.21,0
0.8351,0.4624,0.2459,0.9104,0.8452,0.2739,0.6647,Velachery,morning,apartment,medium,0,0,4,2024-07-05,100.0,0
0.0632,0.3774,0.3627,0.4671,0.767,0.287,0.2613,Porur,evening,apartment,small,0,0,4,2024-07-26,35.77,1
0.6748,0.3464,0.2858,0.8145,0.327,0.4908,0.2332,Adyar,evening,independent,small,0,0,2,2024-08-28,67.18,0
0.4528,0.4886,0.5931,0.5803,0.0608,0.5466,0.3775,T Nagar,afternoon,independent,medium,1,0,5,2024-11-16,49.97,1
0.1994,1.0,0.1492,0.4664,0.3075,0.4647,0.2151,Velachery,afternoon,apartment,small,0,0,2,2024-07-31,78.23,0
0.7464,0.7056,0.366,0.9493,0.4136,0.2966,0.3928,Velachery,morning,apartment,medium,0,0,1,2024-08-06,100.0,0
0.0461,0.5834,0.4363,0.4502,0.1341,0.4668,0.5933,T Nagar,afternoon,apartment,medium,1,0,5,2024-11-09,27.28,1
0.3045,0.369,0.4698,0.4805,0.4498,0.6013,0.4129,Adyar,afternoon,apartment,medium,1,0,6,2024-11-10,47.18,1
0.2134,0.2692,0.4601,0.777,0.1003,0.2741,0.2165,T Nagar,evening,independent,small,0,0,0,2024-11-18,15.86,1
0.0371,0.6699,0.4851,0.3962,0.3598,0.3633,0.5019,Velachery,evening,independent,medium,0,0,4,2024-08-09,34.9,0
0.4364,0.2454,0.6569,0.6027,0.2063,0.2732,0.2061,Anna Nagar,morning,apartment,small,0,0,2,2024-08-21,24.22,1
0.2436,0.2185,0.629,0.7841,0.1647,0.4299,0.5073,Anna Nagar,morning,apartment,medium,0,0,0,2024-05-20,12.38,1
0.7001,0.6142,0.7391,0.756,0.2461,0.1102,0.8055,Velachery,morning,apartment,large,0,0,2,2024-10-02,81.81,0
0.0106,0.2732,0.7317,0.83,0.4981,0.3417,0.2965,T Nagar,evening,independent,small,1,0,6,2024-11-17,0.0,1
0.1609,0.2994,0.3963,0.6885,0.1536,0.2209,0.4652,Velachery,morning,apartment,medium,1,0,6,2024-04-28,21.95,1
0.0467,0.7044,0.8983,0.4801,0.3447,0.1308,0.7976,Velachery,morning,independent,large,1,0,6,2024-09-22,14.89,1
0.1423,0.2548,0.7669,0.2191,0.6415,0.4451,0.6031,T Nagar,afternoon,apartment,medium,1,0,5,2024-12-14,26.24,1
0.0499,0.4808,0.4956,0.483,0.6362,0.2354,0.2101,T Nagar,morning,apartment,small,1,0,5,2024-06-22,26.03,1
0.0423,0.7643,0.6946,0.8416,0.1583,0.3996,0.5078,Anna Nagar,evening,apartment,medium,0,0,4,2024-05-31,10.39,1
0.3233,1.0,0.626,0.8542,0.678,0.4784,0.6255,Velachery,evening,apartment,medium,0,1,4,2024-11-01,83.02,0
0.5437,0.1182,0.2694,0.7909,0.207,0.1892,0.5066,Velachery,morning,independent,medium,0,0,0,2024-11-11,34.85,1
0.0403,0.3271,0.9235,0.9707,0.1738,0.3681,0.5191,Anna Nagar,morning,independent,medium,0,0,4,2024-04-26,0.0,1
0.1636,0.5638,0.7047,0.78,0.4744,0.1512,0.7135,Velachery,morning,apartment,medium,0,0,2,2024-04-17,27.24,1
0.207,0.5914,0.662,0.966,0.4643,0.1462,0.2275,Adyar,morning,independent,small,0,0,0,2024-04-08,24.44,1
0.1987,0.2124,0.6158,0.7068,0.0708,0.4047,0.6141,Porur,evening,apartment,medium,0,0,0,2024-12-23,11.86,1
0.1147,1.0,0.4423,0.6379,0.5822,0.4619,0.2593,T Nagar,afternoon,apartment,small,0,0,3,2024-08-22,52.0,0
0.2249,0.1816,0.3583,0.3704,0.5685,0.2845,0.787,T Nagar,morning,apartment,large,0,0,3,2024-02-15,41.56,0
0.0491,0.2129,0.7682,0.7882,0.189,0.1755,0.7744,Adyar,morning,independent,large,0,0,2,2024-10-09,0.0,1
0.0641,0.363,0.6544,0.6609,0.5067,0.386,0.5161,Anna Nagar,evening,independent,medium,0,0,3,2024-08-08,14.7,1
0.1704,0.3353,0.7619,0.7915,0.1039,0.2815,0.167,Anna Nagar,morning,apartment,small,0,0,0,2024-04-15,2.23,1
0.7002,0.2776,0.3447,0.4677,0.4166,0.539,0.4844,Velachery,afternoon,apartment,medium,0,0,1,2024-06-25,73.5,0
0.0668,0.0871,0.8081,0.4709,0.2284,0.4032,0.1206,Anna Nagar,evening,apartment,small,0,0,3,2024-10-31,0.0,1
0.1832,0.7708,0.5272,0.3762,0.9037,0.6472,0.1556,Porur,afternoon,apartment,small,1,1,5,2024-11-02,64.83,0
0.0779,0.573,0.9196,0.9348,0.1838,0.2151,0.1412,Porur,morning,apartment,small,0,0,0,2024-07-08,0.0,1
0.5768,0.4264,0.9708,0.9896,0.5126,0.3691,0.7637,Velachery,evening,apartment,large,1,0,6,2024-06-16,40.56,1
0.1192,0.4012,0.5822,0.854,0.2947,0.3859,0.5968,Porur,evening,apartment,medium,0,0,1,2024-12-10,15.75,1
0.5348,0.3098,0.7427,0.9619,0.7869,0.4816,0.1114,Anna Nagar,afternoon,apartment,small,1,0,6,2024-08-18,33.48,1
0.337,0.4388,0.8182,0.8951,0.1347,0.5099,0.7547,Velachery,afternoon,apartment,large,0,0,0,2024-04-08,28.51,1
0.1785,0.4838,0.8373,0.7813,0.5458,0.3713,0.1415,T Nagar,evening,independent,small,0,0,4,2024-03-08,16.34,1
0.2245,0.1785,0.8993,0.7871,0.2494,0.4376,0.1981,Porur,evening,apartment,small,1,0,5,2024-10-12,0.0,1
0.2763,0.7828,0.7543,0.5238,0.5391,0.5243,0.8967,T Nagar,afternoon,apartment,large,1,0,6,2024-09-15,58.12,0
0.7632,0.6658,0.4656,0.3204,0.3943,0.4836,0.5065,Velachery,afternoon,apartment,medium,0,0,0,2024-09-30,100.0,0
0.0999,0.7356,0.4757,0.7228,0.1363,0.37,0.2305,T Nagar,evening,independent,small,0,0,2,2024-07-03,26.88,1
0.1369,0.5985,0.4045,0.6507,0.6831,0.5219,0.886,T Nagar,afternoon,apartment,large,0,0,0,2024-01-22,50.23,0
0.0386,0.1994,0.8927,0.5834,0.5811,0.5281,0.1304,Porur,afternoon,apartment,small,0,0,2,2024-12-04,1.46,1
0.3074,0.3367,0.8836,0.7855,0.9149,0.3423,0.4853,Velachery,evening,independent,medium,0,0,2,2024-11-13,27.57,1
0.3126,0.3514,0.7431,0.36,0.3873,0.226,0.1768,Velachery,morning,independent,small,1,0,5,2024-06-22,31.34,1
0.1028,0.5522,0.4967,0.6373,0.2792,0.5225,0.3378,Anna Nagar,afternoon,independent,medium,1,0,6,2024-04-07,24.91,1
0.0934,0.2935,0.7311,0.2922,0.5084,0.3463,0.5244,Anna Nagar,evening,independent,medium,0,0,0,2024-10-07,20.12,1
0.6891,0.4136,0.2507,0.6682,0.181,0.2705,0.7591,Velachery,morning,independent,large,0,0,1,2024-08-13,80.0,0
0.4182,0.8379,0.6536,0.2823,0.3176,0.2899,0.4443,T Nagar,morning,apartment,medium,0,0,1,2024-05-28,81.94,0
0.0389,0.5164,0.2156,0.5854,0.2325,0.2173,0.5027,Porur,morning,independent,medium,0,0,1,2024-06-18,29.18,1
0.0013,0.4731,0.8566,0.5126,0.8118,0.2025,0.7762,Porur,morning,apartment,large,0,0,0,2024-12-30,12.43,1
0.1583,0.591,0.251,0.7233,0.1814,0.5948,0.5601,T Nagar,afternoon,apartment,medium,1,0,6,2024-08-18,41.91,1
0.1192,0.4102,0.4968,0.972,0.7219,0.5469,0.1261,Adyar,afternoon,apartment,small,0,0,2,2024-01-31,25.94,1
0.2405,0.6439,0.7282,0.8392,0.5952,0.1285,0.5505,Adyar,morning,apartment,medium,0,0,1,2024-04-23,35.59,1
0.0418,0.3009,0.6565,0.7861,0.3957,0.3578,0.5049,Anna Nagar,evening,independent,medium,1,0,6,2024-09-29,4.05,1
0.0842,0.4669,0.1525,0.729,0.453,0.5336,0.2283,Porur,afternoon,independent,small,0,0,3,2024-04-25,38.45,1
0.1679,0.6458,0.0336,0.4597,0.4455,0.4837,0.7912,Adyar,afternoon,apartment,large,0,0,4,2024-08-16,70.83,0
0.3278,0.3562,0.3847,0.4354,0.1756,0.5121,0.4113,Porur,afternoon,independent,medium,0,0,3,2024-08-22,45.1,1
0.3167,0.1807,0.466,0.7575,0.6273,0.3053,0.2216,Adyar,evening,independent,small,0,0,3,2024-08-29,29.69,1
0.3463,0.2448,0.8756,0.7172,0.2186,0.187,0.7902,Adyar,morning,apartment,large,0,0,3,2024-09-26,14.66,1
0.1077,0.7478,0.6922,0.3132,0.5596,0.4281,0.4684,Velachery,afternoon,apartment,medium,0,0,1,2024-03-05,43.22,1
0.4277,0.7651,0.8488,0.9506,0.1579,0.1557,0.8583,Porur,morning,independent,large,0,0,0,2024-06-17,51.16,0
0.1549,0.4827,0.9162,0.5059,0.3365,0.5288,0.121,Porur,afternoon,independent,small,0,0,1,2024-04-02,15.61,1
0.1379,0.3755,0.8988,0.0768,0.6359,0.2425,0.1452,Anna Nagar,morning,independent,small,1,0,6,2024-09-15,19.65,1
0.2072,0.5908,0.3242,0.892,0.6075,0.5747,0.2219,Anna Nagar,afternoon,independent,small,0,0,2,2024-11-20,46.59,0
0.0347,0.7388,0.6639,0.6256,0.7062,0.5325,0.2039,Porur,afternoon,apartment,small,0,0,1,2024-06-11,25.64,1
0.3186,0.2567,0.1139,0.6667,0.4751,0.1598,0.5047,Porur,morning,apartment,medium,0,0,2,2024-10-02,46.69,1
0.0318,0.1034,0.1374,0.6215,0.2151,0.2436,0.5131,Anna Nagar,morning,independent,medium,0,0,1,2024-01-30,20.5,1
0.2785,0.9158,0.5503,0.5225,0.5451,0.212,0.2478,T Nagar,morning,apartment,small,0,0,4,2024-06-21,67.21,0
0.0392,0.4114,0.5053,0.9342,0.5383,0.3359,0.5132,T Nagar,morning,apartment,medium,1,0,5,2024-06-01,13.6,1
0.0155,0.1057,0.5164,0.7107,0.5328,0.4789,0.4689,Porur,evening,apartment,medium,1,0,6,2024-09-01,11.19,1
0.1377,0.1508,0.2955,0.897,0.3629,0.3506,0.7765,Adyar,morning,independent,large,0,0,2,2024-05-01,23.28,1
0.2064,0.5086,0.8731,0.32,0.4157,0.2669,0.4955,Velachery,morning,apartment,medium,0,0,0,2024-03-25,32.13,1
0.0902,0.245,0.7777,0.507,0.8556,0.0893,0.1836,T Nagar,morning,apartment,small,1,0,6,2024-05-12,10.54,1
0.101,0.2464,0.5277,0.6066,0.4365,0.2202,0.5183,T Nagar,morning,independent,medium,0,0,2,2024-08-14,18.64,1
0.1333,0.1672,0.7405,0.1831,0.3011,0.2122,0.7935,Adyar,morning,independent,large,1,0,6,2024-05-12,18.52,1
0.0557,1.0,0.3577,0.385,0.2035,0.5946,0.1746,T Nagar,afternoon,apartment,small,0,0,2,2024-01-03,45.33,1
0.2266,0.5267,0.7392,0.7376,0.094,0.5585,0.7712,Anna Nagar,afternoon,independent,large,0,0,1,2024-06-18,26.23,1
0.2232,0.0807,0.2348,0.469,0.2588,0.2583,0.7356,Anna Nagar,morning,apartment,large,1,0,6,2024-09-22,27.68,1
0.261,0.5382,0.7675,0.3903,0.3992,0.3885,0.6046,Anna Nagar,evening,apartment,medium,0,0,2,2024-02-28,39.16,1
0.4798,0.2751,0.1744,0.4624,0.4019,0.0936,0.1741,Anna Nagar,morning,independent,small,0,0,1,2024-07-16,53.71,0
0.1568,0.2587,0.7877,0.4141,0.1706,0.3957,0.3958,Adyar,evening,apartment,medium,1,0,5,2024-05-11,12.62,1
0.0585,0.7514,0.2079,0.5916,0.5187,0.3362,0.2133,Anna Nagar,evening,apartment,small,0,0,0,2024-09-02,42.64,0
0.0889,0.3804,0.376,0.6344,0.2779,0.2268,0.7674,Porur,morning,independent,large,0,0,1,2024-08-27,25.45,1
0.4396,0.7187,0.2307,0.5629,0.4135,0.5588,0.5776,Velachery,afternoon,independent,medium,0,0,3,2024-01-11,95.55,0
0.384,0.3237,0.4845,0.2694,0.3621,0.237,0.1447,Porur,morning,apartment,small,1,0,6,2024-11-17,43.2,1
0.0074,0.3253,0.9178,0.5518,0.3413,0.5155,0.4354,Adyar,afternoon,apartment,medium,0,0,2,2024-01-10,3.05,1
0.112,0.9102,0.6192,0.6673,0.5714,0.417,0.204,T Nagar,afternoon,apartment,small,0,0,4,2024-03-08,38.73,1
0.2214,0.5764,0.7006,0.4249,0.3963,0.2138,0.1751,T Nagar,morning,independent,small,1,0,6,2024-07-21,33.18,1
0.3337,0.6852,0.5222,0.9966,0.3445,0.2525,0.1033,Anna Nagar,morning,independent,small,0,0,4,2024-08-16,43.55,1
0.4352,0.0736,0.914,0.8695,0.8894,0.3944,0.1527,Adyar,evening,independent,small,1,0,5,2024-07-20,6.79,1
0.1852,0.7351,0.158,0.2852,0.4069,0.4401,0.509,Anna Nagar,evening,apartment,medium,0,0,0,2024-02-19,68.65,0
0.1982,0.7973,0.2169,0.2305,0.2248,0.4672,0.508,Adyar,evening,apartment,medium,0,0,2,2024-03-13,71.07,0
0.8497,0.4132,0.4174,0.3356,0.1052,0.3209,0.7231,Velachery,evening,apartment,large,1,0,6,2024-06-02,91.42,0
0.3873,0.4259,0.3065,0.7786,0.8324,0.1889,0.1626,T Nagar,morning,apartment,small,1,0,5,2024-10-12,56.56,0
0.4894,0.4839,0.7739,0.9063,0.8839,0.4085,0.5412,Velachery,afternoon,apartment,medium,0,0,0,2024-10-07,55.73,0
0.1156,0.1728,0.4104,0.9829,0.5235,0.3938,0.122,Velachery,evening,apartment,small,0,0,4,2024-05-17,16.26,1
0.0551,0.1417,0.8493,0.5492,0.3322,0.3487,0.7316,Anna Nagar,evening,apartment,large,1,0,5,2024-02-17,0.0,1
0.0443,0.4342,0.9156,0.7716,0.1518,0.408,0.2183,Porur,evening,independent,small,0,0,4,2024-07-26,0.0,1
0.0935,0.3277,0.4489,0.7122,0.2741,0.1762,0.2417,Porur,morning,independent,small,0,0,3,2024-02-29,14.22,1
0.4412,0.4569,0.5336,0.7232,0.2335,0.4556,0.4455,Velachery,evening,independent,medium,1,0,5,2024-08-17,50.59,0
0.4885,0.4829,0.6515,0.9398,0.3448,0.1409,0.1703,Velachery,morning,independent,small,0,0,1,2024-04-09,44.06,1
0.4875,0.5683,0.7051,0.6762,0.4334,0.4561,0.0709,Porur,evening,apartment,small,0,0,2,2024-12-25,57.0,0
0.076,0.5478,0.9585,0.7762,0.2473,0.4411,0.5704,Porur,evening,independent,medium,1,0,5,2024-01-27,1.4,1
0.4643,0.534,0.6652,0.6684,0.3029,0.3863,0.1798,Porur,evening,apartment,small,0,0,0,2024-05-13,51.33,0
0.0106,0.392,0.6194,0.5904,0.2827,0.4903,0.8968,Porur,afternoon,apartment,large,1,0,5,2024-11-09,14.08,1
0.0045,0.3352,0.263,0.8929,0.3643,0.4926,0.2845,Adyar,afternoon,apartment,medium,1,0,5,2024-04-20,18.56,1
0.1737,0.538,0.736,0.7831,0.4553,0.439,0.116,T Nagar,evening,independent,small,1,0,5,2024-09-28,19.92,1
0.3354,0.5538,0.566,0.6859,0.6084,0.4891,0.5096,Adyar,afternoon,independent,medium,0,0,4,2024-04-26,56.21,0
0.1593,0.7682,0.7356,0.295,0.598,0.3388,0.4554,T Nagar,morning,apartment,medium,0,0,3,2024-04-11,45.63,1
0.0501,0.1809,0.6971,0.456,0.4481,0.3883,0.6645,Anna Nagar,evening,apartment,medium,0,0,4,2024-06-14,12.61,1
0.1251,0.6892,0.3689,0.8054,0.6232,0.5536,0.5076,T Nagar,afternoon,apartment,medium,0,0,1,2024-05-07,45.97,1
0.0563,0.2734,0.673,0.6301,0.186,0.4912,0.4715,Anna Nagar,afternoon,independent,medium,1,0,5,2024-11-23,5.23,1
0.6498,0.6138,0.455,0.8884,0.4137,0.4249,0.2577,T Nagar,evening,independent,small,0,0,4,2024-09-06,85.0,0
0.0973,0.447,0.6445,0.4236,0.57,0.5316,0.5578,Anna Nagar,afternoon,apartment,medium,0,0,4,2024-07-12,29.59,1
0.1843,0.8303,0.5,0.7213,0.6241,0.5375,0.8507,Porur,afternoon,independent,large,0,0,4,2024-11-15,56.9,1
0.2279,0.8113,0.0752,0.9348,0.7038,0.1459,0.4353,T Nagar,morning,independent,medium,0,0,0,2024-11-18,69.89,0
0.0287,0.2967,0.601,0.6501,0.2555,0.3018,0.4427,Porur,evening,independent,medium,0,0,0,2024-01-22,7.63,1
0.1216,0.9025,0.5053,0.609,0.3219,0.376,0.6145,Velachery,evening,independent,medium,0,0,0,2024-02-26,46.79,1
0.1887,0.3708,0.4459,0.3396,0.4974,0.1988,0.8002,Velachery,morning,independent,large,1,0,5,2024-01-13,43.39,0
0.0588,0.2544,0.6452,0.7701,0.4049,0.4856,0.4542,Anna Nagar,afternoon,apartment,medium,0,0,3,2024-08-22,8.11,1
0.318,0.0825,0.8763,0.6603,0.3362,0.4247,0.1435,Adyar,evening,apartment,small,0,0,3,2024-05-16,4.23,1
0.2164,0.7222,0.2336,0.809,0.6272,0.4876,0.1826,Velachery,afternoon,independent,small,0,0,1,2024-09-10,63.44,0
0.3135,0.5823,0.6865,0.3993,0.2567,0.211,0.1826,T Nagar,morning,independent,small,1,0,6,2024-04-21,41.62,1
0.3352,0.3926,0.9525,0.9045,0.4855,0.3752,0.8247,Velachery,evening,apartment,large,1,0,5,2024-12-14,21.98,1
0.3048,0.2591,0.3778,0.2816,0.0836,0.5998,0.564,Anna Nagar,afternoon,independent,medium,1,0,5,2024-04-20,39.45,1
0.4104,0.5711,0.8373,0.6111,0.2658,0.6249,0.1668,Adyar,afternoon,independent,small,1,0,5,2024-01-13,46.41,1
0.2802,0.7812,0.9191,0.2344,0.5339,0.5413,0.4399,Anna Nagar,afternoon,apartment,medium,0,0,1,2024-07-16,54.98,0
0.2712,0.6781,0.635,0.9235,0.5401,0.2195,0.1773,Velachery,morning,apartment,small,0,0,1,2024-03-12,41.43,1
0.1921,0.4806,0.9971,0.2756,0.6583,0.2898,0.4454,Adyar,evening,independent,medium,1,0,6,2024-12-22,25.51,1
0.8213,0.4118,0.7201,0.9548,0.3869,0.5423,0.1136,Velachery,afternoon,apartment,small,1,0,6,2024-11-24,65.02,0
0.1617,0.5183,0.7682,0.5099,0.1083,0.2303,0.4015,Anna Nagar,morning,independent,medium,0,0,1,2024-02-06,17.09,1
0.082,0.3417,0.6024,0.7554,0.4427,0.3597,0.4309,Adyar,morning,apartment,medium,0,0,0,2024-12-09,16.15,1
0.0436,0.1122,0.5886,0.8609,0.272,0.1301,0.7815,Anna Nagar,morning,independent,large,0,0,3,2024-04-11,0.0,1
0.0284,0.2177,0.9586,0.4486,0.4473,0.4996,0.2144,Anna Nagar,afternoon,apartment,small,1,0,6,2024-03-03,0.0,1
0.0427,0.981,0.3956,0.9103,0.4587,0.6101,0.1891,Velachery,afternoon,apartment,small,0,0,2,2024-12-25,36.83,1
0.0222,0.0679,0.8451,0.5731,0.3855,0.4015,0.5387,Adyar,evening,apartment,medium,0,0,3,2024-04-11,1.02,1
0.1809,0.5651,0.4154,0.8536,0.2499,0.2801,0.3187,Anna Nagar,morning,apartment,small,0,0,4,2024-05-17,28.71,1
0.116,0.095,0.7133,0.8935,0.2225,0.5573,0.7735,Anna Nagar,afternoon,apartment,large,0,0,2,2024-05-08,0.42,1
0.0034,0.2931,0.7071,0.8642,0.6051,0.6704,0.5191,Anna Nagar,afternoon,apartment,medium,0,0,4,2024-11-29,7.28,1
0.1618,0.5268,0.8383,0.6293,0.2804,0.446,0.4436,Porur,afternoon,independent,medium,0,0,1,2024-04-23,18.73,1
0.509,0.7781,0.8833,0.5277,0.6215,0.1151,0.5449,T Nagar,morning,apartment,medium,0,0,0,2024-05-13,76.72,0
0.6632,0.5122,0.3919,0.8703,0.3171,0.4481,0.7509,Adyar,afternoon,independent,large,0,0,1,2024-09-03,82.09,0
0.0801,0.7034,0.5955,0.9373,0.3986,0.331,0.1029,T Nagar,evening,independent,small,0,0,0,2024-04-22,17.01,1
0.8613,0.7141,0.5172,0.8242,0.3144,0.3147,0.1907,Velachery,morning,apartment,small,0,0,0,2024-11-11,100.0,0
0.1017,0.9222,0.4787,0.6842,0.4462,0.2176,0.2002,Velachery,morning,independent,small,0,0,0,2024-10-14,40.76,1
0.0452,0.1882,0.7113,0.3684,0.7499,0.2612,0.2145,Adyar,morning,independent,small,1,0,5,2024-08-24,15.39,1
0.058,0.6147,0.3955,0.5498,0.2121,0.4055,0.2813,Porur,afternoon,independent,small,0,0,4,2024-11-29,27.61,1
0.0596,0.4947,0.4055,0.9842,0.4732,0.3832,0.2553,Porur,evening,apartment,small,0,0,2,2024-04-10,18.53,1
0.2838,0.174,0.3386,0.497,0.2649,0.2506,0.265,Adyar,morning,independent,small,0,0,1,2024-10-08,31.38,1
0.1962,0.5794,0.6808,0.5416,0.7019,0.4231,0.1514,T Nagar,evening,apartment,small,0,0,0,2024-05-13,38.66,1
0.4036,0.4489,0.0967,0.3124,0.3196,0.2088,0.2456,Adyar,morning,apartment,small,0,0,0,2024-02-26,72.04,0
0.2279,0.5261,0.5079,0.1478,0.3063,0.1994,0.5011,T Nagar,morning,independent,medium,1,0,6,2024-07-14,46.98,0
0.0004,0.2817,0.662,0.8977,0.5124,0.2256,0.7161,Anna Nagar,morning,independent,medium,0,0,0,2024-10-07,1.91,1
0.0314,0.4612,0.7278,0.7494,0.7933,0.4872,0.5446,T Nagar,afternoon,apartment,medium,1,0,5,2024-08-17,15.73,1
0.1223,0.3697,0.3151,0.7963,0.3343,0.2429,0.4869,T Nagar,morning,apartment,medium,1,0,6,2024-01-07,24.28,1
0.6337,0.1994,0.7904,0.7574,0.2433,0.2337,0.5199,Adyar,morning,independent,medium,0,0,3,2024-06-13,27.22,1
0.6687,0.2968,0.3819,0.9537,0.7818,0.1564,0.8083,Adyar,morning,apartment,large,0,0,3,2024-10-17,64.11,0
0.3155,0.6417,0.8369,0.4443,0.2563,0.3052,0.1697,Adyar,morning,independent,small,0,0,0,2024-05-06,42.7,1
0.6183,0.3563,0.5397,0.5562,0.8397,0.4149,0.1695,Velachery,evening,apartment,small,1,0,5,2024-06-22,68.53,0
0.1982,0.4576,0.3736,0.5366,0.7833,0.5102,0.4067,Porur,afternoon,apartment,medium,0,0,4,2024-08-30,51.75,0
0.1545,0.3209,0.8112,0.8826,0.4061,0.2135,0.5165,Anna Nagar,morning,independent,medium,0,0,1,2024-04-16,3.27,1
0.0155,0.0943,0.8192,0.4802,0.6069,0.4051,0.17,Anna Nagar,evening,independent,small,1,0,6,2024-09-29,0.34,1
0.619,0.4504,0.7801,0.5944,0.7184,0.2143,0.708,Adyar,morning,apartment,medium,1,0,6,2024-03-31,64.08,0
0.0206,0.2671,0.5693,0.6128,0.383,0.4952,0.1906,Porur,afternoon,apartment,small,0,0,2,2024-10-23,11.75,1
0.2888,0.5411,0.3427,0.9093,0.1482,0.5589,0.588,Velachery,afternoon,apartment,medium,1,0,6,2024-01-07,46.02,1
0.0456,0.2972,0.3004,0.1657,0.4373,0.4701,0.479,Anna Nagar,afternoon,independent,medium,1,0,5,2024-03-16,36.86,1
0.8071,0.6195,0.7621,0.6748,0.7622,0.541,0.1777,Velachery,afternoon,apartment,small,0,0,4,2024-09-13,100.0,0
0.0312,0.478,0.6484,0.4637,0.8669,0.1385,0.8088,Anna Nagar,morning,independent,large,0,0,0,2024-09-02,25.75,1
0.1936,1.0,0.1786,0.1721,0.6896,0.4819,0.7074,T Nagar,afternoon,apartment,medium,0,0,3,2024-02-22,94.49,0
0.2561,0.2589,0.8622,0.5415,0.0557,0.3747,0.4859,Anna Nagar,evening,independent,medium,0,0,4,2024-03-15,9.63,1
0.1212,0.186,0.7329,0.9283,0.3894,0.3083,0.7941,Anna Nagar,morning,independent,large,0,0,2,2024-08-07,1.78,1
0.2952,0.6379,0.9535,0.4424,0.2754,0.5301,0.1438,Adyar,afternoon,apartment,small,0,0,1,2024-06-18,38.77,1
0.3068,0.8834,0.4823,0.6124,0.1539,0.221,0.7433,Porur,morning,apartment,large,0,0,0,2024-10-28,65.33,0
0.0699,0.2733,0.7998,0.9788,0.263,0.1289,0.7916,T Nagar,morning,independent,large,1,0,6,2024-07-21,0.0,1
0.1404,0.5131,0.7173,0.8578,0.6816,0.0867,0.7998,Porur,morning,independent,large,0,0,1,2024-10-01,20.37,1
0.1115,0.0866,0.5788,0.709,0.4173,0.3584,0.4896,Adyar,evening,independent,medium,1,0,6,2024-05-05,10.0,1
0.296,0.3193,0.2511,0.6011,0.6059,0.324,0.4879,T Nagar,morning,apartment,medium,1,0,6,2024-09-08,49.12,1
0.1558,1.0,0.9209,0.8789,0.4142,0.4473,0.5826,Adyar,afternoon,independent,medium,0,0,4,2024-10-04,32.64,1
0.6733,0.2396,0.3351,0.9308,0.7877,0.3789,0.6416,Adyar,evening,apartment,medium,0,0,3,2024-11-14,62.68,0
0.1284,0.5575,0.8062,0.7848,0.6524,0.5132,0.7818,T Nagar,evening,apartment,large,0,0,4,2024-11-29,24.71,1
0.0198,0.0733,0.7427,0.8431,0.9518,0.4938,0.7639,Anna Nagar,afternoon,apartment,large,0,0,4,2024-06-14,8.2,1
0.0698,0.5091,0.1759,0.4606,0.3882,0.5648,0.6734,Velachery,afternoon,apartment,large,1,0,5,2024-12-28,48.37,1
0.2975,0.1702,0.8697,0.521,0.3744,0.46,0.2075,Porur,afternoon,apartment,small,1,0,6,2024-12-22,9.94,1
0.1533,0.6549,0.7064,0.5124,0.4229,0.4759,0.5768,Adyar,afternoon,independent,medium,0,0,1,2024-05-07,37.43,1
0.1216,0.5926,0.8769,0.6694,0.6645,0.3657,0.7657,T Nagar,morning,apartment,large,0,0,2,2024-12-18,22.99,1
0.0809,0.7368,0.493,0.7361,0.7426,0.546,0.7004,T Nagar,afternoon,apartment,medium,0,0,1,2024-10-01,42.29,1
0.0763,0.269,0.7656,0.6982,0.3332,0.219,0.9331,Porur,morning,apartment,large,1,0,6,2024-03-03,4.45,1
0.3246,0.5749,0.6392,0.939,0.5698,0.4608,0.4655,Adyar,afternoon,independent,medium,1,0,5,2024-11-23,43.58,1
0.1624,0.6748,0.6469,0.2514,0.4473,0.2554,0.7839,Velachery,evening,independent,large,0,0,4,2024-04-26,48.79,0
0.1536,0.1831,0.2495,0.7094,0.2619,0.4714,0.6156,Porur,afternoon,independent,medium,0,0,4,2024-10-11,27.48,1
0.2879,0.5843,0.4523,0.7919,0.2537,0.144,0.1923,T Nagar,morning,independent,small,1,0,5,2024-08-31,37.76,1
0.1569,0.3379,0.3632,0.715,0.6298,0.3798,0.204,T Nagar,evening,apartment,small,0,0,1,2024-10-01,33.58,1
0.0437,0.1927,0.9643,0.6752,0.2868,0.2693,0.7482,Anna Nagar,morning,apartment,large,0,0,0,2024-01-08,0.0,1
0.2128,0.1168,0.8607,0.9336,0.122,0.4914,0.1629,Porur,afternoon,apartment,small,0,0,1,2024-03-26,0.0,1
0.3349,0.3749,0.6121,0.8079,0.268,0.1505,0.3389,Velachery,morning,independent,medium,0,0,3,2024-08-15,28.53,1
0.2715,0.2165,0.7909,0.7497,0.5992,0.1453,0.2441,Adyar,morning,independent,medium,0,0,4,2024-01-05,12.66,1
0.3538,0.2735,0.5484,0.5926,0.872,0.4305,0.2382,Adyar,evening,apartment,small,0,0,2,2024-04-03,44.71,1
0.1518,0.0681,0.4003,0.6017,0.5214,0.5104,0.5234,Anna Nagar,afternoon,independent,medium,0,0,4,2024-10-25,24.11,1
0.1037,0.3175,0.2101,0.7357,0.2826,0.1588,0.5633,Porur,morning,independent,medium,1,0,6,2024-01-28,24.35,1
0.3285,0.2331,0.855,0.9108,0.607,0.4108,0.2293,Anna Nagar,evening,apartment,small,1,0,6,2024-10-20,8.43,1
0.1136,0.5048,0.6759,0.9767,0.4776,0.1617,0.3992,Velachery,morning,apartment,medium,0,0,0,2024-09-02,14.22,1
0.1406,0.3744,0.6379,0.2891,0.6603,0.4179,0.4891,Anna Nagar,afternoon,independent,medium,0,0,2,2024-02-28,33.71,1
0.161,0.1218,0.8917,0.7329,0.6147,0.4039,0.3912,Porur,afternoon,apartment,medium,1,0,5,2024-07-27,0.0,1
0.0091,0.5289,0.8594,0.4574,0.1125,0.6024,0.2457,Anna Nagar,afternoon,apartment,small,0,0,0,2024-01-01,4.76,1
0.1016,0.5274,0.7077,0.4855,0.3877,0.6179,0.8748,T Nagar,afternoon,apartment,large,0,0,0,2024-06-10,30.57,1
0.7444,0.4554,0.8059,0.4886,0.2112,0.4619,0.1989,Velachery,afternoon,independent,small,0,0,1,2024-08-13,70.81,0
0.192,1.0,0.3185,0.7265,0.0767,0.5528,0.1238,T Nagar,afternoon,independent,small,0,0,4,2024-02-16,56.1,0
0.2518,0.1711,0.6728,0.6051,0.4638,0.3538,0.3885,Adyar,evening,independent,medium,0,0,1,2024-03-19,19.69,1
0.3219,0.5484,0.5523,0.8868,0.5884,0.2162,0.569,Velachery,morning,apartment,medium,0,0,4,2024-02-09,47.87,1
0.1416,0.6321,0.6286,0.3039,0.4722,0.359,0.4572,Adyar,morning,independent,medium,0,0,3,2024-08-01,42.11,1
0.1917,0.2529,0.8463,0.5945,0.624,0.612,0.5005,Porur,afternoon,independent,medium,0,0,2,2024-08-07,18.09,1
0.1,0.5454,0.6965,0.3404,0.4979,0.185,0.1609,Velachery,morning,apartment,small,1,0,5,2024-03-30,26.21,1
0.2607,0.6078,0.052,0.4222,0.0945,0.1723,0.6267,Anna Nagar,morning,independent,large,0,0,4,2024-09-13,61.12,0
0.067,0.7447,0.6723,0.3644,0.5906,0.2993,0.3708,Porur,morning,apartment,medium,0,0,4,2024-06-14,32.02,0
0.738,0.2671,0.5417,0.4297,0.5593,0.3493,0.2142,Adyar,morning,independent,small,0,0,4,2024-10-25,63.89,0
0.0686,0.4948,0.5639,0.6295,0.5315,0.2649,0.2331,T Nagar,morning,apartment,small,0,0,3,2024-04-18,21.69,1
0.1801,0.4008,0.8756,0.6539,0.7801,0.2415,0.7998,Porur,morning,apartment,large,1,0,6,2024-02-11,18.92,1
0.0742,0.2545,0.618,0.9341,0.4547,0.5257,0.2428,Porur,afternoon,independent,small,1,0,6,2024-10-27,4.89,1
0.4718,0.3265,0.7544,0.846,0.9276,0.4772,0.2292,Adyar,afternoon,apartment,small,0,0,4,2024-12-27,41.4,1
0.0609,0.7542,0.3784,0.9319,0.6426,0.1647,0.042,Anna Nagar,morning,independent,small,0,0,4,2024-01-12,26.1,1
0.1733,0.7706,0.4339,0.4518,0.5105,0.5119,0.5005,T Nagar,afternoon,independent,medium,1,0,6,2024-11-24,56.06,0
0.0126,0.3735,0.7228,0.7132,0.6128,0.3104,0.508,T Nagar,morning,independent,medium,0,0,4,2024-04-05,9.48,1
0.0737,0.9354,0.1469,0.9288,0.0912,0.4191,0.1256,T Nagar,afternoon,independent,small,0,0,3,2024-02-08,35.38,1
0.0686,0.2147,0.4364,0.3345,0.6534,0.3471,0.2052,Porur,evening,apartment,small,1,0,5,2024-10-26,27.68,1
0.0771,0.5514,0.8043,0.5722,0.7428,0.4799,0.2379,T Nagar,afternoon,apartment,small,0,0,3,2024-12-12,21.45,1
0.708,0.1862,0.6403,0.6584,0.3864,0.2963,0.4259,Velachery,morning,apartment,medium,1,0,6,2024-03-03,40.13,1
0.6277,0.3059,0.615,0.5549,0.1995,0.3262,0.2015,Porur,evening,independent,small,0,0,2,2024-01-10,45.55,1
0.2387,0.6826,0.7357,0.9163,0.5567,0.5032,0.3739,Velachery,evening,apartment,medium,0,0,3,2024-10-10,39.46,1
0.2585,0.3369,0.602,0.8223,0.1809,0.374,0.2355,Adyar,evening,apartment,small,0,0,1,2024-12-17,20.08,1
0.3541,0.5791,0.8783,0.6296,0.6332,0.2935,0.5314,Porur,morning,independent,medium,0,0,3,2024-09-12,42.81,1
0.1466,0.6987,0.8646,0.6591,0.4575,0.3316,0.179,Velachery,evening,apartment,small,0,0,2,2024-09-18,24.7,1
0.0461,0.3909,0.5644,0.6609,0.2006,0.273,0.4572,Anna Nagar,evening,apartment,medium,0,0,1,2024-06-11,9.95,1
0.0535,0.3467,0.9126,0.9739,0.503,0.1615,0.6562,Anna Nagar,morning,apartment,medium,1,0,6,2024-06-16,0.0,1
0.2963,0.5013,0.6048,0.5827,0.4896,0.2619,0.5479,Porur,morning,independent,medium,0,0,4,2024-03-01,42.82,1
0.2373,0.6083,0.5151,0.3622,0.207,0.2741,0.8083,Adyar,evening,apartment,large,0,0,2,2024-07-31,51.08,0
0.0045,0.5025,0.7302,0.872,0.511,0.3914,0.1658,Anna Nagar,evening,apartment,small,0,0,0,2024-01-08,1.74,1
0.3287,0.6833,0.6726,0.7773,0.1479,0.5088,0.2883,Velachery,evening,independent,medium,0,0,3,2024-10-24,48.15,1
0.2109,0.2176,0.3451,0.495,0.4774,0.3891,0.341,T Nagar,evening,apartment,medium,1,0,6,2024-01-07,33.96,1
0.6163,0.3069,0.5303,0.6098,0.4835,0.1494,0.1615,Adyar,morning,apartment,small,0,0,3,2024-05-02,52.08,0
0.1246,0.4845,0.7767,0.4569,0.7736,0.2078,0.1411,Anna Nagar,morning,apartment,small,0,0,3,2024-05-09,22.1,1
0.1562,1.0,0.8621,0.8969,0.1438,0.4402,0.4715,Anna Nagar,afternoon,independent,medium,0,0,2,2024-06-12,26.35,1
0.2054,0.5339,0.8822,0.3806,0.7949,0.189,0.7502,Adyar,morning,independent,large,0,0,1,2024-08-06,36.74,1
0.305,0.5656,0.8795,0.7199,0.389,0.37,0.8134,T Nagar,evening,independent,large,0,0,3,2024-01-18,35.23,1
0.6228,0.8679,0.8526,0.6532,0.7457,0.2944,0.1341,Porur,morning,independent,small,0,0,4,2024-09-20,98.99,0
0.017,0.3356,0.5954,0.6665,0.2933,0.2207,0.8162,Anna Nagar,morning,independent,large,0,0,4,2024-04-19,9.26,1
0.1106,0.6801,0.3282,0.8332,0.4449,0.2228,0.2155,T Nagar,morning,apartment,small,0,0,1,2024-03-05,34.13,1
0.4986,0.4707,0.9063,0.5861,0.5083,0.1878,0.764,Velachery,morning,apartment,large,0,0,4,2024-10-04,50.22,0
0.036,0.0354,0.2741,0.8176,0.4777,0.6349,0.3551,Porur,afternoon,independent,medium,0,0,1,2024-12-24,19.94,1
0.4915,0.3489,0.1513,0.7456,0.523,0.5635,0.1861,Adyar,afternoon,apartment,small,0,0,2,2024-05-15,67.33,1
0.0669,0.2956,0.6389,0.8322,0.51,0.2275,0.2233,Porur,morning,apartment,small,0,0,3,2024-04-11,5.85,1
0.0645,0.0951,0.6962,0.5231,0.801,0.411,0.7865,Anna Nagar,evening,apartment,large,1,0,5,2024-01-13,15.1,1
0.0514,0.7719,0.9244,0.8354,0.7605,0.4759,0.7892,Adyar,evening,apartment,large,0,0,0,2024-03-04,18.4,1
0.1716,0.4452,0.2408,0.3245,0.3644,0.2833,0.2368,T Nagar,evening,apartment,small,0,0,0,2024-11-04,46.91,1
0.0685,0.6602,0.7294,0.7784,0.5545,0.3632,0.1909,Velachery,evening,independent,small,0,0,1,2024-06-04,19.41,1
0.1279,0.5262,0.2874,0.3167,0.5601,0.5959,0.2088,Velachery,afternoon,independent,small,0,0,4,2024-04-26,55.74,0
0.3833,0.4232,0.6481,0.9393,0.6379,0.3237,0.1716,Adyar,evening,apartment,small,0,0,1,2024-10-15,37.24,1
0.4904,0.7272,0.5437,0.292,0.8275,0.4136,0.7507,Velachery,evening,apartment,large,0,0,3,2024-09-19,100.0,0
0.1248,0.4064,0.4302,0.8215,0.8132,0.3462,0.5122,Anna Nagar,evening,apartment,medium,1,0,5,2024-12-21,30.46,1
0.6645,0.6094,0.6827,0.789,0.4186,0.2996,0.2301,Velachery,morning,apartment,small,0,0,2,2024-03-13,79.88,0
0.22,0.205,0.701,0.4598,0.0788,0.2193,0.4268,T Nagar,morning,independent,medium,1,0,6,2024-05-12,10.77,1
0.1029,0.3335,0.324,0.6245,0.7074,0.444,0.7679,Anna Nagar,afternoon,independent,large,0,0,4,2024-06-07,39.2,1
0.8955,0.8906,0.6278,0.7986,0.4163,0.6192,0.1483,Velachery,afternoon,independent,small,0,0,4,2024-02-23,100.0,0
0.2728,0.2793,0.4257,0.809,0.5651,0.4459,0.4468,Adyar,afternoon,apartment,medium,0,0,4,2024-05-03,36.01,1
0.5203,0.2083,0.6175,0.2776,0.2438,0.276,0.7932,Anna Nagar,morning,apartment,large,0,0,3,2024-01-18,40.85,1
0.5131,0.3066,0.9151,0.3108,0.6442,0.5126,0.0559,Anna Nagar,afternoon,apartment,small,1,0,5,2024-05-25,37.81,1
0.3552,0.17,0.5258,0.6011,0.5597,0.3351,0.506,Porur,evening,apartment,medium,1,0,6,2024-11-17,29.3,1
0.2081,0.2858,0.4564,0.9872,0.1422,0.3459,0.1772,Adyar,evening,apartment,small,0,0,1,2024-11-12,14.1,1
0.1884,0.4486,0.6524,0.5521,0.5564,0.1371,0.7144,Porur,morning,apartment,medium,0,0,0,2024-04-15,30.28,1
0.001,1.0,0.6177,0.2553,0.0858,0.4637,0.4884,Anna Nagar,afternoon,independent,medium,0,0,4,2024-03-15,26.43,1
0.4285,0.2108,0.577,0.6984,0.5462,0.2468,0.1799,Velachery,morning,apartment,small,0,0,0,2024-11-18,32.43,1
0.0672,0.8188,0.387,0.7061,0.4315,0.5122,0.6964,Adyar,afternoon,apartment,large,0,0,4,2024-09-06,42.54,1
0.1974,0.165,0.7625,0.9158,0.1175,0.2151,0.2092,Velachery,morning,apartment,small,0,0,2,2024-04-17,0.0,1
0.1681,0.6154,0.7436,0.8863,0.7899,0.4302,0.691,Adyar,evening,independent,large,0,0,3,2024-06-20,33.15,1
0.0287,0.7624,0.8792,0.6921,0.1888,0.4698,0.5611,Velachery,afternoon,independent,medium,0,0,3,2024-03-14,11.66,1
0.3886,0.6679,0.8879,0.3443,0.5266,0.4858,0.3025,Adyar,afternoon,independent,small,1,0,6,2024-09-29,58.93,0
0.8121,0.4929,0.7752,0.6862,0.4232,0.4604,0.2203,Velachery,afternoon,apartment,small,0,0,1,2024-07-23,81.36,0
0.4587,0.5788,0.6105,0.734,0.3418,0.2279,0.5061,Velachery,morning,apartment,medium,0,0,3,2024-01-18,59.87,1
0.0278,0.5108,0.6645,0.8896,0.5852,0.5046,0.7248,Adyar,evening,apartment,large,1,1,5,2024-11-02,18.92,1
0.8836,0.5215,0.6919,0.969,0.3826,0.2423,0.7698,Velachery,evening,independent,large,0,0,1,2024-09-17,88.99,0
0.3219,0.4966,0.6773,0.5755,0.2538,0.2004,0.2528,Porur,morning,apartment,small,0,0,1,2024-06-04,34.41,1
0.0792,0.5528,0.342,0.3172,0.4735,0.2793,0.4895,Porur,morning,apartment,medium,0,0,1,2024-09-24,41.88,1
0.0649,0.1783,0.3764,0.967,0.4738,0.4212,0.243,Anna Nagar,evening,apartment,small,1,0,5,2024-07-27,9.84,1
0.0773,0.7297,0.7696,0.37,0.411,0.3293,0.1822,Velachery,morning,apartment,small,0,0,0,2024-01-29,27.91,1
0.0799,0.1064,0.8997,0.4111,0.4548,0.2368,0.2009,Anna Nagar,evening,apartment,small,1,0,5,2024-11-30,0.0,1
0.6489,0.6196,0.511,0.2745,0.6638,0.4439,0.1594,Velachery,evening,independent,small,0,0,3,2024-09-12,100.0,0
0.104,0.3843,0.737,0.3592,0.297,0.1444,0.2173,T Nagar,morning,apartment,small,1,0,5,2024-06-15,12.88,1
0.765,0.4836,0.8084,0.5942,0.584,0.4131,0.2662,Adyar,afternoon,independent,small,0,0,2,2024-05-15,77.86,0
0.478,0.1654,0.6723,0.6762,0.2157,0.4372,0.6074,Anna Nagar,evening,apartment,medium,1,0,6,2024-12-08,21.32,1
0.0887,0.1764,1.0,0.4794,0.4734,0.4147,0.6438,Anna Nagar,evening,independent,large,1,0,5,2024-10-05,0.0,1
0.2631,0.2348,0.8896,0.54,0.0495,0.4008,0.1542,Porur,evening,independent,small,1,0,6,2024-05-19,4.39,1
0.3892,0.8796,0.4206,0.4701,0.3933,0.5115,0.2305,Velachery,afternoon,apartment,small,0,0,4,2024-11-22,91.34,0
0.2192,0.156,0.6481,0.5278,0.5662,0.483,0.2126,Anna Nagar,afternoon,apartment,small,0,0,3,2024-09-19,19.48,1
0.3113,0.326,0.659,0.5427,0.276,0.4551,0.6045,Anna Nagar,evening,apartment,medium,0,0,4,2024-08-30,30.51,0
0.0362,0.4947,0.6176,0.8366,0.2993,0.271,0.4865,Anna Nagar,morning,independent,medium,0,0,4,2024-02-23,7.2,1
0.0263,0.4504,0.6629,0.917,0.3733,0.1584,0.2776,Adyar,morning,apartment,small,1,0,5,2024-06-22,0.98,1
0.6271,0.6038,0.147,0.888,0.1608,0.5156,0.1962,Velachery,afternoon,apartment,small,0,0,3,2024-04-25,91.56,0
0.0254,0.4647,0.7481,0.7672,0.1948,0.3475,0.4879,Porur,evening,independent,medium,0,0,4,2024-08-30,2.21,1
0.4201,0.9454,0.6933,0.5613,0.5072,0.5102,0.603,Adyar,afternoon,independent,medium,0,0,4,2024-11-08,90.77,0
0.158,0.5149,0.6052,0.9513,0.1309,0.3444,0.811,T Nagar,evening,independent,large,1,0,6,2024-06-02,17.08,1
0.013,0.131,0.7962,0.7516,0.2003,0.1427,0.6091,Anna Nagar,morning,apartment,medium,1,0,6,2024-09-29,0.0,1
0.4485,0.707,0.8491,0.7746,0.2373,0.5494,0.745,T Nagar,afternoon,apartment,large,0,0,1,2024-12-24,60.17,1
0.0866,1.0,0.6043,0.3281,0.2437,0.5279,0.5854,T Nagar,afternoon,independent,medium,0,0,4,2024-01-26,45.23,1
0.2153,0.5785,0.8554,0.8105,0.2995,0.5098,0.239,T Nagar,afternoon,independent,small,1,0,6,2024-08-11,19.61,1
0.0608,0.1593,0.6177,0.3168,0.7457,0.1995,0.2394,Velachery,morning,apartment,small,0,0,2,2024-01-10,23.5,1
0.437,0.2257,0.6206,0.9603,0.2083,0.2115,0.1348,Adyar,morning,independent,small,1,0,5,2024-03-02,15.17,1
0.3708,0.2885,0.5729,0.6659,0.3845,0.1969,0.5859,Adyar,morning,independent,medium,0,0,3,2024-05-09,33.92,1
0.6232,0.7178,0.7394,0.6632,0.2545,0.2431,0.4726,Velachery,morning,apartment,medium,0,0,4,2024-09-13,85.85,1
0.0197,0.5034,0.8111,0.7473,0.6905,0.2654,0.211,Anna Nagar,morning,apartment,small,0,0,0,2024-02-12,4.31,1
0.18,0.4701,0.8763,0.66,0.2787,0.185,0.4687,Velachery,morning,apartment,medium,0,0,4,2024-08-23,15.99,1
0.8332,0.3679,0.3442,0.8191,0.2891,0.2865,0.2316,T Nagar,evening,apartment,small,1,0,6,2024-08-25,71.76,0
0.1527,0.9971,0.5549,0.5351,0.2618,0.4746,0.6903,T Nagar,afternoon,apartment,medium,0,0,2,2024-03-27,52.9,0
0.7307,1.0,0.7122,0.7381,0.3305,0.5274,0.2167,Velachery,afternoon,apartment,small,0,0,0,2024-05-20,100.0,0
0.2156,0.388,0.6873,0.8927,0.4652,0.1611,0.1646,Adyar,morning,independent,small,1,0,6,2024-09-08,14.28,1
0.006,0.1393,0.7296,0.4648,0.195,0.2177,0.4851,Anna Nagar,morning,apartment,medium,1,0,5,2024-05-18,0.0,1
0.1093,0.7699,0.5012,0.7726,0.7556,0.1353,0.1332,T Nagar,morning,apartment,small,0,0,2,2024-04-17,35.61,0
0.1847,0.1385,0.6749,0.6699,0.7422,0.288,0.3863,Anna Nagar,morning,independent,medium,0,0,4,2024-03-29,14.42,1
0.1539,0.2014,0.9228,0.98,0.3954,0.1411,0.5039,Anna Nagar,morning,apartment,medium,0,0,3,2024-02-29,0.0,1
0.0322,0.1764,0.4746,0.8094,0.6543,0.2591,0.2027,Anna Nagar,morning,independent,small,0,0,2,2024-01-31,11.02,1
0.2561,0.373,0.7546,0.376,0.8523,0.1795,0.4943,T Nagar,morning,apartment,medium,1,0,5,2024-06-15,34.76,1
0.1203,0.3158,0.4813,0.3981,0.3873,0.2146,0.1486,Porur,morning,apartment,small,0,0,2,2024-11-06,24.27,1
0.0398,1.0,0.9563,0.936,0.6734,0.1856,0.5139,T Nagar,morning,independent,medium,0,0,1,2024-03-05,9.48,1
0.062,0.1239,0.2978,0.5302,0.2469,0.5221,0.6281,Anna Nagar,afternoon,independent,medium,1,0,6,2024-10-27,21.8,1
0.0111,0.8204,0.7558,0.5597,0.4778,0.3831,0.2054,T Nagar,evening,apartment,small,0,0,4,2024-06-28,16.76,1
0.4286,0.5716,0.8973,0.8585,0.2181,0.4364,0.2767,Velachery,evening,apartment,small,0,0,1,2024-01-02,40.49,1
0.0469,0.4581,0.6701,0.6993,0.5878,0.4771,0.2578,Anna Nagar,evening,apartment,small,0,0,1,2024-10-08,14.75,1
0.4624,0.4602,0.5222,0.6999,0.784,0.1425,0.1601,Velachery,morning,apartment,small,0,0,4,2024-02-02,60.0,0
0.3244,0.724,0.5742,0.3784,0.3504,0.3411,0.6858,T Nagar,evening,independent,large,0,0,2,2024-07-03,66.12,0
0.4094,0.8087,0.6421,0.7657,0.6118,0.6944,0.2645,Velachery,afternoon,independent,small,0,1,4,2024-11-01,82.8,0
0.138,0.519,0.9452,0.8709,0.6898,0.4871,0.516,Velachery,afternoon,apartment,medium,1,0,6,2024-05-05,14.71,1
0.3079,0.6744,0.6125,0.9756,0.3092,0.2379,0.7719,Velachery,morning,apartment,large,0,0,1,2024-02-13,45.87,1
0.1786,0.3578,0.9636,0.4051,0.3056,0.2486,0.2558,T Nagar,morning,apartment,small,0,0,4,2024-04-05,10.73,1
0.2871,0.5329,0.6466,0.4528,0.4754,0.4553,0.5854,T Nagar,evening,independent,medium,0,0,3,2024-09-19,48.84,1
0.0992,0.7464,0.5803,0.6806,0.59,0.2649,0.5746,T Nagar,morning,apartment,medium,0,0,2,2024-08-07,34.36,1
0.0873,0.3271,0.9699,0.5315,0.6924,0.3528,0.7389,Porur,evening,independent,large,1,0,5,2024-09-07,7.94,1
0.2909,0.4474,0.834,0.6076,0.4579,0.3162,0.8489,Porur,morning,independent,large,0,0,4,2024-05-03,31.42,1
0.4783,0.3916,0.2301,0.8435,0.3588,0.3933,0.209,Velachery,evening,apartment,small,0,0,2,2024-10-23,59.35,0
0.3377,0.8044,0.2685,0.7556,0.1118,0.2314,0.433,T Nagar,morning,independent,medium,0,0,2,2024-06-12,66.85,0
0.2285,0.7572,0.2176,0.6098,0.1361,0.1786,0.5533,Adyar,morning,apartment,medium,0,0,3,2024-11-14,57.85,0
0.1292,0.6444,0.48,0.4602,0.4495,0.2311,0.5988,Porur,morning,independent,medium,0,0,0,2024-04-29,40.32,0
0.2778,0.5254,0.4197,0.8753,0.4606,0.5238,0.2464,T Nagar,afternoon,independent,small,1,0,5,2024-08-03,42.71,1
0.6013,0.4743,0.4229,0.8144,0.2001,0.1472,0.4722,T Nagar,morning,independent,medium,0,0,1,2024-08-13,62.43,0
0.2145,0.5637,0.6001,0.8122,0.3652,0.173,0.1803,T Nagar,morning,apartment,small,1,0,6,2024-08-11,25.29,1
0.4075,0.7474,0.2566,0.8237,0.2698,0.4272,0.6658,Velachery,evening,apartment,large,0,0,4,2024-07-19,81.69,0
0.4101,0.2181,0.2414,0.7751,0.3103,0.4064,0.1964,Velachery,afternoon,independent,small,0,0,0,2024-04-15,41.47,1
0.3768,0.1963,0.8281,0.7416,0.7109,0.285,0.459,Porur,morning,apartment,medium,1,0,6,2024-10-13,16.66,1
0.1663,1.0,0.9061,0.6585,0.2255,0.5484,0.718,Velachery,afternoon,apartment,large,0,0,0,2024-01-22,41.49,1
0.0296,0.6619,0.8436,0.9756,0.1506,0.455,0.239,T Nagar,afternoon,apartment,small,0,0,0,2024-12-30,0.0,1
0.2906,0.4832,0.2684,0.6721,0.49,0.1081,0.4727,Adyar,morning,apartment,medium,0,0,2,2024-08-07,53.07,0
0.25,0.375,0.2846,0.8355,0.834,0.2069,0.2605,Velachery,morning,apartment,small,1,0,6,2024-07-21,46.23,1
0.1703,0.3697,0.314,0.8431,0.4533,0.5462,0.5236,Anna Nagar,afternoon,apartment,medium,0,0,1,2024-03-26,33.83,1
0.0687,0.407,0.4972,0.9812,0.1767,0.3496,0.5313,Porur,evening,apartment,medium,0,0,2,2024-10-16,8.81,1
0.2977,0.5404,0.8744,0.8534,0.3487,0.3181,0.4815,Velachery,evening,independent,medium,0,0,4,2024-01-26,28.57,1
0.238,0.7852,0.2159,0.8593,0.5393,0.5212,0.4151,Adyar,afternoon,apartment,medium,1,0,5,2024-01-27,65.82,1
0.0856,0.8266,0.4137,0.8137,0.6637,0.1683,0.6207,T Nagar,morning,apartment,medium,0,0,4,2024-11-29,39.78,1
0.2296,0.5604,0.8181,0.2306,0.6776,0.2691,0.5263,Porur,evening,independent,medium,0,0,0,2024-03-18,42.24,1
0.6358,0.1671,0.5597,0.3169,0.5877,0.2215,0.1395,Porur,morning,independent,small,1,0,5,2024-09-21,43.49,1
0.3205,0.4774,0.5914,0.8267,0.8931,0.3019,0.1679,Porur,morning,apartment,small,0,0,0,2024-10-28,43.22,1
0.0123,0.4482,0.5131,0.7174,0.5524,0.311,0.7914,Anna Nagar,morning,apartment,large,1,0,6,2024-11-03,17.68,1
0.1165,0.3587,0.1158,0.881,0.6561,0.4547,0.1612,Porur,afternoon,independent,small,0,0,4,2024-12-27,38.92,1
0.2729,0.8719,0.6049,0.9329,0.234,0.534,0.7415,T Nagar,afternoon,apartment,large,1,0,6,2024-09-08,51.98,0
0.2422,0.7507,0.6987,0.4372,0.4448,0.2048,0.3332,T Nagar,morning,apartment,medium,0,0,2,2024-09-11,47.84,0
0.3703,0.7821,0.682,0.6168,0.8257,0.3143,0.7575,T Nagar,morning,apartment,large,0,0,1,2024-08-20,74.05,0
0.0593,0.53,0.6916,0.5434,0.2685,0.1395,0.5615,T Nagar,morning,independent,medium,0,0,4,2024-08-02,14.64,1
0.0452,0.1519,0.5048,0.6618,0.6347,0.2371,0.2906,Anna Nagar,morning,apartment,small,0,0,4,2024-08-30,13.37,1
0.2267,0.5268,0.4315,0.6077,0.6063,0.538,0.5502,Adyar,afternoon,independent,medium,0,0,1,2024-07-02,53.12,0
0.0342,0.422,0.7751,0.8036,0.3543,0.1844,0.4473,Anna Nagar,morning,apartment,medium,0,0,4,2024-10-25,0.0,1
0.0618,0.3113,0.2053,0.5739,0.4225,0.4475,0.6792,Velachery,afternoon,apartment,large,0,0,4,2024-12-13,39.42,1
0.0452,0.5057,0.7173,0.6651,0.2901,0.1509,0.4771,Anna Nagar,morning,apartment,medium,0,0,1,2024-01-30,6.66,1
0.1935,0.8825,0.9032,0.8426,0.3329,0.1202,0.8094,T Nagar,morning,independent,large,0,0,3,2024-05-16,29.88,1
0.0656,0.1003,1.0,0.4712,0.6525,0.4914,0.2016,Porur,afternoon,independent,small,1,0,6,2024-09-22,0.0,1
0.0154,0.3477,0.3174,0.4752,0.1479,0.5539,0.5422,Adyar,afternoon,independent,medium,0,0,0,2024-11-18,27.54,1
0.0098,0.2225,0.7205,0.9377,0.8755,0.2293,0.42,Porur,morning,independent,medium,0,0,2,2024-05-15,2.67,1
0.0056,0.4967,0.8661,0.8299,0.248,0.5878,0.3194,Porur,afternoon,apartment,small,0,0,4,2024-02-09,0.0,1
0.1675,0.3695,0.4061,0.5715,0.5017,0.5617,0.1826,T Nagar,afternoon,apartment,small,0,0,2,2024-01-31,36.79,1
0.0893,0.135,0.5657,0.9461,0.4619,0.4817,0.5027,Anna Nagar,afternoon,apartment,medium,1,0,5,2024-07-13,4.8,1
0.0332,0.4028,0.3084,0.2512,0.2442,0.2452,0.7658,Porur,morning,independent,large,0,0,3,2024-01-18,33.56,0
0.5254,0.3147,0.7514,0.4502,0.358,0.2388,0.129,Velachery,morning,apartment,small,1,0,6,2024-03-10,39.76,1
0.1087,0.6133,0.6668,0.6764,0.4849,0.4403,0.7344,Anna Nagar,afternoon,independent,large,1,0,5,2024-07-27,25.56,1
0.2285,0.1204,0.7776,0.7475,0.2322,0.2257,0.7024,Porur,morning,independent,large,0,0,3,2024-08-15,2.77,1
0.2304,0.4842,0.8246,0.6141,0.3387,0.538,0.1862,Adyar,afternoon,apartment,small,1,0,5,2024-04-13,24.57,1
0.6611,0.8185,0.8124,0.9197,0.3572,0.5214,0.4618,Velachery,afternoon,apartment,medium,0,0,3,2024-04-25,97.38,0
0.0439,0.1956,0.289,0.5602,0.0967,0.6755,0.1927,Anna Nagar,afternoon,apartment,small,1,0,6,2024-11-17,17.43,1
0.1727,0.5313,0.1157,0.6535,0.3846,0.4298,0.3794,T Nagar,evening,independent,medium,0,0,2,2024-07-03,51.23,0
0.0708,0.4463,0.5875,0.7692,0.8223,0.3746,0.478,Anna Nagar,evening,independent,medium,0,0,4,2024-12-13,23.3,1
0.6151,0.3767,0.4837,0.7952,0.502,0.3039,0.4601,Velachery,morning,apartment,medium,0,0,4,2024-09-20,62.79,0
0.0434,0.5337,0.2669,0.8119,0.3744,0.196,0.2961,Adyar,morning,apartment,small,1,0,6,2024-03-10,24.15,1
0.4354,0.7513,0.4264,0.8071,0.5964,0.2174,0.6096,Anna Nagar,morning,apartment,medium,0,0,3,2024-08-22,78.24,0
0.0952,0.4467,0.8795,0.6968,0.5645,0.4475,0.1712,Anna Nagar,evening,independent,small,0,0,3,2024-12-05,7.81,1
0.7193,0.3037,0.6371,0.9272,0.5163,0.1897,0.3902,Velachery,morning,apartment,medium,1,0,6,2024-05-05,48.42,1
0.2508,0.4162,0.7201,0.7706,0.3001,0.5375,0.5768,T Nagar,afternoon,apartment,medium,1,0,6,2024-08-25,24.34,1
0.1055,0.2779,0.2298,0.9053,0.5671,0.1485,0.7078,Porur,morning,independent,large,0,0,1,2024-03-26,27.87,1
0.1962,0.5744,0.2658,0.6919,0.9522,0.4485,0.592,Porur,afternoon,independent,medium,0,0,0,2024-04-08,62.7,0
0.0817,0.5926,0.7114,0.86,0.3543,0.229,0.3829,Porur,morning,independent,medium,0,0,0,2024-07-01,10.25,1
0.1879,0.9849,0.644,0.5139,0.377,0.1394,0.7197,Velachery,morning,independent,large,0,0,3,2024-03-07,55.45,0
0.1247,0.7086,0.647,0.6831,0.6459,0.4958,0.618,Anna Nagar,afternoon,apartment,medium,0,0,4,2024-01-12,35.9,1
0.6356,0.9012,0.8274,0.8984,0.6719,0.2672,0.1778,Adyar,morning,independent,small,0,0,3,2024-04-18,100.0,0
0.0727,0.2049,0.1538,0.4305,0.7622,0.234,0.1209,Anna Nagar,evening,apartment,small,0,0,2,2024-12-04,39.42,1
0.2516,0.5106,0.4808,0.4442,0.9398,0.3669,0.8285,Adyar,evening,apartment,large,0,0,0,2024-02-05,63.36,0
0.0948,0.5006,0.329,0.9139,0.2016,0.2727,0.8142,T Nagar,morning,independent,large,0,0,2,2024-05-15,24.71,1
0.1177,0.8458,0.5563,0.7371,0.244,0.2598,0.139,T Nagar,morning,apartment,small,0,0,3,2024-02-29,29.27,1
0.0791,0.7727,0.8,0.6161,0.3972,0.5123,0.1898,T Nagar,afternoon,apartment,small,1,0,6,2024-10-13,19.73,1
0.3409,0.2677,0.7529,0.7803,0.6781,0.3424,0.1971,Velachery,evening,apartment,small,1,0,6,2024-03-10,23.71,1
0.3084,0.397,0.3156,0.7701,0.0044,0.3648,0.5578,Anna Nagar,evening,independent,medium,0,0,0,2024-06-24,34.83,0
0.2914,0.5456,0.7583,0.6694,0.4422,0.4254,0.3903,T Nagar,evening,apartment,medium,0,0,3,2024-06-13,37.21,1
0.0281,0.751,0.832,0.8841,0.4579,0.2825,0.4417,T Nagar,morning,independent,medium,0,0,1,2024-08-27,6.39,1
0.1453,0.6418,0.1886,0.7807,0.107,0.2833,0.5225,Velachery,morning,apartment,medium,0,0,2,2024-12-11,41.64,1
0.3184,0.7291,0.8033,0.8483,0.1148,0.1854,0.7481,Porur,morning,apartment,large,0,0,1,2024-05-28,38.17,1
0.0193,0.6706,0.9203,0.8228,0.3448,0.4457,0.2412,Anna Nagar,afternoon,independent,small,0,0,3,2024-10-31,0.0,1
0.681,0.4053,0.8382,0.6467,0.9144,0.5179,0.1208,Velachery,afternoon,independent,small,0,0,4,2024-08-09,65.92,0
0.4472,0.5099,0.5943,0.9039,0.1797,0.3421,0.7107,Anna Nagar,evening,apartment,large,0,0,1,2024-01-16,45.24,1
0.0977,0.1964,0.9168,0.5504,0.7009,0.3977,0.3945,T Nagar,evening,apartment,small,0,0,3,2024-02-29,7.14,1
0.2398,0.1157,0.6169,0.6808,0.5657,0.4532,0.6204,Velachery,afternoon,independent,medium,0,0,1,2024-12-24,23.36,1
0.057,0.3562,0.7921,0.4849,0.0979,0.3919,0.1857,Anna Nagar,evening,apartment,small,0,0,0,2024-10-21,3.09,1
0.586,0.4825,0.7865,0.4882,0.3017,0.1641,0.5555,Velachery,morning,independent,medium,0,0,3,2024-09-26,61.16,0
0.3729,1.0,0.4521,0.3679,0.668,0.5164,0.8419,Velachery,afternoon,apartment,large,0,0,1,2024-10-01,100.0,0
0.2353,0.5655,0.62,0.5431,0.9589,0.5677,0.2227,Velachery,afternoon,apartment,small,0,0,1,2024-02-20,54.81,0
0.4714,0.794,0.9008,0.5752,0.4032,0.3286,0.1639,Velachery,morning,independent,small,0,0,2,2024-01-17,70.47,0
0.4909,0.6319,0.6142,0.9887,0.6158,0.383,0.1321,T Nagar,evening,independent,small,0,0,0,2024-09-02,62.66,0
0.6177,0.2979,0.7153,0.7391,0.6224,0.3268,0.52,Velachery,evening,apartment,medium,1,0,6,2024-11-17,47.41,1
0.5376,0.3484,0.1771,0.8756,0.5917,0.5579,0.8443,T Nagar,afternoon,apartment,large,1,0,6,2024-05-05,69.98,0
0.3109,0.3578,0.6498,0.6026,0.3665,0.327,0.7194,Porur,evening,apartment,large,0,0,2,2024-02-28,33.05,1
0.3079,0.4566,0.7935,0.6835,0.633,0.2334,0.4608,Velachery,morning,independent,medium,0,0,1,2024-03-19,35.44,1
0.2294,0.3736,0.2755,0.5252,0.639,0.5374,0.5289,Velachery,afternoon,apartment,medium,1,0,5,2024-11-09,54.95,0
0.003,0.287,0.4538,0.6271,0.3687,0.3874,0.5763,Anna Nagar,evening,apartment,medium,0,0,1,2024-01-23,16.0,1
0.1864,0.438,0.5141,0.5072,0.5859,0.4151,0.1572,Porur,afternoon,independent,small,1,0,6,2024-02-25,34.87,1
0.0189,0.4192,0.697,0.4876,0.3482,0.3749,0.2572,Anna Nagar,evening,apartment,medium,0,0,3,2024-02-29,10.0,1
0.4711,0.8917,0.0397,0.8558,0.3339,0.3724,0.1881,T Nagar,evening,apartment,small,0,0,4,2024-11-22,100.0,0
0.2787,0.2308,0.6689,0.9223,0.4726,0.3314,0.1662,Velachery,evening,apartment,small,0,0,0,2024-04-01,15.92,1
0.1018,0.4773,0.9811,0.6535,0.2994,0.5185,0.3889,T Nagar,afternoon,independent,medium,0,0,4,2024-06-21,6.83,1
0.1611,0.8451,0.4801,0.7718,0.8837,0.1806,0.2102,Adyar,morning,apartment,small,0,0,4,2024-11-08,51.52,0
0.0524,0.5095,0.4316,0.8545,0.4007,0.1615,0.2567,Adyar,morning,apartment,small,1,0,6,2024-11-17,16.27,1
0.0412,0.119,0.6757,0.4801,0.709,0.4672,0.5217,Anna Nagar,afternoon,apartment,medium,0,0,4,2024-02-02,15.64,1
0.4929,0.2847,0.9476,0.9252,0.144,0.6165,0.4861,Velachery,afternoon,independent,medium,1,0,6,2024-09-01,20.1,1
0.1905,0.4079,0.3101,0.493,0.1664,0.4978,0.2376,Porur,afternoon,apartment,small,0,0,1,2024-09-24,37.22,1
0.3148,0.1424,0.86,0.4821,0.12,0.453,0.1316,Porur,afternoon,independent,small,1,0,5,2024-05-25,5.74,1
0.0796,0.8339,0.3173,0.7004,0.2549,0.4579,0.11,Porur,afternoon,apartment,small,0,0,0,2024-03-18,35.87,1
0.3115,0.5274,0.8226,0.7388,0.4758,0.5295,0.2182,T Nagar,afternoon,independent,small,1,0,5,2024-06-22,32.33,1
0.249,0.3104,0.6909,0.3236,0.6573,0.312,0.3667,Velachery,evening,apartment,medium,1,0,5,2024-10-19,35.34,1
0.2377,0.9753,0.1478,0.6533,0.4205,0.5747,0.1187,T Nagar,afternoon,apartment,small,0,0,2,2024-03-20,79.29,0
0.5295,0.315,0.3846,0.7157,0.6256,0.3064,0.1958,Velachery,morning,apartment,small,0,0,2,2024-03-13,57.74,1
0.1298,0.5815,0.6903,0.8425,0.6831,0.236,0.1987,T Nagar,morning,independent,small,0,0,0,2024-06-17,21.51,1
0.4182,0.1269,0.4234,0.3532,0.2937,0.3051,0.1951,Anna Nagar,evening,apartment,small,0,0,2,2024-05-08,31.89,1
0.4416,0.3638,0.2886,0.8473,0.5925,0.3207,0.5673,Porur,evening,independent,medium,1,0,6,2024-10-13,53.81,0
0.825,0.3383,0.9151,0.7406,0.3749,0.181,0.2068,Velachery,morning,apartment,small,1,0,5,2024-03-23,48.6,1
0.3131,0.2887,1.0,0.3377,0.3522,0.3999,0.8676,Velachery,evening,independent,large,1,0,5,2024-02-03,24.97,1
0.2133,0.4122,0.5818,0.567,0.3466,0.4704,0.5005,T Nagar,evening,independent,medium,1,0,5,2024-05-25,31.22,1
0.2311,0.4906,0.6041,0.4983,0.265,0.3598,0.1819,Adyar,morning,apartment,small,0,0,2,2024-12-04,34.83,1
0.1113,0.3948,0.8202,0.8988,0.4523,0.3806,0.8188,Adyar,afternoon,apartment,large,1,0,6,2024-03-24,8.93,1
0.1463,0.2389,0.6256,0.9073,0.7876,0.6183,0.1921,Adyar,afternoon,apartment,small,0,0,1,2024-04-02,19.95,1
0.0154,0.1838,0.3029,0.365,0.341,0.1928,0.4852,Porur,morning,apartment,medium,0,0,2,2024-08-21,24.34,1
0.6425,0.8976,0.8233,0.7622,0.4571,0.4384,0.771,T Nagar,afternoon,apartment,large,0,0,4,2024-04-05,100.0,0
0.0856,0.4734,0.9762,0.381,0.1472,0.189,0.4967,Anna Nagar,morning,apartment,medium,0,0,4,2024-06-07,4.75,1
0.0929,0.3786,0.7756,0.8701,0.4293,0.4006,0.8876,Anna Nagar,evening,apartment,large,0,0,4,2024-02-16,8.73,1
0.2619,0.6719,0.5123,0.5897,0.6906,0.3556,0.1762,Velachery,morning,apartment,small,0,0,4,2024-02-02,58.64,0
0.1962,0.4874,0.4724,0.5863,0.1154,0.5548,0.1663,Porur,afternoon,apartment,small,0,0,4,2024-06-28,31.76,1
0.0132,0.5465,0.7466,0.4951,0.374,0.3422,0.404,Adyar,evening,apartment,medium,1,0,6,2024-07-28,12.42,1
0.0778,0.1842,0.091,0.9732,0.3381,0.1917,0.5305,Anna Nagar,morning,independent,medium,0,0,4,2024-08-23,20.19,1
0.9053,0.5225,0.8588,0.4686,0.4831,0.3114,0.7408,Velachery,evening,independent,large,1,0,5,2024-04-27,97.19,0
0.1816,0.3093,0.9978,0.4468,0.6973,0.4462,0.7064,Porur,afternoon,apartment,large,0,0,0,2024-11-25,17.26,1
0.3427,0.5424,0.6302,0.5806,0.6132,0.3432,0.1359,Velachery,evening,independent,small,0,0,4,2024-12-20,52.35,0
0.2932,0.8538,0.7775,0.3571,0.6737,0.2572,0.7648,T Nagar,morning,apartment,large,0,0,1,2024-04-30,66.93,0
0.1567,0.3242,0.87,0.8581,0.6503,0.3636,0.3513,Porur,evening,apartment,medium,0,0,2,2024-12-11,7.06,1
0.3015,0.4693,0.4189,0.8467,0.2835,0.4071,0.469,Adyar,evening,independent,medium,1,0,5,2024-10-19,40.15,1
0.0419,0.6815,0.8758,0.8287,0.2816,0.4507,0.4862,T Nagar,afternoon,apartment,medium,0,0,1,2024-12-17,5.93,1
0.2086,0.4729,0.9348,0.5468,0.3847,0.5519,0.2232,T Nagar,afternoon,apartment,small,0,0,0,2024-02-12,20.88,1
0.0111,0.5627,0.5841,0.7911,0.202,0.1991,0.589,T Nagar,morning,independent,medium,1,0,6,2024-03-17,6.75,1
0.088,0.261,0.833,0.8138,0.7439,0.2121,0.7465,Porur,morning,independent,large,0,0,1,2024-11-26,5.99,1
0.5534,0.5023,0.7538,0.8108,0.3794,0.2997,0.4669,T Nagar,evening,apartment,medium,0,0,3,2024-03-07,53.1,0
0.3293,0.226,0.623,0.672,0.3012,0.545,0.5181,Adyar,afternoon,apartment,medium,0,0,3,2024-01-25,27.8,1
0.2878,0.2218,0.4871,0.6941,0.163,0.5616,0.7391,Anna Nagar,afternoon,apartment,large,1,0,5,2024-08-24,24.46,1
0.1921,0.2116,0.6613,0.727,0.3937,0.2975,0.1787,Anna Nagar,morning,apartment,small,1,1,5,2024-11-02,11.06,1
0.0352,0.119,0.2573,0.4731,0.3553,0.4661,0.6901,Anna Nagar,evening,apartment,medium,1,0,5,2024-03-02,25.98,0
0.0665,0.3728,0.6416,0.9499,0.4325,0.3594,0.1611,Adyar,evening,independent,small,0,0,0,2024-03-18,7.0,1
0.2249,0.514,0.6512,0.5781,0.7049,0.1801,0.2193,Velachery,morning,apartment,small,0,0,0,2024-10-14,38.85,1
0.6118,0.7096,0.1977,0.6885,0.2611,0.2197,0.1855,Adyar,morning,apartment,small,0,0,4,2024-02-02,100.0,0
0.2107,0.1354,0.6558,0.903,0.0543,0.1872,0.5314,Porur,morning,independent,medium,1,0,5,2024-11-09,0.0,1
0.0623,0.422,0.909,0.628,0.2838,0.2902,0.8561,T Nagar,evening,apartment,large,0,0,1,2024-04-16,5.92,1
0.0915,0.6458,0.2152,0.5539,0.6245,0.2742,0.4485,T Nagar,morning,independent,medium,0,0,2,2024-09-04,49.62,1
0.2006,0.4494,0.7664,0.4735,0.3382,0.4596,0.2388,Porur,evening,apartment,small,0,0,3,2024-10-10,25.14,1
0.1273,0.1446,0.6627,0.5211,0.7971,0.5097,0.8018,Porur,afternoon,apartment,large,0,0,1,2024-09-10,24.86,1
0.1759,0.1696,0.388,0.5594,0.4099,0.2475,0.4091,Anna Nagar,morning,independent,medium,1,0,6,2024-03-03,21.97,1
0.38,0.6392,0.3577,0.655,0.5811,0.162,0.155,T Nagar,morning,apartment,small,0,0,1,2024-08-06,67.31,0
0.4713,0.4933,0.124,0.2558,0.1051,0.2485,0.4733,T Nagar,morning,independent,medium,0,0,0,2024-01-01,77.24,0
0.0939,0.8045,0.6128,0.9541,0.2531,0.5023,0.7034,Velachery,afternoon,apartment,large,0,0,3,2024-06-13,27.86,1
0.5627,0.1266,0.7306,0.57,0.6979,0.5282,0.3087,Velachery,afternoon,apartment,medium,1,0,5,2024-03-09,33.53,1
0.3738,0.4183,0.185,0.9607,0.3189,0.1979,0.2542,Velachery,morning,independent,small,0,0,3,2024-03-07,48.9,1
0.5135,0.4786,0.5242,0.7749,0.1726,0.2623,0.7847,Velachery,morning,independent,large,1,0,6,2024-06-30,56.65,0
0.5963,0.8915,0.4961,0.177,0.5478,0.4735,0.8084,Velachery,afternoon,independent,large,0,0,4,2024-07-05,100.0,0
0.0833,0.9368,0.1935,0.8031,0.4403,0.2058,0.2862,Velachery,morning,independent,small,0,0,4,2024-09-20,47.99,1
0.114,0.3001,0.1919,0.5745,0.6495,0.3046,0.2605,Anna Nagar,evening,independent,small,0,0,1,2024-12-24,38.67,1
0.071,0.7425,0.2938,0.6658,0.556,0.5325,0.4209,Anna Nagar,afternoon,apartment,medium,0,0,0,2024-03-04,43.61,1
0.285,0.2135,0.7534,0.8148,0.4605,0.2862,0.136,Anna Nagar,morning,independent,small,1,0,5,2024-03-16,6.91,1
0.6311,1.0,0.6016,0.7515,0.5742,0.4871,0.7888,Adyar,afternoon,apartment,large,0,0,3,2024-10-10,100.0,0
0.272,0.9634,0.6835,0.7264,0.5859,0.4298,0.8785,T Nagar,evening,independent,large,0,0,4,2024-06-07,66.8,0
0.5733,0.445,0.6858,0.5621,0.8492,0.3707,0.8097,Velachery,evening,apartment,large,0,0,1,2024-06-11,73.36,0
0.1536,0.2285,0.6785,0.8559,0.1484,0.4393,0.2532,Porur,afternoon,independent,small,1,0,6,2024-03-03,1.18,1
0.0646,0.4904,0.1358,0.5793,0.1146,0.5343,0.4584,Porur,afternoon,independent,medium,1,0,5,2024-10-19,33.32,1
0.1261,0.3151,0.5399,0.8428,0.2812,0.4229,0.5506,Porur,evening,independent,medium,0,0,4,2024-01-19,15.09,1
0.1301,0.8143,0.8144,0.383,0.474,0.1791,0.6541,T Nagar,morning,independent,medium,0,0,2,2024-08-28,35.29,0
0.013,0.7405,0.2744,0.5035,0.1966,0.5652,0.7088,T Nagar,afternoon,independent,large,0,0,0,2024-11-25,37.46,1
0.4847,0.0594,0.8384,0.2925,0.3761,0.4997,0.189,Adyar,afternoon,apartment,small,0,0,3,2024-09-26,20.72,1
0.39,0.4379,0.5228,0.836,0.4906,0.4503,0.4586,Adyar,evening,apartment,medium,0,0,4,2024-12-20,48.16,1
0.4847,0.4718,0.1673,0.3954,0.4291,0.2848,0.525,Adyar,morning,apartment,medium,1,0,6,2024-07-28,80.08,0
0.2962,0.6554,0.6915,0.8207,0.6664,0.2878,0.4925,Porur,evening,apartment,medium,0,0,3,2024-04-04,45.21,1
0.309,0.4358,0.9137,0.8164,0.3097,0.1932,0.845,Porur,morning,apartment,large,1,0,5,2024-07-20,17.9,1
0.1824,0.2567,0.6812,0.9578,0.0491,0.322,0.2296,Porur,evening,independent,small,1,0,5,2024-03-02,0.0,1
0.3399,0.2286,0.9607,0.9442,0.2453,0.2608,0.3604,T Nagar,morning,apartment,medium,1,0,5,2024-04-06,0.0,1
0.3354,1.0,0.8283,0.8112,0.3067,0.0952,0.282,Velachery,morning,apartment,small,0,0,1,2024-10-29,59.19,0
0.61,0.6371,0.8396,0.7156,0.1973,0.1947,0.2596,T Nagar,morning,independent,small,1,0,6,2024-09-15,62.92,0
0.0143,0.4826,0.6932,0.5326,0.3008,0.5846,0.1886,Anna Nagar,afternoon,apartment,small,1,0,6,2024-04-21,9.57,1
0.2189,0.8385,0.8737,0.7173,0.2888,0.2503,0.3793,Velachery,morning,independent,medium,0,0,0,2024-10-28,36.05,1
0.7231,0.6198,0.8729,0.6134,0.2387,0.2738,0.2133,T Nagar,evening,independent,small,0,0,1,2024-01-23,77.7,0
0.1223,0.0891,0.3186,0.6139,0.114,0.4983,0.5598,Porur,afternoon,apartment,medium,0,0,2,2024-01-31,18.85,1
0.4173,0.3331,0.3698,0.8695,0.1307,0.1943,0.4847,Anna Nagar,morning,independent,medium,1,0,6,2024-05-12,32.01,1
0.1415,1.0,0.7231,0.9318,0.5005,0.4745,0.4589,Adyar,afternoon,independent,medium,0,0,2,2024-03-06,38.22,1
0.3813,0.4434,0.8012,0.8783,0.4252,0.6043,0.8071,Adyar,afternoon,apartment,large,1,0,6,2024-02-18,36.85,1
0.7327,0.5814,0.1476,0.5134,0.2466,0.1248,0.542,Adyar,morning,apartment,medium,0,0,1,2024-06-04,100.0,0
0.26,0.2823,0.6554,0.5973,0.3038,0.3619,0.4098,Anna Nagar,evening,independent,medium,1,0,5,2024-04-20,19.32,1
0.5731,0.4228,0.0323,0.5766,0.0153,0.3562,0.8067,Adyar,evening,independent,large,0,0,1,2024-06-18,78.22,0
0.2627,0.3266,0.5504,0.7125,0.4148,0.0967,0.185,Porur,morning,apartment,small,1,0,6,2024-12-22,20.9,1
0.0193,0.7644,0.4409,0.5716,0.1015,0.3743,0.6972,T Nagar,evening,apartment,large,0,0,2,2024-03-06,25.8,1
0.0622,0.0269,0.5595,0.8949,0.6399,0.3812,0.56,Porur,evening,independent,medium,1,0,6,2024-03-17,5.86,1
0.0662,0.3845,0.1836,0.6404,0.5692,0.5638,0.0946,Velachery,afternoon,independent,small,0,0,2,2024-06-19,41.39,1
0.1169,1.0,0.6102,0.8672,0.1934,0.5018,0.5465,T Nagar,afternoon,independent,medium,0,0,4,2024-05-10,34.7,1
0.6412,0.2633,0.8844,0.9689,0.041,0.5646,0.5277,Velachery,afternoon,independent,medium,1,0,5,2024-09-14,26.37,1
0.4558,0.0906,0.5053,0.3332,0.4424,0.2351,0.1124,Adyar,evening,apartment,small,0,0,3,2024-07-25,32.26,1
0.1165,0.1974,0.2811,0.1811,0.2821,0.2672,0.5768,Porur,morning,independent,medium,1,0,5,2024-05-11,33.69,1
0.3017,0.516,0.8603,0.5243,0.5241,0.1945,0.223,T Nagar,morning,independent,small,0,0,2,2024-09-11,32.52,1
0.5204,0.2954,0.9257,0.3967,0.6123,0.526,0.4295,Velachery,afternoon,independent,medium,0,0,1,2024-04-23,43.78,1
0.5037,0.5398,0.6155,0.5923,0.4782,0.499,0.7415,T Nagar,afternoon,independent,large,0,0,4,2024-03-15,69.87,0
0.0376,0.161,0.734,0.8489,0.1575,0.4974,0.185,Velachery,afternoon,independent,small,1,0,5,2024-04-13,0.0,1
0.2611,0.0685,0.9127,0.8905,0.1133,0.13,0.1567,Adyar,morning,independent,small,0,0,2,2024-10-23,0.0,1
0.2773,0.6469,0.941,0.545,0.6767,0.5007,0.8913,Adyar,afternoon,apartment,large,0,0,3,2024-01-25,46.76,1
0.0065,0.4657,0.4395,0.5444,0.425,0.222,0.4978,Anna Nagar,morning,apartment,medium,0,0,1,2024-09-24,20.58,1
0.3522,0.347,0.1888,0.6479,0.2515,0.3068,0.2275,Anna Nagar,morning,apartment,small,0,0,4,2024-10-25,45.17,1
0.8696,0.4458,0.9625,0.9727,0.4351,0.6098,0.1942,Adyar,afternoon,apartment,small,1,0,6,2024-08-25,63.85,0
0.5257,0.5124,0.7631,0.6357,0.2647,0.3577,0.7252,Velachery,evening,apartment,large,0,0,1,2024-09-17,59.17,0
0.3726,0.2785,0.5026,0.8792,0.3779,0.1605,0.5516,Porur,morning,independent,medium,1,0,6,2024-10-13,25.93,0
0.2329,0.3754,0.816,0.7712,0.8393,0.3563,0.8094,T Nagar,evening,apartment,large,0,0,1,2024-01-30,26.94,1
0.0731,0.6069,0.0706,0.9152,0.4588,0.3562,0.8072,Porur,evening,independent,large,0,0,4,2024-09-27,42.74,1
0.0436,0.2111,0.1459,0.5079,0.4472,0.4196,0.58,T Nagar,evening,independent,medium,0,0,1,2024-02-20,36.67,0
0.0775,0.5367,0.6846,0.7713,0.3607,0.5109,0.5697,Velachery,afternoon,independent,medium,1,0,6,2024-10-27,18.84,1
0.158,0.2155,0.5098,0.2632,0.587,0.37,0.1579,Velachery,evening,apartment,small,1,0,5,2024-10-26,33.03,1
0.2753,0.6201,0.8336,0.6728,0.5283,0.4334,0.386,Adyar,evening,apartment,medium,0,0,2,2024-10-02,39.34,1
0.2096,0.5335,0.2342,0.8978,0.2933,0.4418,0.74,Porur,afternoon,apartment,large,1,0,6,2024-04-21,41.99,1
0.5476,0.5739,0.6553,0.3996,0.5723,0.1994,0.1865,T Nagar,morning,apartment,small,0,0,1,2024-05-28,73.47,0
0.4652,0.8777,0.7699,0.892,0.3504,0.2432,0.175,Porur,morning,independent,small,0,0,2,2024-03-13,68.45,0
0.2714,0.5011,0.9112,0.7542,0.2624,0.3817,0.1285,Velachery,afternoon,apartment,small,0,0,1,2024-01-02,21.54,1
0.1293,0.6316,0.4204,0.5734,0.0455,0.2437,0.7651,Porur,morning,independent,large,1,0,6,2024-10-13,30.59,0
0.0278,0.3675,0.6823,0.7596,0.3841,0.2477,0.8057,Porur,morning,apartment,large,0,0,1,2024-03-19,7.69,1
0.4969,0.6201,0.5097,0.8682,0.8888,0.1813,0.5399,Velachery,morning,apartment,medium,0,0,2,2024-05-29,78.84,1
0.3696,0.484,0.3529,0.9022,0.6282,0.536,0.4826,Porur,evening,apartment,medium,0,0,1,2024-11-26,57.48,0
0.1051,0.4821,0.1475,0.6804,0.3744,0.2282,0.4227,Porur,morning,independent,medium,1,0,5,2024-05-18,35.81,1
0.056,0.0575,0.6593,0.6662,0.2151,0.5052,0.1923,Anna Nagar,afternoon,independent,small,1,0,5,2024-05-11,0.0,1
0.2467,0.9167,0.7409,0.4696,0.2999,0.4683,0.6061,Porur,afternoon,independent,medium,0,0,0,2024-11-18,56.84,0
0.0744,0.208,0.6576,0.9424,0.2532,0.1739,0.2299,Porur,morning,apartment,small,0,0,2,2024-07-24,0.0,1
0.4858,0.2031,0.4563,0.4477,0.3554,0.2323,0.4588,Velachery,morning,apartment,medium,1,0,6,2024-05-19,42.53,1
0.5291,0.6307,0.5915,0.6965,0.105,0.316,0.5433,T Nagar,morning,apartment,medium,0,0,1,2024-05-28,67.67,0
0.0227,0.649,0.5855,0.8542,0.6669,0.516,0.193,T Nagar,afternoon,independent,small,1,0,6,2024-04-21,18.16,1
0.2055,0.3655,0.6044,0.4933,0.449,0.3658,0.3865,Velachery,evening,apartment,medium,0,0,0,2024-09-09,33.48,1
0.405,0.299,0.5842,0.3446,0.7733,0.3416,0.6054,Porur,evening,independent,medium,0,0,0,2024-07-01,51.75,0
0.3022,0.4436,0.2845,0.3804,0.4504,0.1331,0.2556,Anna Nagar,morning,apartment,small,0,0,0,2024-09-30,52.8,0
0.913,0.5058,0.7743,0.819,0.8454,0.361,0.2603,Velachery,evening,independent,small,0,0,3,2024-10-10,95.02,0
0.0076,0.4828,0.7874,0.7555,0.7686,0.3334,0.605,Anna Nagar,evening,independent,medium,0,0,0,2024-05-13,9.14,1
0.0057,0.4466,0.6161,0.924,0.3058,0.6249,0.2279,Anna Nagar,afternoon,independent,small,1,0,6,2024-10-20,2.43,1
0.4999,1.0,0.3794,0.5822,0.2524,0.5666,0.0881,T Nagar,afternoon,apartment,small,0,0,0,2024-06-03,100.0,0
0.3531,0.8141,0.8008,0.1179,0.8033,0.3397,0.1536,Velachery,evening,independent,small,0,0,0,2024-09-23,78.53,0
0.1402,0.3223,0.884,0.8861,0.0772,0.2573,0.8343,Porur,morning,independent,large,0,0,3,2024-02-15,0.0,1
0.2366,0.6199,0.76,0.9185,0.498,0.2648,0.1209,Adyar,morning,apartment,small,0,0,2,2024-09-25,27.26,1
0.0337,0.3418,0.9382,0.682,0.1432,0.5813,0.494,Velachery,afternoon,independent,medium,1,0,6,2024-06-09,0.0,1
0.0194,0.2783,0.4937,0.1666,0.4901,0.1587,0.3815,Anna Nagar,morning,independent,medium,0,0,2,2024-08-07,24.47,1
0.4567,0.6924,0.5603,0.489,0.456,0.4279,0.4306,Adyar,afternoon,apartment,medium,0,0,3,2024-11-28,79.99,0
0.1931,0.1117,0.4282,0.9481,0.2279,0.1471,0.8108,Velachery,morning,apartment,large,1,0,6,2024-04-07,11.34,1
0.3926,0.8786,0.5559,0.905,0.2725,0.3451,0.7929,Adyar,evening,apartment,large,0,0,0,2024-10-21,73.83,0
0.4927,0.653,0.548,0.8753,0.3672,0.2098,0.4871,Velachery,morning,independent,medium,0,0,0,2024-11-25,68.79,1
0.0916,0.7881,0.8383,0.4437,0.3206,0.529,0.5022,T Nagar,afternoon,independent,medium,0,0,1,2024-08-27,27.9,1
0.4398,0.8248,0.4889,0.341,0.3431,0.2717,0.6743,Adyar,evening,independent,large,0,0,0,2024-05-20,92.63,0
0.0992,0.3117,0.6483,0.8639,0.412,0.5858,0.2272,Anna Nagar,afternoon,apartment,small,0,0,2,2024-10-30,9.41,1
0.3658,0.2422,0.745,0.5341,0.3766,0.4923,0.1816,Adyar,afternoon,apartment,small,0,0,1,2024-04-30,27.19,1
0.4752,0.1279,0.2819,0.8322,0.3321,0.5908,0.1932,Porur,afternoon,apartment,small,0,0,0,2024-04-01,33.68,1
0.1296,0.6986,0.5945,0.3181,0.144,0.5464,0.2255,T Nagar,afternoon,independent,small,0,0,4,2024-08-09,37.3,1
0.1522,0.6586,0.4166,0.8029,0.522,0.2624,0.2925,Porur,morning,apartment,small,0,0,4,2024-02-23,37.03,1
0.0976,0.7243,0.4849,0.1862,0.6889,0.3526,0.1836,Porur,morning,apartment,small,1,1,6,2024-04-14,51.01,1
0.4509,0.174,0.6324,0.6855,0.6133,0.4788,0.8479,Adyar,evening,independent,large,0,0,1,2024-01-30,37.06,1
0.537,1.0,0.2894,0.6589,0.2705,0.5257,0.4475,Velachery,afternoon,independent,medium,0,0,1,2024-02-06,100.0,0
0.2799,0.6163,0.5245,0.4167,0.7371,0.4984,0.4264,Adyar,evening,apartment,medium,0,0,3,2024-05-02,64.9,0
0.0529,0.5121,0.6945,0.4332,0.67,0.2964,0.5671,T Nagar,morning,apartment,medium,1,0,6,2024-10-06,23.73,1
0.0337,0.7026,0.5318,0.367,0.1547,0.1394,0.8619,T Nagar,morning,independent,large,0,0,1,2024-08-13,27.12,1
0.2011,0.0475,0.3575,0.398,0.171,0.4633,0.4948,Porur,evening,apartment,medium,0,0,4,2024-03-15,23.89,1
0.333,0.4547,0.4389,0.7965,0.6563,0.2418,0.8328,Adyar,morning,independent,large,1,0,6,2024-04-28,51.06,0
0.1456,0.4925,0.5374,0.7013,0.3939,0.2186,0.7538,T Nagar,morning,independent,large,1,0,5,2024-11-23,26.97,1
0.0013,0.5428,0.8426,0.7658,0.6979,0.3598,0.7621,Velachery,evening,independent,large,1,0,5,2024-02-03,10.1,1
0.3775,0.3273,0.4842,0.7012,0.3787,0.3294,0.4895,Anna Nagar,evening,apartment,medium,0,0,4,2024-09-13,37.57,1
0.0386,0.3568,0.8492,0.7128,0.386,0.5343,0.5346,Anna Nagar,afternoon,apartment,medium,0,0,1,2024-06-11,3.26,1
0.4425,0.599,0.957,0.9264,0.9407,0.5159,0.1917,Velachery,afternoon,apartment,small,0,0,2,2024-02-28,50.67,0
0.2299,0.9011,0.7918,0.3673,0.7754,0.5638,0.3745,T Nagar,afternoon,apartment,medium,0,0,1,2024-05-07,62.22,0
0.2947,0.7865,0.3417,0.836,0.2486,0.5759,0.7088,Anna Nagar,afternoon,apartment,medium,0,0,1,2024-02-27,63.56,0
0.086,0.3055,0.5976,0.8538,0.1605,0.1915,0.7954,Velachery,morning,independent,large,1,0,6,2024-05-05,7.93,1
0.1285,0.8245,0.0753,0.8495,0.2762,0.5026,0.3181,Velachery,afternoon,independent,small,0,0,1,2024-05-28,54.63,0
0.6051,0.2474,0.8894,0.2962,0.7699,0.1975,0.4753,Porur,morning,independent,medium,1,0,5,2024-09-28,41.25,1
0.3606,0.6904,0.5425,0.5566,0.5316,0.1492,0.21,T Nagar,morning,apartment,small,0,0,2,2024-01-17,62.19,0
0.4422,0.3112,0.5393,0.8547,0.5267,0.1912,0.6597,Adyar,morning,apartment,medium,0,0,2,2024-01-31,40.17,1
0.048,0.3991,0.253,0.5653,0.4291,0.1122,0.2263,Anna Nagar,morning,apartment,small,0,0,1,2024-12-03,26.23,1
0.0268,0.4692,0.8991,0.7875,0.4412,0.2993,0.2497,Anna Nagar,morning,independent,small,1,0,5,2024-10-12,0.0,1
0.7876,0.2657,0.852,0.5186,0.7257,0.2228,0.4808,Velachery,morning,apartment,medium,0,0,2,2024-10-16,55.19,0
0.3918,0.0431,0.4028,0.9048,0.3374,0.4143,0.7876,Adyar,afternoon,independent,large,0,0,0,2024-05-13,22.35,1
0.2256,0.3564,0.6171,0.6951,0.5997,0.379,0.6125,Anna Nagar,evening,apartment,medium,0,0,3,2024-03-21,29.24,1
0.0592,0.4038,0.6352,0.5733,0.6872,0.5845,0.4684,Anna Nagar,afternoon,apartment,medium,1,0,6,2024-12-08,22.29,1
0.1381,0.3977,0.5769,0.8101,0.3811,0.2264,0.1919,Anna Nagar,morning,apartment,small,0,0,4,2024-11-15,13.68,1
0.349,0.6716,0.4068,0.5967,0.3791,0.4682,0.4776,Velachery,afternoon,apartment,medium,0,0,1,2024-01-23,70.47,0
0.1543,0.7918,0.7919,0.5431,1.0,0.4589,0.5947,Velachery,afternoon,apartment,medium,0,0,2,2024-12-18,49.33,1
0.6478,0.2961,0.7381,0.8435,0.2487,0.4208,0.7561,Adyar,afternoon,apartment,large,0,0,3,2024-08-01,42.72,1
0.2376,0.5421,0.0094,0.9279,0.3903,0.4788,0.5364,Adyar,afternoon,independent,medium,0,0,4,2024-04-26,58.98,0
0.6328,0.4426,0.6955,0.9541,0.4601,0.6179,0.5139,Adyar,afternoon,apartment,medium,1,0,5,2024-07-13,58.65,0
0.5334,0.1856,0.9175,0.8671,0.1974,0.1121,0.2101,Adyar,morning,apartment,small,1,0,5,2024-04-20,6.48,1
0.3515,0.6858,0.9122,0.8411,0.5231,0.4484,0.58,Adyar,afternoon,independent,medium,1,0,6,2024-12-08,44.11,0
0.7065,0.6043,0.8084,0.6397,0.2443,0.2317,0.1844,T Nagar,morning,independent,small,0,0,1,2024-12-17,75.33,0
0.0992,0.3602,0.2361,0.6375,0.2036,0.3653,0.1395,Anna Nagar,evening,apartment,small,0,0,1,2024-10-08,25.18,1
0.3764,0.5698,0.8631,0.5615,0.5428,0.6081,0.4074,Adyar,afternoon,independent,medium,1,0,5,2024-11-16,49.14,1
0.1565,0.3427,0.4882,0.5316,0.2994,0.3769,0.2034,Anna Nagar,evening,independent,small,1,0,5,2024-09-07,22.22,1
0.0072,0.1479,0.9864,0.9502,0.2974,0.517,0.1368,Velachery,afternoon,independent,small,1,0,6,2024-04-28,0.0,1
0.2752,0.3391,0.2962,0.5304,0.1062,0.4643,0.7272,Anna Nagar,afternoon,independent,large,1,0,6,2024-01-07,39.05,1
0.5894,0.3455,0.6495,0.7918,0.3711,0.3732,0.4577,Adyar,evening,apartment,medium,0,0,3,2024-09-12,47.88,0
0.688,0.5942,0.7067,0.598,0.2875,0.1175,0.7601,T Nagar,morning,apartment,large,1,0,6,2024-05-19,79.42,1
0.2407,0.5083,0.4016,0.5687,0.4696,0.2847,0.6504,T Nagar,morning,apartment,medium,1,0,6,2024-07-21,47.01,1
0.0303,0.3577,0.5056,0.6345,0.4009,0.4933,0.1472,Porur,afternoon,independent,small,1,0,6,2024-02-11,14.61,1
0.4015,0.4798,0.6672,0.5413,0.33,0.3965,0.7579,Porur,evening,independent,large,1,0,5,2024-10-12,48.02,1
0.1925,0.0999,0.9189,0.833,0.5661,0.3048,0.4025,Adyar,evening,apartment,medium,0,0,3,2024-06-20,0.0,1
0.1067,1.0,0.4676,0.7125,0.7653,0.1084,0.2316,Porur,morning,apartment,small,0,0,1,2024-12-24,45.62,0
0.1793,0.9126,0.7328,0.1833,0.1328,0.4956,0.5736,Anna Nagar,afternoon,independent,medium,0,0,2,2024-05-01,50.49,0
0.1313,0.3623,0.818,0.8355,0.2869,0.4129,0.9092,Velachery,evening,independent,large,0,0,0,2024-12-02,12.66,1
0.3681,0.3844,0.6961,0.7018,0.5749,0.4504,0.2325,Adyar,evening,independent,small,0,0,4,2024-01-26,38.24,1
0.0642,0.3773,0.5814,0.8082,0.5828,0.4693,0.1406,Velachery,afternoon,independent,small,0,0,4,2024-06-07,18.64,1
0.2194,0.1765,0.3451,0.9291,0.6439,0.1775,0.3682,Velachery,morning,apartment,medium,1,0,5,2024-04-13,25.39,1
0.3761,0.2802,0.7025,0.5484,0.4573,0.6306,0.158,Adyar,afternoon,apartment,small,0,0,2,2024-11-20,34.92,1
0.0544,0.9398,0.6474,0.8417,0.5822,0.4603,0.4533,Porur,afternoon,independent,medium,0,0,4,2024-08-02,27.34,1
0.3471,0.8828,0.8544,0.9184,0.2001,0.2451,0.4893,T Nagar,morning,apartment,medium,0,0,0,2024-07-29,48.99,1
0.7728,0.4459,0.2928,0.629,0.4127,0.2329,0.2231,Velachery,morning,apartment,small,0,0,2,2024-08-07,90.44,0
0.0919,0.3084,0.377,0.5504,0.4999,0.3338,0.1348,Porur,evening,independent,small,0,0,0,2024-08-26,26.72,1
0.0307,0.8329,0.4381,0.8628,0.3518,0.1962,0.2176,Porur,morning,independent,small,0,0,1,2024-03-26,19.68,1
0.4108,0.2288,0.6182,0.4156,0.586,0.1759,0.7083,Adyar,morning,independent,large,1,0,6,2024-05-12,39.04,1
0.0589,0.4088,0.572,0.8517,0.3236,0.3946,0.7649,Porur,evening,apartment,large,0,0,3,2024-04-18,13.81,1
0.3363,0.6988,0.5898,0.3792,0.2838,0.599,0.2284,Adyar,afternoon,apartment,small,0,0,0,2024-11-25,65.15,0
0.1829,0.1894,0.917,0.9715,0.1271,0.2159,0.4341,Porur,morning,independent,medium,0,0,0,2024-06-24,0.0,1
0.19,0.1821,0.5109,0.6384,0.4169,0.4582,0.5813,Adyar,afternoon,independent,medium,1,0,6,2024-11-24,23.64,1
0.2918,0.856,0.6227,0.7711,0.4682,0.2599,0.5947,T Nagar,morning,apartment,medium,0,0,2,2024-10-16,58.36,0
0.345,0.3132,0.3518,0.758,0.3647,0.2299,0.1793,Anna Nagar,morning,apartment,small,0,0,1,2024-05-28,34.32,1
0.2009,0.6208,0.8574,0.7107,0.5029,0.2775,0.4171,Adyar,morning,independent,medium,0,0,1,2024-02-06,27.13,1
0.7074,0.4244,0.5547,0.753,0.0751,0.1369,0.2373,Anna Nagar,morning,independent,small,0,0,0,2024-12-30,56.03,0
0.1083,0.3353,0.8031,0.6099,0.3021,0.2429,0.8268,Porur,morning,independent,large,0,0,0,2024-09-23,9.98,1
0.0521,0.2059,0.6913,0.7629,0.3894,0.2558,0.7941,Porur,morning,apartment,large,1,0,6,2024-07-21,3.21,1
0.1538,0.6231,0.6699,0.7823,0.3618,0.4418,0.8535,Adyar,evening,apartment,large,0,0,2,2024-01-03,31.72,1
0.4121,0.4096,0.97,0.7509,0.2042,0.4016,0.434,Anna Nagar,evening,independent,medium,1,0,6,2024-08-11,20.86,1
0.3332,0.3291,0.5816,0.8102,0.3202,0.4157,0.408,Porur,evening,independent,medium,0,0,0,2024-02-26,28.22,1
0.2317,0.6284,0.7199,0.5064,0.6588,0.5107,0.4801,Velachery,afternoon,independent,medium,0,0,0,2024-03-18,49.64,1
0.3318,0.5859,0.7804,0.7165,0.2947,0.5368,0.2382,Adyar,afternoon,apartment,small,1,0,5,2024-02-10,38.94,1
0.0182,0.2208,0.6791,0.6844,0.3536,0.4201,0.1359,Anna Nagar,afternoon,independent,small,0,0,2,2024-08-14,1.38,1
0.2366,0.5566,0.6463,0.8459,0.3955,0.5738,0.1184,Velachery,afternoon,apartment,small,0,0,0,2024-01-08,34.45,1
0.372,1.0,0.7347,0.6375,0.245,0.5692,0.8641,T Nagar,afternoon,apartment,large,0,0,3,2024-02-29,80.58,0
0.2441,0.3117,0.7941,0.6991,0.3305,0.327,0.8599,Velachery,evening,independent,large,0,0,0,2024-05-13,21.71,1
0.1573,1.0,0.5733,0.8009,0.4349,0.4147,0.4161,T Nagar,afternoon,apartment,medium,0,0,1,2024-04-30,46.67,1
0.2263,0.5421,0.9125,0.5686,0.6253,0.1908,0.4579,Velachery,morning,independent,medium,0,0,2,2024-05-15,29.51,1
0.4713,0.1732,0.608,0.8391,0.74,0.2894,0.8635,Anna Nagar,morning,apartment,large,1,0,5,2024-05-11,30.14,1
0.0928,0.8479,0.6914,0.239,0.4332,0.37,0.5466,Adyar,afternoon,independent,medium,0,0,1,2024-01-02,42.56,1
0.0717,0.2457,0.9384,0.705,0.5171,0.5219,0.4345,Porur,afternoon,apartment,medium,1,0,5,2024-01-20,0.0,1
0.114,0.5364,0.6115,0.8545,0.4291,0.223,0.5795,Velachery,morning,independent,medium,0,0,2,2024-12-04,22.53,1
0.1216,0.51,0.8495,0.8972,0.3898,0.1051,0.8036,T Nagar,morning,independent,large,1,0,6,2024-02-11,6.3,1
0.0612,0.6912,0.8702,0.7443,0.0794,0.3351,0.5693,Anna Nagar,evening,independent,medium,0,0,2,2024-05-15,4.92,1
0.1333,0.2,0.8081,0.8535,0.4617,0.1559,0.4512,Adyar,morning,apartment,medium,1,0,5,2024-04-06,0.0,1
0.1508,0.5768,0.7958,0.2739,0.6159,0.1858,0.7718,Adyar,morning,independent,large,0,0,1,2024-10-22,37.13,1
0.7934,0.7574,0.5037,0.4671,0.4641,0.5727,0.4948,Velachery,afternoon,apartment,medium,0,0,4,2024-06-07,100.0,0
0.4136,0.6336,0.8283,0.9684,0.3642,0.2548,0.421,Velachery,morning,apartment,medium,0,0,0,2024-05-20,44.61,1
0.2093,0.1662,0.9005,0.467,0.4247,0.4868,0.5466,Velachery,afternoon,apartment,medium,1,0,6,2024-01-21,13.31,1
0.1841,0.3193,0.4804,0.8051,0.2273,0.1421,0.2023,Porur,morning,apartment,small,1,0,6,2024-08-18,12.81,1
0.1514,0.2293,0.6252,0.5898,0.489,0.3999,0.5381,Anna Nagar,afternoon,apartment,medium,0,0,1,2024-01-30,18.89,1
0.3418,0.266,0.6756,0.4265,0.0969,0.5401,0.1593,Anna Nagar,afternoon,independent,small,0,0,1,2024-02-06,25.19,1
0.1293,0.2905,0.9375,0.7528,0.495,0.1239,0.7061,Adyar,morning,independent,large,0,0,3,2024-12-26,3.25,1
0.1473,0.7711,0.4506,0.8327,0.0935,0.4145,0.3148,Adyar,evening,independent,medium,0,0,1,2024-04-02,34.04,1
0.661,0.4279,0.5265,0.6687,0.4239,0.2507,0.6489,Velachery,morning,apartment,large,0,0,1,2024-03-12,72.29,0
0.232,0.4892,0.844,0.4975,0.5395,0.4837,0.2529,T Nagar,afternoon,apartment,small,1,0,6,2024-07-28,28.69,1
0.2068,0.5042,0.7777,0.6206,0.4864,0.2752,0.48,Porur,morning,independent,medium,0,0,2,2024-12-04,25.98,1
0.3098,0.5723,0.5795,0.7633,0.4666,0.4936,0.2718,Velachery,afternoon,independent,small,1,0,6,2024-03-24,47.19,1
0.2266,0.2307,0.7987,0.6685,0.5022,0.465,0.4482,Anna Nagar,afternoon,independent,medium,0,0,0,2024-07-01,13.95,1
0.3546,0.9454,0.7129,0.6327,0.7267,0.4288,0.5234,Adyar,afternoon,independent,medium,0,0,3,2024-11-07,80.28,0
0.3622,0.2585,0.3885,0.8474,0.6585,0.4212,0.5968,Adyar,evening,apartment,medium,0,0,2,2024-10-30,43.67,1
0.5045,0.5792,0.1289,0.5427,0.3905,0.377,0.1515,Porur,evening,independent,small,0,0,4,2024-08-16,85.84,0
0.4527,0.5948,0.9457,0.6978,0.4868,0.3512,0.8261,T Nagar,evening,independent,large,0,0,4,2024-10-04,51.36,0
0.4701,0.7538,0.446,0.9717,0.2898,0.2025,0.6996,Porur,morning,apartment,large,0,0,0,2024-12-23,72.74,0
0.5324,0.2157,0.6151,0.2485,0.3921,0.4275,0.5387,Velachery,evening,apartment,medium,0,0,2,2024-11-27,50.29,0
0.3255,0.5817,0.7768,0.7216,0.2736,0.5508,0.2272,Adyar,afternoon,apartment,small,1,0,5,2024-03-23,37.8,1
0.5204,0.5287,0.4366,0.6088,0.1618,0.1353,0.2649,T Nagar,morning,independent,medium,1,0,6,2024-02-11,60.32,0
0.1873,0.2385,0.6494,0.3174,0.8468,0.5628,0.3906,Velachery,afternoon,apartment,medium,0,0,4,2024-02-09,39.15,1
0.2875,0.1031,0.7643,0.2069,0.2788,0.3804,0.5906,Porur,evening,independent,medium,1,0,5,2024-10-19,18.29,1
0.2811,0.3733,0.9628,0.7476,0.0597,0.3987,0.5402,Porur,evening,independent,medium,0,0,2,2024-06-26,10.39,1
0.2874,0.7529,0.5895,0.6869,0.6456,0.5246,0.7646,Adyar,afternoon,independent,large,1,1,5,2024-11-02,66.94,0
0.4658,0.2051,0.7323,0.3158,0.5392,0.3721,0.1073,Velachery,evening,apartment,small,0,0,0,2024-11-04,37.64,1
0.1967,0.9547,0.9361,0.549,0.3493,0.1492,0.5202,T Nagar,morning,apartment,medium,0,0,2,2024-01-24,37.85,1
0.3168,0.3325,0.4598,0.8949,0.5464,0.2324,0.2398,Velachery,morning,apartment,small,0,0,2,2024-10-16,34.67,1
0.301,0.6268,0.5852,0.6202,0.3413,0.2893,0.2543,Adyar,evening,apartment,small,0,0,1,2024-02-06,47.97,1
0.5303,0.1212,0.5743,0.8099,0.1506,0.3475,0.5955,Porur,evening,apartment,medium,0,0,2,2024-04-10,20.34,1
0.4626,0.4421,0.4883,0.7647,0.1878,0.3124,0.1426,Porur,morning,independent,small,0,0,1,2024-07-09,44.77,0
0.3603,0.6834,0.8302,0.8085,0.2701,0.3629,0.4596,Porur,evening,apartment,medium,0,0,2,2024-04-24,42.71,1
0.1503,0.4905,0.3065,0.8423,0.3485,0.2243,0.5155,T Nagar,morning,independent,medium,0,0,2,2024-08-28,32.32,1
0.3781,0.3531,0.8907,0.8139,0.713,0.4388,0.796,Velachery,evening,independent,large,1,0,5,2024-09-07,31.49,1
0.6302,0.3533,0.549,0.5357,0.4064,0.2448,0.6324,Adyar,morning,apartment,medium,1,0,5,2024-09-07,60.67,0
0.1719,0.4231,0.4562,0.4238,0.8624,0.6004,0.5385,Adyar,afternoon,apartment,medium,1,0,5,2024-01-20,51.44,0
0.3549,0.3811,0.7324,0.6827,0.381,0.3287,0.1847,Velachery,evening,independent,small,1,0,5,2024-03-23,30.04,1
0.399,0.4126,0.7394,0.3834,0.4973,0.1719,0.4637,Velachery,morning,independent,medium,0,0,3,2024-06-13,46.78,1
0.1363,0.8747,0.1751,0.8492,0.3659,0.6379,0.2418,Anna Nagar,afternoon,independent,small,0,0,0,2024-07-29,52.45,0
0.7603,0.5606,0.5521,0.7831,0.2975,0.4999,0.8396,Velachery,evening,independent,large,0,1,0,2024-01-15,98.67,0
0.9053,0.7873,0.206,0.7747,0.8061,0.6634,0.5598,Velachery,afternoon,apartment,medium,0,0,1,2024-02-27,100.0,0
0.609,0.3645,0.7568,0.8836,0.1387,0.4941,0.1607,Velachery,afternoon,apartment,small,1,0,6,2024-08-25,39.26,1
0.3226,0.2469,0.5161,0.62,0.7381,0.312,0.1449,Porur,evening,independent,small,0,0,1,2024-04-09,34.7,1
0.255,0.6313,0.576,0.7512,0.5071,0.578,0.2269,Adyar,afternoon,independent,small,0,0,1,2024-05-28,47.27,1
0.3283,0.3036,0.527,0.4032,0.1314,0.1479,0.229,Porur,morning,independent,small,0,0,3,2024-05-02,29.77,1
0.0517,0.2562,0.5831,0.8622,0.2321,0.5121,0.1529,T Nagar,afternoon,apartment,small,0,0,4,2024-08-02,4.42,1
0.1185,0.6394,0.6089,0.5945,0.5732,0.2222,0.6906,Porur,morning,apartment,large,0,0,2,2024-11-20,33.11,1
0.5731,0.1706,0.1172,0.775,0.4379,0.5222,0.7466,Velachery,afternoon,apartment,large,0,0,2,2024-08-14,59.85,0
0.3016,0.1488,0.7768,0.8806,0.2183,0.4696,0.6775,Anna Nagar,afternoon,apartment,medium,1,0,6,2024-12-29,4.19,1
0.2301,0.4692,0.9218,0.996,0.3025,0.1964,0.452,Velachery,morning,apartment,medium,0,0,4,2024-08-02,10.43,1
0.8153,0.4876,0.8952,0.7682,0.8247,0.2552,0.4025,Anna Nagar,morning,independent,medium,0,0,0,2024-06-24,74.04,0
0.278,0.1975,0.4984,0.8285,0.1291,0.2346,0.2221,Anna Nagar,morning,independent,small,0,0,2,2024-06-12,11.22,1
0.5843,0.6511,0.7208,0.745,0.1947,0.1829,0.5671,Adyar,morning,apartment,medium,0,0,3,2024-08-08,70.88,0
0.0042,0.1692,0.7634,0.3086,0.205,0.5434,0.1416,Anna Nagar,afternoon,apartment,small,0,0,1,2024-05-07,4.82,1
0.2881,0.6225,0.5245,0.8128,0.5571,0.3689,0.2881,Adyar,afternoon,apartment,small,0,0,1,2024-06-04,49.7,1
0.0321,0.809,0.8172,0.6508,0.7286,0.2821,0.1786,Adyar,evening,apartment,small,0,0,4,2024-03-08,18.24,1
0.0374,0.2966,0.2698,0.8454,0.219,0.2783,0.4289,Porur,morning,apartment,medium,1,0,6,2024-12-29,13.37,1
0.0292,0.5088,0.2523,0.7215,0.1842,0.1771,0.7793,Velachery,morning,independent,large,0,0,1,2024-11-26,27.46,1
0.0889,0.7613,0.7783,0.8988,0.5695,0.5545,0.4674,Porur,afternoon,apartment,medium,0,0,4,2024-05-31,21.1,1
0.3828,0.5154,0.5942,0.738,0.2623,0.3484,0.5726,T Nagar,evening,apartment,medium,0,0,0,2024-10-21,46.2,1
0.0233,0.1977,0.6491,0.8576,0.3024,0.3701,0.2273,Anna Nagar,evening,apartment,small,0,0,0,2024-01-22,0.0,1
0.3173,0.1972,0.7512,0.3597,0.211,0.4322,0.2114,T Nagar,evening,apartment,small,1,0,5,2024-05-18,19.23,1
0.1446,0.2938,0.4255,0.9445,0.6112,0.345,0.4944,Adyar,afternoon,apartment,medium,1,0,5,2024-05-04,23.57,1
0.1931,0.7464,0.8461,0.808,0.3652,0.4963,0.1215,Adyar,afternoon,apartment,small,0,0,3,2024-08-15,28.34,1
0.4872,0.207,0.6866,0.7047,0.4542,0.165,0.162,Velachery,morning,apartment,small,1,0,6,2024-07-07,25.44,1
0.5829,0.4971,0.3635,0.2671,0.5975,0.2421,0.8194,Adyar,morning,independent,large,1,0,5,2024-04-20,91.6,0
0.4569,0.3997,0.6138,0.7104,0.7006,0.1848,0.1825,Adyar,morning,independent,small,1,0,5,2024-03-02,46.1,1
0.1662,0.5866,0.7796,0.7047,0.0879,0.3804,0.8062,Adyar,morning,apartment,large,1,1,5,2024-11-02,25.01,1
0.0033,0.6612,0.391,0.712,0.2838,0.5393,0.2908,Porur,afternoon,apartment,small,0,0,2,2024-12-04,22.25,1
0.6501,0.3361,0.2129,0.6724,0.2207,0.1241,0.5234,Porur,morning,independent,medium,1,0,6,2024-10-06,61.57,0
0.5757,0.2623,0.7936,0.4185,0.3719,0.4428,0.4507,Adyar,evening,independent,medium,0,0,2,2024-03-06,43.15,1
0.1766,0.4661,0.7047,0.6791,0.4414,0.4487,0.2164,T Nagar,afternoon,independent,small,1,0,5,2024-03-16,21.79,1
0.4353,0.274,1.0,0.5793,0.4616,0.579,0.278,Velachery,afternoon,apartment,small,1,0,5,2024-11-30,24.49,1
0.0231,0.5771,0.9003,0.675,0.3183,0.4434,0.6047,Anna Nagar,afternoon,independent,medium,1,0,6,2024-03-17,2.17,1
0.6229,0.9194,0.7129,0.207,0.4226,0.6565,0.1789,T Nagar,afternoon,apartment,small,0,0,0,2024-06-03,100.0,0
0.1579,0.4394,0.9378,0.7024,0.5167,0.2947,0.227,T Nagar,morning,independent,small,1,0,5,2024-01-13,7.74,1
0.2076,0.569,0.5377,0.46,0.4933,0.4413,0.4882,Porur,evening,apartment,medium,0,0,4,2024-11-15,45.87,1
0.3728,0.4058,0.6488,0.8124,0.9106,0.2994,0.3503,Anna Nagar,morning,apartment,medium,0,0,3,2024-05-23,41.31,1
0.2023,0.399,0.8798,0.4064,0.2442,0.4799,0.3468,Velachery,afternoon,independent,medium,0,0,3,2024-10-31,23.37,1
0.0441,0.1624,0.674,0.9798,0.1395,0.5479,0.1608,Anna Nagar,afternoon,apartment,small,1,0,6,2024-09-08,0.0,1
0.0998,0.8357,0.6051,0.5839,0.5165,0.4875,0.1814,Velachery,afternoon,apartment,small,0,0,2,2024-05-22,39.74,1
0.0288,0.125,0.4068,0.8353,0.3081,0.1698,0.2193,Anna Nagar,morning,apartment,small,0,0,3,2024-05-09,3.55,1
0.6565,0.386,0.4323,0.7722,0.0599,0.3303,0.5286,Porur,evening,independent,medium,1,0,6,2024-09-15,55.67,0
0.0594,0.3608,0.6854,0.7246,0.5522,0.6133,0.5635,Porur,afternoon,apartment,medium,0,0,4,2024-10-25,16.58,1
0.148,0.4723,0.7806,0.147,0.7899,0.3268,0.5029,T Nagar,evening,independent,medium,0,0,3,2024-10-03,37.95,1
0.0214,0.1244,0.5388,0.5,0.1972,0.1463,0.138,Porur,morning,apartment,small,0,0,4,2024-07-05,3.98,1
0.3081,0.592,0.6124,0.7959,0.701,0.3265,0.218,Porur,morning,apartment,small,0,0,1,2024-04-30,45.88,1
0.1271,0.247,0.7355,0.5172,0.4979,0.3673,0.7548,T Nagar,evening,apartment,large,1,0,6,2024-09-15,16.75,1
0.0994,0.1746,0.746,0.6264,0.5567,0.3856,0.7377,T Nagar,evening,independent,large,0,0,2,2024-02-14,12.65,1
0.2893,0.4525,0.8322,0.8332,0.2309,0.6505,0.5942,Velachery,afternoon,independent,medium,1,0,5,2024-02-17,26.7,1
0.0421,0.2772,0.265,0.6737,0.5755,0.2419,0.1943,Anna Nagar,morning,apartment,small,1,0,6,2024-11-24,22.8,1
0.7243,0.7351,0.7166,0.7246,0.2588,0.4712,0.4142,Velachery,afternoon,apartment,medium,0,0,2,2024-10-30,100.0,0
0.543,0.6024,0.6284,0.2922,0.3654,0.1395,0.5622,Adyar,morning,independent,medium,0,0,1,2024-05-07,79.26,0
0.0409,0.7017,0.6453,0.9068,0.3586,0.5852,0.5048,Velachery,afternoon,independent,medium,0,0,4,2024-02-16,19.75,1
0.3325,0.5073,0.3461,0.4202,0.8753,0.2064,0.2331,Adyar,morning,apartment,small,0,0,2,2024-03-27,69.34,0
0.0133,0.7743,0.8805,0.5513,0.3262,0.6096,0.4901,T Nagar,afternoon,independent,medium,0,0,4,2024-12-27,14.11,1
0.1171,0.4031,0.4535,0.5916,0.605,0.2968,0.6112,Anna Nagar,morning,independent,medium,1,0,6,2024-02-04,30.13,1
0.4782,0.2876,0.5978,0.7123,0.8881,0.3898,0.8081,Velachery,evening,apartment,large,0,0,4,2024-11-15,53.75,1
0.0244,0.4283,0.4295,0.9522,0.6572,0.5753,0.3631,Adyar,afternoon,apartment,medium,0,0,1,2024-11-19,23.42,1
0.5159,0.6829,0.8839,0.6507,0.5528,0.2567,0.1651,Velachery,morning,independent,small,0,0,3,2024-05-16,66.58,0
0.4412,0.4715,0.0903,0.8323,0.3873,0.2668,0.152,Porur,morning,independent,small,0,0,1,2024-09-03,63.76,0
0.035,0.4624,0.5383,0.4161,0.2173,0.5459,0.5563,Anna Nagar,afternoon,apartment,medium,0,0,1,2024-12-24,22.76,1
0.2331,0.1943,0.8771,0.7199,0.3104,0.5093,0.7712,Adyar,afternoon,apartment,large,0,0,0,2024-05-20,11.3,1
0.1868,0.2676,0.5645,0.8199,0.2434,0.3364,0.8748,Adyar,evening,apartment,large,0,0,4,2024-04-26,19.59,1
0.1558,0.5049,0.9094,0.9812,0.1436,0.4014,0.7617,Anna Nagar,afternoon,apartment,large,0,0,2,2024-06-12,4.69,1
0.0804,0.2199,0.2466,0.6541,0.7042,0.2537,0.1649,Adyar,morning,independent,small,0,0,3,2024-01-04,32.74,0
0.007,0.3283,0.6151,0.9199,0.3659,0.3306,0.2453,Anna Nagar,evening,independent,small,0,0,2,2024-04-03,0.0,1
0.1124,0.4695,0.6194,0.9386,0.7708,0.4554,0.1593,T Nagar,evening,independent,small,0,0,2,2024-11-06,21.14,1
0.3009,0.3347,0.2515,0.5023,0.931,0.3607,0.5617,Adyar,evening,apartment,medium,0,0,4,2024-01-12,64.85,0
0.5182,0.2656,0.666,0.8674,0.7867,0.3563,0.1808,Velachery,evening,apartment,small,1,0,5,2024-05-11,37.85,1
0.0935,0.5301,0.6842,0.79,0.2234,0.4248,0.0787,Anna Nagar,afternoon,apartment,small,0,0,2,2024-11-06,9.33,1
0.0832,0.4352,0.4615,0.9349,0.137,0.22,0.1215,Anna Nagar,morning,apartment,small,0,0,4,2024-06-07,6.46,1
0.0145,0.5725,0.7372,0.9364,0.3383,0.4611,0.839,Porur,afternoon,independent,large,0,0,0,2024-12-09,6.54,1
0.5441,0.9603,0.7304,0.6166,0.4613,0.3231,0.583,T Nagar,evening,independent,medium,0,0,4,2024-01-19,100.0,0
0.198,0.5658,0.1499,0.7457,0.2965,0.465,0.7838,Porur,afternoon,apartment,large,0,0,0,2024-11-18,52.12,0
0.0706,0.4829,0.6953,0.5614,0.3242,0.2224,0.4006,T Nagar,evening,apartment,medium,1,0,6,2024-11-24,12.79,1
0.5515,0.4646,0.4658,0.4136,0.6453,0.5123,0.13,Adyar,afternoon,apartment,small,0,0,0,2024-04-08,78.38,0
0.1066,0.3194,0.203,0.9048,0.6673,0.5683,0.6816,Anna Nagar,afternoon,apartment,large,0,0,2,2024-06-05,37.55,1
0.4095,0.7433,0.3078,0.9225,0.1679,0.4172,0.2575,Adyar,afternoon,independent,small,1,0,6,2024-06-02,68.1,0
0.0906,0.9674,0.8253,0.759,0.8124,0.53,0.7884,Adyar,afternoon,apartment,large,0,0,0,2024-03-25,37.49,1
0.0099,0.7945,0.7554,0.4438,0.7152,0.1838,0.5347,Porur,morning,apartment,medium,0,0,3,2024-01-25,22.11,1
0.0815,0.7076,0.8099,0.6613,0.6603,0.4859,0.8078,Adyar,afternoon,apartment,large,0,0,0,2024-11-04,28.73,1
0.518,0.1377,0.3238,0.3069,0.4871,0.3761,0.2348,Anna Nagar,evening,apartment,small,0,0,1,2024-09-17,47.73,1
0.3418,0.373,0.563,0.3891,0.4527,0.2506,0.1303,Velachery,morning,apartment,small,1,0,6,2024-01-21,42.82,1
0.0226,0.3271,0.6553,0.6521,0.1866,0.2134,0.531,Porur,morning,independent,medium,1,0,6,2024-05-26,2.11,1
0.6193,1.0,0.7547,0.645,0.7532,0.6472,0.2053,Velachery,afternoon,apartment,small,0,0,0,2024-12-09,100.0,0
0.375,0.8664,0.54,0.6298,0.878,0.51,0.1834,Velachery,afternoon,apartment,small,0,0,3,2024-08-29,88.69,0
0.0299,0.1534,0.3226,0.9057,0.3839,0.2829,0.5415,Anna Nagar,morning,independent,medium,1,0,6,2024-11-24,9.97,1
0.6086,0.5128,0.9491,0.5176,0.2807,0.2574,0.7954,Anna Nagar,morning,apartment,large,1,0,5,2024-09-14,55.48,0
0.0236,0.6369,0.8938,0.619,0.2874,0.1728,0.5081,Anna Nagar,morning,apartment,medium,0,0,2,2024-10-23,2.03,1
0.1331,0.4511,0.4676,0.7877,0.7142,0.5172,0.2206,T Nagar,afternoon,apartment,small,1,0,6,2024-09-08,31.5,1
0.6738,0.8022,0.775,0.5906,0.6316,0.3842,0.1975,Porur,evening,apartment,small,0,0,4,2024-03-22,100.0,0
0.736,0.3315,0.7541,0.8666,0.5866,0.4013,0.6135,Velachery,evening,apartment,medium,1,0,5,2024-02-24,55.12,0
0.4258,0.7461,0.9017,0.484,0.5251,0.3785,0.1564,Porur,evening,apartment,small,0,0,4,2024-08-16,61.88,0
0.1725,0.12,0.4788,0.491,0.4292,0.2651,0.6959,Anna Nagar,morning,apartment,large,1,0,5,2024-06-01,20.63,1
0.3995,0.7652,0.5173,0.8812,0.1085,0.5748,0.5983,Anna Nagar,afternoon,apartment,medium,0,0,0,2024-07-08,63.77,0
0.4954,0.3706,0.1396,0.842,0.19,0.1972,0.4499,Anna Nagar,morning,apartment,medium,0,0,3,2024-02-22,53.1,0
0.6484,0.4529,0.784,0.7218,0.3305,0.2417,0.5378,Velachery,morning,apartment,medium,0,0,3,2024-03-28,59.18,1
0.1763,0.7747,0.5444,0.7425,0.1242,0.5616,0.4737,Anna Nagar,afternoon,apartment,medium,0,0,4,2024-11-15,37.36,1
0.1598,0.5477,0.9791,0.7914,0.3172,0.239,0.1469,T Nagar,morning,apartment,small,1,0,6,2024-12-29,4.01,1
0.0785,0.3918,0.267,0.7547,0.384,0.1404,0.2185,Porur,morning,apartment,small,0,0,1,2024-11-19,23.21,1
0.0274,0.1431,0.8592,0.5789,0.543,0.3764,0.5722,Anna Nagar,evening,apartment,medium,1,0,6,2024-05-12,0.0,1
0.2443,0.3114,0.4991,0.9502,0.2939,0.6179,0.6381,Porur,afternoon,apartment,medium,0,0,2,2024-02-07,25.26,1
0.5784,0.6985,0.5459,0.2571,0.4346,0.2655,0.6505,Velachery,morning,apartment,large,0,0,4,2024-02-09,100.0,0
0.8335,1.0,0.707,0.7246,0.5714,0.4945,0.3686,Velachery,afternoon,independent,medium,0,0,2,2024-04-10,100.0,0
0.3621,0.8434,0.5819,0.6811,0.3502,0.4565,0.2182,Porur,afternoon,independent,small,0,0,3,2024-02-01,67.72,0
0.0655,0.6593,0.5317,0.43,0.612,0.2527,0.1436,T Nagar,morning,apartment,small,0,0,3,2024-03-28,32.97,1
0.1767,0.7194,0.7342,0.5948,0.0688,0.4078,0.5817,Porur,evening,apartment,medium,0,0,4,2024-10-18,30.28,1
0.1657,0.2668,0.8681,0.9956,0.3565,0.3904,0.4498,Anna Nagar,evening,apartment,medium,1,0,6,2024-06-16,0.0,1
0.291,0.5168,0.875,0.9148,0.4015,0.2885,0.7511,Anna Nagar,morning,independent,large,0,0,1,2024-04-23,23.07,1
0.2609,0.0611,0.9438,0.878,0.5085,0.3627,0.7189,Velachery,evening,apartment,large,0,0,4,2024-08-09,0.64,1
0.0663,0.8013,0.4057,0.6162,0.3296,0.2687,0.536,T Nagar,morning,independent,medium,0,0,2,2024-11-13,35.2,1
0.1781,0.108,0.7549,0.7963,0.3458,0.4258,0.328,T Nagar,evening,apartment,medium,0,0,4,2024-04-26,2.45,1
0.5372,0.4742,0.8724,0.9466,0.6893,0.2244,0.3049,Anna Nagar,morning,independent,small,1,0,6,2024-05-26,39.51,1
0.6511,0.2224,0.8436,0.8496,0.4127,0.3187,0.7123,Velachery,morning,independent,large,0,0,4,2024-08-23,32.9,1
0.5864,0.4955,0.6847,0.6028,0.296,0.2653,0.4081,Adyar,morning,independent,medium,0,0,0,2024-12-02,62.44,0
0.1475,0.1445,0.8338,0.8885,0.4167,0.2142,0.7763,Anna Nagar,morning,apartment,large,1,0,6,2024-05-19,0.0,1
0.7302,0.2215,0.579,0.9568,0.6759,0.3176,0.4673,Adyar,evening,independent,medium,1,0,6,2024-02-11,45.31,1
0.0992,0.362,0.6298,0.55,0.4409,0.4083,0.6383,Anna Nagar,evening,independent,medium,0,0,4,2024-08-09,21.11,0
0.2578,0.466,0.8649,0.931,0.1872,0.4317,0.8415,Anna Nagar,afternoon,apartment,large,1,0,6,2024-10-27,14.83,1
0.2016,0.7347,0.7673,0.9359,0.4905,0.5326,0.8565,Adyar,afternoon,apartment,large,0,0,2,2024-11-27,37.55,1
0.0201,0.1711,0.7134,0.5474,0.2033,0.6255,0.8725,Anna Nagar,afternoon,independent,large,0,0,4,2024-11-15,8.65,1
0.1793,0.3147,0.831,0.7774,0.4837,0.2948,0.4897,Adyar,morning,apartment,medium,0,0,2,2024-01-10,11.76,1
0.0129,0.2624,0.9362,0.6237,0.1054,0.0867,0.5734,Anna Nagar,morning,independent,medium,1,0,5,2024-04-27,0.0,1
0.4346,0.3628,0.4489,0.6302,0.6751,0.313,0.5963,Velachery,evening,independent,medium,1,0,5,2024-01-27,57.04,0
0.0871,0.3444,0.4345,0.6538,0.6824,0.2006,0.7352,Velachery,morning,apartment,large,0,0,1,2024-01-09,33.05,1
0.4771,0.503,0.5542,0.8827,0.6055,0.1789,0.2042,Adyar,morning,apartment,small,0,0,4,2024-10-04,54.73,0
0.2194,0.4048,0.7384,0.5977,0.683,0.184,0.1594,Velachery,morning,apartment,small,0,0,1,2024-03-26,27.77,1
0.0576,0.0593,0.6409,0.5792,0.3502,0.5199,0.5895,Porur,afternoon,independent,medium,0,0,4,2024-09-20,9.38,1
0.3118,0.2234,0.7307,0.6272,1.0,0.1398,0.2434,Adyar,morning,apartment,small,0,0,3,2024-02-22,27.79,1
0.0978,0.4643,0.7439,0.7615,0.2295,0.5679,0.2462,Anna Nagar,afternoon,apartment,small,0,0,0,2024-02-19,9.46,1
0.2779,0.3619,1.0,0.4297,0.209,0.3465,0.5173,Anna Nagar,morning,independent,medium,1,0,6,2024-06-30,14.49,1
0.2919,0.9707,0.6163,0.9772,0.6852,0.4733,0.7338,Adyar,afternoon,independent,large,0,0,0,2024-08-19,69.65,0
0.0961,0.1755,0.7046,0.3989,0.545,0.5466,0.2058,Anna Nagar,afternoon,apartment,small,0,0,4,2024-03-22,15.85,1
0.2643,0.6093,0.6519,0.5157,0.6397,0.593,0.2825,Porur,afternoon,apartment,small,0,0,1,2024-08-27,50.51,0
0.5976,0.5082,0.3342,0.6506,0.2758,0.5656,0.2432,Anna Nagar,afternoon,apartment,small,1,0,5,2024-08-24,74.96,0
0.4702,0.8038,0.7392,0.8211,0.1545,0.2365,0.231,Adyar,morning,apartment,small,0,0,4,2024-12-06,65.39,0
0.5739,0.4037,0.7913,0.657,0.2314,0.477,0.2526,Velachery,afternoon,independent,small,0,0,0,2024-09-23,48.71,1
0.1608,0.4857,0.5962,0.6327,0.475,0.1712,0.276,T Nagar,morning,independent,small,1,0,5,2024-05-25,24.32,1
0.2412,0.6279,0.3292,0.8668,0.5186,0.4591,0.836,Porur,evening,apartment,large,0,1,0,2024-01-15,58.38,0
0.0143,0.3259,0.5975,0.3514,0.6564,0.2197,0.1753,Porur,morning,independent,small,0,0,3,2024-02-15,19.27,1
0.4083,0.3234,0.3758,0.7926,0.5404,0.1945,0.2386,Velachery,morning,independent,small,1,0,6,2024-05-19,43.98,1
0.2196,0.4769,0.7536,0.6808,0.8002,0.3452,0.7373,Anna Nagar,evening,independent,large,0,0,1,2024-02-27,32.86,1
0.2734,0.2831,0.6041,0.8249,0.5152,0.1898,0.0548,Velachery,morning,independent,small,0,0,0,2024-12-09,21.71,1
0.3716,0.4983,0.5346,0.585,0.2786,0.4548,0.3976,Velachery,afternoon,apartment,medium,0,0,1,2024-04-23,53.26,0
0.1767,0.2165,0.7763,0.6692,0.3692,0.4327,0.8488,Adyar,evening,independent,large,0,0,0,2024-01-01,15.39,1
0.0413,0.8156,0.4718,0.7249,0.4332,0.3708,0.4673,T Nagar,evening,apartment,medium,0,0,1,2024-02-06,29.8,1
0.2308,0.3341,0.2138,0.5304,0.3783,0.2242,0.7981,Velachery,morning,independent,large,0,0,2,2024-09-11,49.15,1
0.4318,0.2006,0.3371,0.6827,0.5153,0.2909,0.2078,Velachery,morning,independent,small,1,0,6,2024-10-06,41.03,1
0.1733,0.4486,0.6268,0.359,0.3076,0.1791,0.5111,Adyar,morning,apartment,medium,1,0,5,2024-06-29,29.68,1
0.1559,0.3496,0.6381,0.8368,0.4484,0.2508,0.1946,Anna Nagar,morning,independent,small,0,0,4,2024-09-06,11.55,1
0.7683,0.7896,0.4254,0.9417,0.289,0.2057,0.1404,Velachery,morning,apartment,small,0,0,2,2024-12-04,100.0,0
0.1375,0.4782,0.5083,0.6194,0.462,0.1307,0.5038,Anna Nagar,morning,independent,medium,1,0,5,2024-04-27,25.29,1
0.275,0.7947,0.7219,0.7875,0.5083,0.1872,0.2191,Adyar,morning,apartment,small,0,0,1,2024-03-05,45.95,1
0.0183,0.4134,0.527,0.8412,0.6444,0.6118,0.5209,Porur,afternoon,independent,medium,1,0,6,2024-12-15,18.41,1
0.2295,0.1799,0.5573,0.6754,0.4525,0.2704,0.1873,Porur,evening,apartment,small,0,0,4,2024-08-16,17.0,1
0.5745,0.546,0.8375,0.2885,0.139,0.5775,0.4094,Velachery,afternoon,apartment,medium,1,0,6,2024-06-16,69.25,0
0.0566,0.5114,0.7998,0.9158,0.2379,0.4631,0.8081,T Nagar,afternoon,independent,large,0,0,1,2024-06-11,6.19,1
0.3343,0.57,0.7503,0.6557,0.4184,0.3685,0.4002,Velachery,evening,apartment,medium,1,0,6,2024-02-18,43.43,1
0.2476,0.6971,0.9595,0.7151,0.3775,0.4563,0.4023,T Nagar,afternoon,apartment,medium,0,0,0,2024-07-29,30.76,1
0.3766,0.04,0.9222,0.8365,0.2449,0.4912,0.4628,Anna Nagar,afternoon,apartment,medium,0,0,2,2024-07-31,0.0,1
0.0456,0.2328,0.14,0.8035,0.2785,0.4963,0.155,Porur,afternoon,apartment,small,0,0,2,2024-04-17,22.55,1
0.1794,0.4209,0.8689,0.7382,0.4718,0.1745,0.7514,Porur,morning,independent,large,1,0,6,2024-01-21,11.86,1
0.3977,0.8389,0.8529,0.5806,0.3369,0.3801,0.5574,T Nagar,evening,independent,medium,0,0,1,2024-07-09,66.09,0
0.3831,0.1764,1.0,0.4644,0.2811,0.6101,0.411,Porur,afternoon,independent,medium,1,0,5,2024-06-29,12.76,1
0.3835,0.8472,0.5933,0.5589,0.8963,0.1752,0.3911,Adyar,morning,apartment,medium,0,0,2,2024-06-12,83.84,0
0.112,0.8652,0.7237,0.7527,0.2244,0.4675,0.7855,Anna Nagar,afternoon,apartment,large,0,0,2,2024-09-04,28.06,1
0.0427,0.5053,0.6906,0.6673,0.61,0.2629,0.2268,Porur,morning,independent,small,0,0,4,2024-06-21,13.55,1
0.1396,0.6241,0.9218,0.5136,0.4089,0.4169,0.1716,Velachery,afternoon,apartment,small,1,0,5,2024-02-24,20.87,1
0.8129,0.2638,0.6305,0.9835,0.4288,0.3262,0.7357,Adyar,evening,independent,large,1,0,5,2024-03-16,49.83,1
0.334,0.4162,0.5066,0.6888,0.7047,0.2189,0.1387,Porur,morning,apartment,small,0,0,2,2024-05-29,42.85,1
0.033,0.4839,0.4853,0.5652,0.6966,0.2376,0.4296,T Nagar,morning,apartment,medium,1,0,6,2024-04-28,26.09,1
0.6003,0.2749,0.3356,0.6154,0.5331,0.4092,0.258,Adyar,afternoon,apartment,medium,0,0,3,2024-11-07,61.53,0
0.0658,0.3523,0.2676,0.8644,0.3823,0.213,0.3816,Porur,morning,independent,medium,0,0,2,2024-01-31,20.69,1
0.1718,0.7782,0.4829,0.567,0.4135,0.5961,0.7288,Velachery,afternoon,independent,large,1,0,5,2024-04-27,54.92,0
0.1999,0.4059,0.2495,0.4881,0.3735,0.2835,0.4908,Anna Nagar,evening,independent,medium,0,0,4,2024-08-30,43.51,1
0.2562,0.8616,0.8805,0.2566,0.5558,0.6128,0.2385,T Nagar,afternoon,apartment,small,0,0,3,2024-06-20,58.77,0
0.8328,0.353,0.4713,0.9672,0.6891,0.4055,0.2303,Velachery,evening,apartment,small,0,0,4,2024-01-05,75.43,0
0.0143,0.6108,0.6364,0.1827,0.744,0.1994,0.2164,T Nagar,morning,independent,small,0,0,2,2024-11-06,30.05,1
0.1183,0.1389,0.6218,0.7741,0.31,0.5372,0.2439,Porur,afternoon,apartment,small,1,0,6,2024-04-07,4.73,1
0.3018,0.243,0.9053,0.8962,0.2793,0.2021,0.5783,Anna Nagar,morning,apartment,medium,0,0,3,2024-01-18,2.61,1
0.2146,0.2198,0.4475,0.4143,0.4275,0.0585,0.2899,Anna Nagar,morning,apartment,small,1,0,6,2024-01-28,24.08,1
0.0159,0.5708,0.4752,0.5496,0.1472,0.3035,0.1895,Adyar,morning,independent,small,0,0,0,2024-07-01,17.89,1
0.0799,0.4196,0.5683,0.3964,0.6063,0.3198,0.5858,T Nagar,morning,apartment,medium,0,0,4,2024-04-26,31.25,1
0.0235,1.0,0.6141,0.2171,0.0807,0.56,0.2041,T Nagar,afternoon,independent,small,0,0,4,2024-01-12,31.82,1
0.0435,0.5852,0.5207,0.5658,0.4458,0.2137,0.1499,Adyar,morning,independent,small,0,0,4,2024-08-16,23.33,1
0.0036,0.2804,0.6328,0.5185,0.7021,0.5702,0.2124,Porur,afternoon,apartment,small,0,0,4,2024-02-09,17.85,1
0.4434,0.7421,0.8268,0.6826,0.1655,0.4085,0.2009,T Nagar,evening,independent,small,0,0,4,2024-07-26,57.99,0
0.2214,0.3012,0.2174,0.3446,0.3595,0.17,0.5745,Adyar,morning,independent,medium,1,0,5,2024-06-08,45.21,1
0.0861,0.9318,0.9182,0.4879,0.6335,0.2138,0.7446,Velachery,morning,independent,large,0,0,4,2024-04-19,32.15,1
0.7515,0.4368,0.8227,0.3467,0.2861,0.5184,0.2434,T Nagar,afternoon,independent,small,0,0,1,2024-12-31,71.67,0
0.4545,0.4467,0.1661,0.7919,0.5263,0.5206,0.2871,Porur,afternoon,apartment,small,1,0,5,2024-06-22,67.0,0
0.0879,0.5645,0.0601,0.236,0.1165,0.2022,0.4073,Porur,morning,independent,medium,0,0,0,2024-11-11,46.02,1
0.8542,0.6152,0.223,0.4545,0.5655,0.1335,0.7895,Velachery,morning,apartment,large,0,0,3,2024-11-07,100.0,0
0.2096,0.6235,0.7234,0.9359,0.1751,0.4682,0.2887,Adyar,evening,apartment,small,0,0,0,2024-11-04,24.2,0
0.1598,0.1701,0.4038,0.8917,0.5034,0.3594,0.1826,Anna Nagar,evening,independent,small,0,0,0,2024-09-02,15.81,1
0.3957,0.3842,0.6799,0.9196,0.479,0.3885,0.7874,Velachery,evening,independent,large,0,0,3,2024-02-01,38.91,0
0.9103,0.638,0.7251,0.485,0.3351,0.451,0.1429,Velachery,evening,independent,small,0,0,3,2024-10-24,100.0,0
0.2746,0.1044,0.2709,0.4775,0.613,0.5254,0.5421,Velachery,afternoon,apartment,medium,0,0,3,2024-04-18,45.86,1
0.1083,0.5541,0.7143,0.9419,0.327,0.4174,0.4304,Anna Nagar,evening,apartment,medium,0,0,0,2024-07-22,11.14,1
0.1219,0.3573,0.4559,0.5902,0.2412,0.1222,0.5168,T Nagar,morning,independent,medium,0,0,4,2024-04-26,21.67,1
0.1195,0.054,0.9994,0.6807,0.5408,0.5203,0.4128,Porur,afternoon,apartment,medium,1,0,5,2024-03-16,0.0,1
0.5572,0.3083,0.2635,0.5272,0.5542,0.5598,0.5363,Velachery,afternoon,apartment,medium,0,0,1,2024-01-02,73.63,0
0.1738,0.842,0.6633,0.7956,0.2081,0.5598,0.5214,T Nagar,afternoon,apartment,medium,0,0,2,2024-09-18,37.72,1
0.1074,0.2315,0.9013,0.9774,0.3599,0.5353,0.4441,Anna Nagar,afternoon,apartment,medium,0,0,4,2024-01-19,0.0,1
0.1088,0.4042,0.6302,0.7234,0.31,0.2022,0.8234,Anna Nagar,morning,independent,large,1,0,6,2024-11-10,13.29,1
0.1045,0.2763,0.7706,0.5086,0.2875,0.4621,0.7595,Anna Nagar,evening,apartment,large,0,0,1,2024-07-30,12.94,1
0.2048,0.3348,0.6518,0.9517,0.1299,0.4094,0.4619,Velachery,evening,independent,medium,0,0,2,2024-12-04,13.89,1
0.4063,0.5146,0.7933,0.82,0.2617,0.3277,0.1333,Adyar,evening,apartment,small,0,0,2,2024-01-17,35.8,1
0.1392,0.831,0.5704,0.592,0.4325,0.159,0.7857,Velachery,morning,apartment,large,0,0,0,2024-04-01,45.08,1
0.1718,0.2515,0.8294,0.2766,0.5687,0.2456,0.3766,Velachery,morning,independent,medium,0,0,2,2024-05-22,22.35,1
0.0577,0.5014,0.5258,0.6851,0.6048,0.4509,0.1937,Anna Nagar,afternoon,apartment,small,0,0,1,2024-06-11,23.02,1
0.1734,0.7144,0.6945,0.9769,0.5099,0.2036,0.2474,T Nagar,morning,independent,small,0,0,2,2024-09-18,24.84,1
0.0676,0.5407,0.7324,0.9705,0.6827,0.261,0.7181,Anna Nagar,morning,apartment,large,0,0,3,2024-08-08,11.69,1
0.3861,0.6417,0.4121,0.727,0.2271,0.5333,0.928,T Nagar,afternoon,independent,large,1,0,5,2024-05-25,65.85,0
0.0488,0.1331,0.6384,0.8468,0.4821,0.2185,0.815,Porur,morning,apartment,large,0,0,0,2024-10-21,4.54,1
0.4847,0.1634,0.7892,0.8214,0.2789,0.3874,0.2234,Velachery,evening,independent,small,0,0,1,2024-12-24,16.81,1
0.2429,0.6812,0.5723,0.3029,0.3008,0.5279,0.173,Anna Nagar,afternoon,apartment,small,0,0,0,2024-02-12,51.55,0
0.3796,0.4103,0.7689,0.7104,0.2459,0.5377,0.3018,Adyar,afternoon,apartment,small,0,0,1,2024-11-05,33.72,1
0.2553,0.4382,0.5618,0.3811,0.5187,0.3655,0.7817,Anna Nagar,afternoon,independent,large,0,0,0,2024-01-08,45.62,1
0.1641,0.2884,0.4661,0.7479,0.5098,0.4154,0.2091,T Nagar,evening,independent,small,1,0,5,2024-12-07,22.82,1
0.1216,0.3931,0.1057,0.3887,0.3407,0.2869,0.6043,Anna Nagar,morning,independent,medium,1,0,6,2024-12-01,43.71,1
0.7594,0.3032,0.7877,0.0918,0.6499,0.4726,0.2453,Adyar,afternoon,apartment,small,1,0,5,2024-02-24,68.79,0
0.313,0.2855,0.8904,0.7066,0.5629,0.5067,0.4857,Velachery,afternoon,apartment,medium,1,0,6,2024-08-25,21.57,1
0.1887,0.1305,0.6088,0.4135,0.3721,0.506,0.6067,Porur,afternoon,apartment,medium,1,0,6,2024-11-24,20.55,1
0.4057,0.4861,0.3276,0.793,0.6118,0.5381,0.8487,Velachery,afternoon,independent,large,1,0,5,2024-08-10,69.18,0
0.1718,0.5668,0.707,0.9551,0.294,0.3006,0.1776,T Nagar,morning,apartment,small,0,0,3,2024-05-16,15.46,1
0.2343,0.762,0.7334,0.5245,0.3817,0.4943,0.1925,T Nagar,afternoon,independent,small,1,0,6,2024-02-18,43.65,1
0.1456,0.4418,0.4306,0.8119,0.8001,0.3682,0.5278,Anna Nagar,evening,apartment,medium,0,0,2,2024-12-11,35.62,1
0.1762,0.6589,0.8399,0.6,0.8366,0.1453,0.2425,T Nagar,morning,apartment,small,0,0,0,2024-04-22,30.3,1
0.4279,0.6973,0.3782,0.3179,0.4307,0.3944,0.1662,Adyar,morning,apartment,small,1,1,6,2024-01-14,87.66,0
0.2312,0.7503,0.6999,0.8731,0.8347,0.4811,0.1966,T Nagar,afternoon,apartment,small,1,0,6,2024-04-07,43.25,1
0.0573,0.5397,0.5377,0.467,0.906,0.4614,0.8293,Anna Nagar,afternoon,apartment,large,0,0,1,2024-03-19,40.25,1
0.3614,0.7812,0.4087,0.9362,0.4976,0.1674,0.6308,Adyar,morning,apartment,medium,0,0,0,2024-12-02,69.07,0
0.6067,0.5663,0.6398,0.394,0.782,0.2786,0.1902,Velachery,morning,independent,small,0,0,2,2024-03-06,87.23,0
0.1605,0.2302,0.4626,0.6671,0.4408,0.2093,0.4498,Porur,morning,apartment,medium,0,0,3,2024-12-19,21.06,1
0.0435,0.3473,0.6633,0.6076,0.9832,0.3895,0.8085,Porur,evening,apartment,large,1,0,6,2024-01-28,23.99,1
0.8369,0.7097,0.6003,0.9397,0.2118,0.2369,0.4926,Velachery,morning,apartment,medium,0,0,3,2024-02-01,100.0,0
0.288,0.4884,0.4319,0.9074,0.1274,0.271,0.2264,Anna Nagar,evening,apartment,small,0,0,2,2024-10-16,29.49,1
0.1205,0.187,0.6948,0.6791,0.3717,0.3968,0.4784,Porur,evening,independent,medium,0,0,4,2024-06-21,8.81,1
0.1643,0.6927,0.4283,0.9844,0.3515,0.4562,0.5968,Anna Nagar,evening,apartment,medium,0,0,0,2024-09-16,35.3,1
0.3222,0.2386,0.2523,0.6891,0.4152,0.3724,0.8072,Velachery,morning,independent,large,0,0,2,2024-10-23,46.87,0
0.0481,0.398,0.7309,0.9095,0.6426,0.5432,0.7008,Velachery,afternoon,apartment,large,1,0,5,2024-09-21,13.61,1
0.194,0.4739,0.4627,0.8685,0.6406,0.4007,0.7312,Anna Nagar,evening,independent,large,0,0,1,2024-07-30,36.89,1
0.5851,0.4242,0.0754,0.7368,0.3219,0.2446,0.4679,Adyar,morning,independent,medium,1,0,5,2024-08-24,75.67,0
0.3894,0.7937,0.2838,0.8835,0.288,0.2048,0.1608,Velachery,morning,apartment,small,0,0,1,2024-12-31,73.41,0
0.2209,0.0924,0.6853,0.5662,0.4955,0.2096,0.3887,T Nagar,morning,independent,medium,0,0,2,2024-09-11,12.15,1
0.357,0.4833,0.7453,0.2419,0.413,0.4625,0.2417,Velachery,evening,apartment,small,0,0,4,2024-04-26,52.18,0
0.1992,0.7884,0.165,0.7419,0.1431,0.6015,0.4401,Porur,afternoon,apartment,medium,0,0,4,2024-01-05,57.02,0
0.1444,0.8745,0.3753,0.7575,0.8293,0.4649,0.1471,Velachery,afternoon,apartment,small,0,0,2,2024-09-04,59.28,0
0.0091,0.3502,0.7427,0.5039,0.5613,0.5279,0.2008,Anna Nagar,afternoon,apartment,small,1,0,5,2024-03-02,9.05,1
0.4198,0.802,0.7646,0.6307,0.1684,0.4818,0.2678,Velachery,afternoon,apartment,small,1,0,6,2024-10-27,65.8,0
0.0449,0.3233,0.9102,0.7311,0.872,0.4907,0.183,Anna Nagar,afternoon,apartment,small,1,0,6,2024-08-11,1.83,1
0.2334,0.0299,0.9074,0.7602,0.4338,0.2813,0.8838,Anna Nagar,morning,apartment,large,1,0,6,2024-06-23,0.0,1
0.115,0.4139,0.9212,0.2904,0.2386,0.2783,0.8138,Porur,morning,apartment,large,0,0,2,2024-12-18,15.74,1
0.2551,0.1986,0.5425,0.7456,0.6614,0.6177,0.2073,Anna Nagar,afternoon,independent,small,0,0,2,2024-11-06,26.22,1
0.2435,0.6877,0.5738,0.5804,0.7683,0.5183,0.2003,Anna Nagar,afternoon,apartment,small,0,0,1,2024-09-03,54.14,0
0.0261,0.2521,0.9465,0.7107,0.4352,0.2129,0.0982,Adyar,morning,apartment,small,0,0,1,2024-04-16,0.0,1
0.0975,0.7725,0.9295,0.434,0.527,0.1663,0.5013,Porur,morning,independent,medium,0,0,0,2024-12-23,21.85,1
0.0485,0.2415,0.8447,0.4391,0.5553,0.2911,0.2362,Porur,evening,apartment,small,1,0,5,2024-09-28,4.14,1
0.4374,0.4481,0.7707,0.786,0.2458,0.27,0.2244,Adyar,morning,independent,small,0,0,4,2024-11-29,34.96,1
0.5091,0.532,0.3135,0.5424,0.4176,0.2057,0.1995,Porur,morning,apartment,small,1,0,6,2024-06-30,71.35,0
0.2403,0.2675,0.4171,0.9219,0.3878,0.2605,0.5585,Velachery,morning,independent,medium,1,0,5,2024-07-27,25.09,1
0.4235,0.1032,0.6434,0.6703,0.2638,0.4586,0.1151,Porur,evening,independent,small,1,0,5,2024-12-28,13.47,1
0.0186,0.4181,0.7706,0.1331,0.3841,0.2299,0.2197,T Nagar,morning,independent,small,0,0,0,2024-10-28,15.93,1
0.016,0.1579,0.8528,0.5737,0.3395,0.2195,0.8401,Porur,morning,apartment,large,1,0,6,2024-07-14,0.0,1
0.0753,0.2553,0.6829,0.8099,0.0753,0.2274,0.1669,Anna Nagar,morning,independent,small,0,0,4,2024-12-06,0.0,1
0.5524,0.3698,0.9197,0.6876,0.7347,0.5942,0.8317,Adyar,afternoon,independent,large,0,0,0,2024-02-12,50.41,0
0.1977,0.6066,0.6255,0.5073,0.4727,0.5372,0.5382,T Nagar,afternoon,apartment,medium,0,0,3,2024-05-30,43.86,1
0.2569,0.1974,0.7608,0.79,0.3709,0.1669,0.223,Adyar,morning,apartment,small,1,0,5,2024-09-14,5.66,1
0.1117,0.8112,0.4274,0.5396,0.184,0.4829,0.2625,Velachery,afternoon,independent,small,0,0,0,2024-04-22,42.83,0
0.2267,0.5933,0.3268,0.8637,0.4044,0.2078,0.1165,Adyar,morning,independent,small,0,0,2,2024-01-03,42.0,1
0.0048,0.3094,0.7383,0.7801,0.4772,0.3133,0.2013,T Nagar,evening,apartment,small,0,0,2,2024-11-06,0.54,1
0.1849,0.3989,0.3764,0.277,0.6866,0.541,0.6582,Anna Nagar,afternoon,independent,medium,1,0,5,2024-03-16,52.05,0
0.1002,0.2803,0.6313,0.6539,0.5955,0.434,0.1867,Anna Nagar,evening,independent,small,1,0,5,2024-05-18,13.64,1
0.0359,0.3055,0.5363,0.5694,0.4801,0.5424,0.1632,Anna Nagar,afternoon,apartment,small,1,0,5,2024-06-29,15.62,1
0.4556,0.2212,0.8298,0.8212,0.1305,0.2348,0.5542,Velachery,morning,independent,medium,0,0,0,2024-12-09,16.78,1
0.0246,0.2575,0.5595,0.5068,0.134,0.1911,0.4711,Velachery,morning,independent,medium,0,0,2,2024-10-30,11.73,1
0.0937,0.1489,0.9481,0.9603,0.5841,0.2682,0.8291,T Nagar,morning,independent,large,0,0,2,2024-02-14,0.0,1
0.7628,0.6907,0.7781,0.4634,0.5411,0.1822,0.4633,T Nagar,morning,apartment,medium,0,0,0,2024-02-19,100.0,0
0.4176,0.3926,0.7223,0.5199,0.1303,0.3763,0.1498,Adyar,evening,independent,small,0,0,4,2024-02-16,36.53,1
0.0506,0.0379,0.5991,0.7039,0.3133,0.2541,0.5746,Anna Nagar,morning,apartment,medium,1,0,5,2024-12-28,0.05,1
0.1702,0.3289,0.8095,0.6026,0.0353,0.3356,0.8481,Porur,evening,independent,large,1,0,5,2024-09-07,9.16,1
0.441,0.5456,0.86,0.6019,0.5648,0.4075,0.7336,T Nagar,evening,independent,large,0,0,0,2024-03-18,53.59,0
0.5367,0.9769,0.9111,0.7425,0.5258,0.1967,0.4741,Velachery,morning,apartment,medium,0,0,3,2024-05-16,93.69,0
0.3536,0.6738,0.5717,0.4888,0.408,0.1117,0.1604,Velachery,morning,independent,small,1,0,6,2024-06-16,58.28,1
0.0959,0.4442,0.5568,0.7438,0.759,0.5945,0.5033,T Nagar,afternoon,apartment,medium,0,0,2,2024-07-24,31.21,1
0.6959,1.0,0.6364,0.5649,0.4262,0.5161,0.8209,Adyar,afternoon,apartment,large,0,0,1,2024-07-30,100.0,0
0.0539,0.3079,0.7797,0.5083,0.8377,0.5249,0.5109,Anna Nagar,afternoon,independent,medium,0,0,0,2024-01-08,18.3,1
0.4274,0.2761,0.9004,0.8817,0.512,0.0744,0.2022,Velachery,morning,apartment,small,1,0,5,2024-04-27,14.12,1
0.1674,0.1109,0.8722,0.8604,0.8548,0.326,0.1438,Anna Nagar,evening,apartment,small,0,0,2,2024-01-24,0.0,1
0.0865,0.9148,0.5401,0.7532,0.0668,0.5674,0.2385,Adyar,afternoon,independent,small,0,0,0,2024-10-14,30.12,1
0.0676,0.3881,0.7147,0.9022,0.3057,0.2628,0.759,Anna Nagar,morning,apartment,large,0,0,1,2024-04-30,3.78,1
0.0622,0.4433,0.5184,0.614,0.5603,0.1879,0.6488,Anna Nagar,morning,apartment,medium,0,0,2,2024-08-28,23.22,1
0.2465,0.5251,0.9293,0.8665,0.3524,0.2914,0.7069,Anna Nagar,evening,apartment,large,0,0,1,2024-12-31,17.25,1
0.0606,0.1751,0.7422,0.6968,0.4699,0.5815,0.5734,Anna Nagar,afternoon,apartment,medium,0,0,3,2024-10-10,7.28,1
0.0594,0.1114,0.6412,0.2252,0.289,0.4003,0.5004,Adyar,evening,apartment,medium,0,0,0,2024-10-07,18.42,0
0.0123,0.2527,0.8017,0.7481,0.0701,0.1849,0.7013,Anna Nagar,morning,independent,large,0,0,0,2024-08-19,0.0,1
0.434,1.0,0.6205,0.7099,0.4975,0.4926,0.5716,T Nagar,afternoon,apartment,medium,0,0,2,2024-07-24,94.5,0
0.5978,0.4915,0.7284,0.834,0.654,0.2047,0.5247,Velachery,morning,apartment,medium,0,0,2,2024-12-11,63.22,0
0.4257,0.9185,0.2353,0.7551,0.8213,0.2161,0.5228,Velachery,morning,independent,medium,0,0,3,2024-06-27,100.0,0
0.1555,0.737,0.6456,0.8855,0.5064,0.5865,0.6711,Anna Nagar,afternoon,apartment,medium,0,0,3,2024-05-30,34.79,1
0.0016,0.5589,0.6599,0.6564,0.5243,0.4053,0.1753,T Nagar,evening,independent,small,0,0,0,2024-04-22,13.28,1
0.1882,0.3349,0.9179,0.248,0.4081,0.419,0.206,Anna Nagar,afternoon,independent,small,1,0,5,2024-08-17,15.98,1
0.024,0.3108,0.5444,0.5795,0.2737,0.3002,0.3269,Porur,morning,independent,medium,0,0,0,2024-08-19,11.04,1
0.2856,0.8406,0.463,0.9631,0.8328,0.59,0.2167,Velachery,afternoon,apartment,small,1,0,5,2024-07-06,68.6,0
0.164,0.1689,0.0747,0.2505,0.4626,0.3642,0.2015,Adyar,evening,independent,small,0,0,1,2024-03-12,48.54,1
0.0341,0.3084,0.3413,0.5417,0.2422,0.39,0.4103,T Nagar,evening,independent,medium,0,0,4,2024-05-24,22.83,0
0.3338,0.3719,0.3247,0.7816,0.7687,0.4479,0.4442,Porur,evening,apartment,medium,0,0,3,2024-01-11,53.14,0
0.0315,0.1882,0.8701,0.9461,0.121,0.5803,0.3551,Velachery,afternoon,apartment,medium,0,0,3,2024-12-26,0.0,1
0.4009,1.0,0.8045,0.7421,0.899,0.5787,0.5578,Velachery,afternoon,apartment,medium,0,0,2,2024-02-28,90.82,0
0.3456,0.5778,0.5654,0.5902,0.7681,0.3639,0.2467,Velachery,evening,apartment,small,0,0,2,2024-12-25,61.83,0
0.5447,0.7366,0.3244,0.9011,0.3397,0.2183,0.7754,T Nagar,morning,apartment,large,0,0,4,2024-02-02,90.06,0
0.1779,0.5243,0.3996,0.7518,0.1206,0.2057,0.7919,Adyar,morning,apartment,large,0,0,1,2024-09-24,33.06,1
0.5028,0.5542,0.7331,0.8151,0.0997,0.102,0.8224,T Nagar,morning,independent,large,0,0,0,2024-05-06,49.13,1
0.2327,0.3165,0.7051,0.2923,0.3124,0.2663,0.5038,Adyar,morning,apartment,medium,0,0,4,2024-06-07,29.59,1
0.0873,0.1087,0.6791,0.1326,0.7171,0.2295,0.4704,Porur,morning,independent,medium,0,0,3,2024-03-21,23.05,1
0.1584,0.4748,0.7188,0.5874,0.6636,0.1112,0.2421,T Nagar,morning,independent,small,0,0,1,2024-01-02,23.57,1
0.6042,0.7039,0.9165,0.7524,0.542,0.2395,0.7839,Adyar,morning,apartment,large,0,0,0,2024-08-05,78.26,0
0.284,0.8237,0.1934,0.7667,0.2188,0.4346,0.166,Adyar,evening,apartment,small,0,0,3,2024-08-29,68.0,0
0.0569,0.0304,0.7058,0.5166,0.5039,0.2054,0.458,Anna Nagar,morning,apartment,medium,0,0,1,2024-08-27,3.94,1
0.0038,0.4865,0.7084,0.6425,0.3676,0.2899,0.802,Porur,morning,independent,large,1,0,5,2024-03-02,8.44,1
0.0178,0.3418,0.3993,0.2649,0.4451,0.3357,0.6463,T Nagar,morning,apartment,large,0,0,0,2024-12-23,32.7,1
0.6269,0.5456,0.6094,0.7208,0.401,0.5944,0.4733,Adyar,afternoon,apartment,medium,0,0,0,2024-05-13,78.39,0
0.3118,0.2797,0.8773,0.784,0.7925,0.6607,0.182,Anna Nagar,afternoon,apartment,small,0,0,0,2024-10-28,20.19,1
0.506,0.3119,0.2893,0.8062,0.3867,0.2545,0.4757,Anna Nagar,morning,independent,medium,0,0,2,2024-03-27,49.39,1
0.0964,0.5076,0.2984,0.4385,0.3934,0.2516,0.5207,T Nagar,evening,independent,medium,1,0,5,2024-02-10,38.1,0
0.2891,0.6126,0.8281,0.7611,0.6189,0.1791,0.1836,Adyar,morning,apartment,small,0,0,0,2024-03-11,34.73,1
0.1474,0.142,0.8422,0.3154,0.3574,0.279,0.7677,Anna Nagar,morning,apartment,large,0,0,0,2024-12-16,11.0,1
0.2734,0.8154,0.6662,0.5053,0.2662,0.281,0.845,T Nagar,morning,apartment,large,0,0,0,2024-02-26,56.99,0
0.067,0.1138,0.533,0.2428,0.3366,0.3434,0.2241,Anna Nagar,evening,apartment,small,0,0,0,2024-07-08,17.43,1
0.2777,0.4393,0.3677,0.6729,0.4234,0.2053,0.1662,Anna Nagar,morning,apartment,small,0,0,3,2024-03-28,39.32,1
0.0404,0.3816,0.8894,0.4707,0.4251,0.3163,0.4462,Anna Nagar,evening,apartment,medium,0,0,4,2024-04-26,5.25,1
0.0692,0.1623,0.4585,0.1119,0.458,0.5515,0.4758,Porur,afternoon,apartment,medium,0,0,0,2024-01-08,33.54,1
0.3522,0.2486,0.6555,0.6356,0.4076,0.2158,0.4857,T Nagar,morning,independent,medium,0,0,3,2024-10-17,25.94,1
0.1325,1.0,0.6772,0.7394,0.2985,0.5277,0.7306,Anna Nagar,afternoon,apartment,large,0,0,1,2024-08-13,39.71,1
0.2365,0.663,0.565,0.6981,0.3302,0.1858,0.5456,Anna Nagar,morning,apartment,medium,0,0,3,2024-05-23,39.27,1
0.041,0.4263,0.1622,0.4198,0.3911,0.1799,0.7989,T Nagar,morning,apartment,large,1,0,5,2024-08-24,38.46,1
0.6458,0.3136,0.8795,0.6019,0.733,0.4452,0.0851,Porur,evening,apartment,small,1,0,5,2024-01-06,43.02,1
0.1965,0.3502,0.8218,0.6821,0.2886,0.142,0.1839,Velachery,morning,apartment,small,0,0,1,2024-06-18,10.9,1
0.4183,0.9782,0.9307,0.7749,0.7369,0.3533,0.8731,T Nagar,morning,apartment,large,0,0,4,2024-02-09,79.39,0
0.2633,0.2008,0.5151,0.7413,0.3572,0.1505,0.1534,T Nagar,morning,independent,small,0,0,4,2024-01-05,16.94,1
0.2341,0.5265,0.1839,0.6962,0.4101,0.1304,0.5485,Porur,morning,independent,medium,0,0,0,2024-09-16,49.94,1
0.0223,0.112,0.7792,0.5021,0.0642,0.2091,0.0794,Porur,morning,independent,small,1,0,5,2024-06-22,0.0,1
0.1318,0.3603,0.4636,0.6159,0.768,0.2682,0.2587,T Nagar,morning,independent,small,0,0,4,2024-03-29,32.45,1
0.3223,0.2389,0.7011,0.5795,0.3872,0.5405,0.8165,T Nagar,afternoon,apartment,large,1,0,6,2024-06-30,28.1,1
0.0756,0.4058,0.3456,0.5555,0.4835,0.4712,0.3852,Porur,afternoon,independent,medium,0,0,1,2024-12-17,33.22,1
0.2494,0.3736,0.6758,0.6188,0.2989,0.4659,0.6768,Porur,evening,apartment,large,0,0,0,2024-09-16,28.32,1
0.1309,0.4616,0.73,0.4988,0.0801,0.6103,0.4935,T Nagar,afternoon,independent,medium,0,0,0,2024-10-28,21.16,1
0.3382,0.111,0.3822,0.4928,0.8321,0.438,0.1565,Velachery,afternoon,apartment,small,0,0,2,2024-05-15,43.76,0
0.5228,0.8088,0.9364,0.8441,0.1411,0.3109,0.782,Velachery,morning,independent,large,0,0,3,2024-02-01,71.33,0
0.1413,0.4598,0.8832,0.1896,0.2389,0.2589,0.7152,Velachery,morning,apartment,large,0,0,4,2024-04-05,26.14,1
0.4047,0.4159,0.8085,0.5917,0.424,0.4059,0.9321,Adyar,evening,independent,large,0,0,1,2024-03-19,43.76,1
0.6094,0.7506,0.3395,0.9894,0.4002,0.0966,0.6959,Velachery,morning,independent,large,0,0,3,2024-10-31,98.41,0
0.1539,0.3966,0.2589,0.8009,0.4061,0.2396,0.1544,Porur,morning,independent,small,0,0,0,2024-08-19,29.67,1
0.2554,0.3417,0.3932,0.4829,0.5875,0.3412,0.4202,Anna Nagar,evening,apartment,medium,0,0,3,2024-02-22,43.51,1
0.6205,0.7467,0.829,0.3547,0.7455,0.2293,0.48,Velachery,morning,apartment,medium,0,0,0,2024-12-23,100.0,0
0.6129,0.197,0.5288,0.7208,0.2116,0.2478,0.2102,Adyar,evening,independent,small,1,0,6,2024-04-21,32.43,1
0.5624,0.0463,0.7039,0.9751,0.4461,0.3697,0.5784,Velachery,evening,apartment,medium,1,0,5,2024-11-23,12.59,1
0.0152,0.1164,0.8501,0.6818,0.5735,0.6786,0.7788,Velachery,afternoon,apartment,large,1,0,5,2024-12-28,7.09,0
0.1195,0.1787,0.7913,0.8063,0.2733,0.4442,0.1622,Velachery,evening,independent,small,0,0,1,2024-02-20,1.38,1
0.0121,0.2628,0.4348,0.8236,0.476,0.1835,0.2223,Anna Nagar,morning,apartment,small,0,0,2,2024-11-06,8.57,1
0.322,0.5083,0.348,0.7096,0.2355,0.2049,0.77,Adyar,morning,apartment,large,0,0,0,2024-07-29,51.07,0
0.0775,0.8464,0.6141,0.9717,0.7681,0.4886,0.8331,Adyar,afternoon,apartment,large,0,0,1,2024-12-10,35.64,1
0.2072,0.2946,0.8028,0.7526,0.6292,0.5402,0.3851,Velachery,evening,apartment,medium,0,0,1,2024-10-29,20.71,1
0.0396,0.056,0.6332,0.7845,0.354,0.5483,0.1868,Porur,afternoon,apartment,small,1,0,6,2024-12-22,0.0,1
0.6141,0.3973,0.7494,0.4256,0.2504,0.5578,0.2365,Adyar,afternoon,independent,small,0,0,0,2024-06-10,58.55,0
0.4361,0.7495,0.5018,0.7485,0.2452,0.5956,0.6557,Anna Nagar,afternoon,independent,medium,0,0,2,2024-07-03,74.64,0
0.2481,0.827,0.8481,0.5287,0.3444,0.2497,0.1901,T Nagar,morning,apartment,small,0,0,4,2024-09-13,41.78,1
0.1016,0.5815,0.6524,0.3728,0.5601,0.1792,0.6067,Velachery,morning,apartment,medium,0,0,3,2024-03-07,35.14,1
0.1619,0.4224,0.797,0.1764,0.1093,0.3123,0.105,T Nagar,evening,independent,small,1,0,5,2024-02-17,19.21,1
0.4528,0.3562,0.816,0.4995,0.5476,0.1623,0.198,Adyar,morning,apartment,small,1,0,5,2024-12-21,35.64,1
0.6232,0.6759,0.4355,0.6352,0.633,0.5185,0.1887,Velachery,afternoon,independent,small,0,0,1,2024-07-23,100.0,0
0.2159,0.327,0.7164,0.6577,0.6933,0.6228,0.514,Velachery,afternoon,apartment,medium,0,0,0,2024-12-30,32.37,1
0.2254,0.681,0.8105,0.9419,0.5034,0.2867,0.5249,Velachery,morning,apartment,medium,0,0,2,2024-02-14,31.33,1
0.167,0.3081,0.7621,0.8763,0.6569,0.4423,0.2298,Adyar,evening,independent,small,0,0,0,2024-01-29,13.98,1
0.2823,0.2688,0.4648,0.9846,0.3888,0.3613,0.2361,Velachery,evening,independent,small,0,0,0,2024-03-18,24.68,1
0.3833,0.6234,0.3579,0.5014,0.6731,0.108,0.1155,Adyar,morning,apartment,small,0,0,3,2024-04-11,72.75,0
0.5543,0.4174,0.6462,0.6059,0.4591,0.4469,0.1893,Velachery,evening,apartment,small,1,0,5,2024-11-30,56.94,0
0.3878,0.1353,0.8532,0.9187,0.4316,0.4784,0.2149,Adyar,afternoon,apartment,small,0,0,2,2024-12-11,7.65,1
0.1228,0.6286,0.1627,0.7718,0.3667,0.4708,0.1892,Porur,afternoon,independent,small,0,0,1,2024-04-02,42.6,1
0.4498,0.4797,0.4049,0.8217,0.4799,0.1944,0.2206,Adyar,morning,apartment,small,0,0,0,2024-09-23,56.18,0
0.0059,0.2639,0.5656,0.5709,0.7009,0.4401,0.2002,Porur,evening,apartment,small,0,0,3,2024-04-11,17.57,1
0.7538,0.1573,0.3015,0.6939,0.5078,0.0842,0.8075,Porur,morning,apartment,large,0,0,1,2024-03-19,53.28,0
0.5157,0.3916,0.7476,0.6952,0.3605,0.4141,0.1906,Velachery,evening,independent,small,1,0,6,2024-11-24,42.9,1
0.4039,0.3017,0.7819,0.6491,0.434,0.4255,0.2456,Velachery,evening,independent,small,0,0,3,2024-08-01,31.19,1
0.57,0.1759,0.6252,0.3985,0.2978,0.1732,0.7489,Velachery,morning,apartment,large,0,0,4,2024-06-28,40.74,1
0.5421,0.3337,0.5034,0.5112,0.2499,0.4476,0.7241,T Nagar,evening,apartment,large,1,0,6,2024-08-18,54.1,0
0.1282,0.5339,0.6987,0.8715,0.6604,0.5654,0.4426,Velachery,afternoon,apartment,medium,1,0,5,2024-08-24,25.54,1
0.1583,0.5865,0.8384,0.7094,0.1081,0.506,0.7806,T Nagar,afternoon,independent,large,0,0,0,2024-04-29,20.52,1
0.2916,0.4944,0.4564,0.7856,0.5381,0.2586,0.7085,Anna Nagar,morning,independent,large,0,0,2,2024-08-14,44.69,1
0.2299,0.4625,0.6731,0.5936,0.36,0.2046,0.4888,Anna Nagar,morning,apartment,medium,0,0,3,2024-12-26,27.12,1
0.3918,0.4578,0.7944,0.7646,0.1465,0.5054,0.535,Adyar,afternoon,apartment,medium,0,0,2,2024-05-08,35.55,1
0.0177,0.1635,0.8731,0.7976,0.6577,0.1878,0.3958,Anna Nagar,morning,apartment,medium,0,0,1,2024-06-11,0.0,1
0.0636,0.1327,0.9396,0.7424,0.5297,0.2151,0.783,Porur,morning,independent,large,1,0,5,2024-02-17,0.0,1
0.5556,0.6513,0.4499,0.6876,0.6595,0.2401,0.5863,Porur,morning,independent,medium,0,0,3,2024-09-12,88.18,0
0.0319,0.4788,0.8188,0.6277,0.3862,0.4295,0.5164,Porur,afternoon,independent,medium,0,0,2,2024-04-17,8.26,1
0.3122,0.4884,0.2522,0.5547,0.6124,0.2278,0.1224,Adyar,morning,apartment,small,0,0,3,2024-04-18,60.61,0
0.2586,0.7733,0.4884,0.718,0.7366,0.2254,0.2794,T Nagar,morning,independent,small,0,0,3,2024-01-04,58.86,0
0.6636,0.5474,0.1871,0.8218,0.4585,0.2687,0.3629,Velachery,morning,independent,medium,0,0,0,2024-11-11,94.73,0
0.4688,0.242,0.5155,0.9123,0.8681,0.3614,0.2017,Anna Nagar,evening,apartment,small,1,0,5,2024-10-19,36.31,1
0.5454,0.6168,0.7367,0.3414,0.4701,0.2592,0.6151,Velachery,morning,apartment,medium,0,0,4,2024-07-26,80.37,0
0.0283,0.0676,0.2481,0.5581,0.4562,0.1974,0.1937,Porur,morning,independent,small,1,0,5,2024-06-01,18.43,1
0.1468,0.5317,0.5328,0.8414,0.3276,0.3645,0.2615,Anna Nagar,evening,independent,small,0,0,0,2024-10-28,21.91,1
0.3646,0.835,0.7411,0.7714,0.1436,0.4915,0.1463,Porur,afternoon,independent,small,0,0,0,2024-09-16,55.03,0
0.4417,0.4206,0.2672,0.9955,0.214,0.1976,0.1511,Adyar,morning,independent,small,0,0,1,2024-02-06,45.59,1
0.0746,0.6745,0.5752,0.7514,0.3201,0.4894,0.1571,Anna Nagar,afternoon,apartment,small,0,0,2,2024-07-17,20.29,1
0.3081,0.3382,0.6041,0.8878,0.1722,0.5252,0.7641,Anna Nagar,afternoon,independent,large,1,0,5,2024-02-17,23.07,1
0.3348,0.3844,0.8313,0.877,0.3751,0.3002,0.1185,Velachery,morning,apartment,small,1,0,6,2024-12-15,18.76,1
0.2587,0.6407,0.9413,0.8131,0.011,0.5368,0.1837,Adyar,afternoon,independent,small,1,0,6,2024-02-25,20.92,1
0.6074,0.986,0.7486,0.8877,0.1919,0.4903,0.216,T Nagar,afternoon,apartment,small,0,0,3,2024-12-05,100.0,0
0.3806,0.3013,0.6143,0.9224,0.3687,0.4581,0.731,Anna Nagar,afternoon,independent,large,1,0,5,2024-08-03,26.75,1
0.6162,0.4965,0.8962,0.6227,0.3476,0.3706,0.1788,Adyar,evening,apartment,small,0,0,1,2024-05-14,56.53,0
0.1019,0.5708,0.2996,0.8404,0.54,0.2108,0.7804,T Nagar,morning,apartment,large,1,0,5,2024-09-07,35.5,1
0.1942,0.4429,0.3068,0.2338,0.3956,0.1572,0.5648,T Nagar,morning,apartment,medium,1,0,5,2024-09-14,48.09,1
0.9329,0.3392,0.6004,0.4616,0.5719,0.2159,0.1984,Velachery,morning,apartment,small,0,0,0,2024-10-14,82.18,0
0.0156,0.2819,0.489,0.7446,0.1598,0.4047,0.4722,Anna Nagar,evening,apartment,medium,0,0,1,2024-05-14,7.36,1
0.3091,0.766,0.7866,0.6029,0.1936,0.4869,0.2016,T Nagar,afternoon,independent,small,0,0,1,2024-01-09,47.87,1
0.1266,0.4475,0.8459,0.4362,0.5213,0.5236,0.2302,Porur,afternoon,apartment,small,0,0,2,2024-04-03,20.21,1
0.3901,0.3171,0.4517,0.9264,0.1933,0.2862,0.2223,Velachery,evening,apartment,small,0,0,3,2024-12-19,31.26,1
0.0237,0.5275,0.4782,0.659,0.5006,0.3574,0.515,Adyar,evening,independent,medium,0,0,4,2024-02-09,25.63,1
0.1355,1.0,0.8791,0.5936,0.1454,0.466,0.8286,Velachery,afternoon,apartment,large,0,0,3,2024-04-18,37.83,0
0.2409,0.1509,0.463,0.5599,0.7998,0.4106,0.6007,Velachery,evening,apartment,medium,0,0,1,2024-10-22,39.17,1
0.2404,0.3022,0.5703,0.8783,0.1498,0.3602,0.4904,Anna Nagar,morning,apartment,medium,0,0,4,2024-06-14,15.02,1
0.0335,0.707,0.929,0.7548,0.7826,0.2535,0.2413,T Nagar,morning,apartment,small,0,0,0,2024-07-01,7.87,1
0.0432,0.622,0.7196,0.4866,0.5934,0.5365,0.5783,Anna Nagar,afternoon,apartment,medium,0,0,1,2024-11-12,25.03,1
0.5354,0.4204,0.1693,0.5109,0.3706,0.3652,0.2765,Velachery,evening,independent,small,0,0,2,2024-03-06,77.61,0
0.0689,0.689,0.1651,0.436,0.248,0.6128,0.4682,Porur,afternoon,apartment,medium,0,0,1,2024-10-22,47.97,1
0.0331,0.4431,0.9651,0.5959,0.6241,0.5778,0.3852,Anna Nagar,afternoon,independent,medium,1,0,6,2024-09-08,3.84,1
0.2043,0.8534,0.7726,0.5418,0.4634,0.5374,0.3313,T Nagar,afternoon,independent,medium,1,0,6,2024-09-15,45.09,1
0.0075,0.5136,0.7285,0.6711,0.1888,0.4627,0.4013,T Nagar,afternoon,independent,medium,1,0,6,2024-06-16,4.63,1
0.1065,0.5879,0.2561,0.6893,0.3684,0.5131,0.4325,Anna Nagar,afternoon,independent,medium,0,0,1,2024-08-06,39.39,1
0.0601,0.5445,0.7727,0.8769,0.3571,0.2715,0.3566,Porur,morning,apartment,medium,0,0,0,2024-10-28,4.22,1
0.2707,0.6436,0.9181,0.8374,0.6609,0.2113,0.7833,Adyar,morning,apartment,large,1,0,5,2024-05-04,32.69,1
0.0653,0.2136,0.8883,0.5274,0.6739,0.2644,0.7869,Anna Nagar,morning,independent,large,1,0,6,2024-06-16,5.23,1
0.3537,0.2274,0.3013,0.8657,0.6167,0.3023,0.7073,Velachery,morning,apartment,large,1,0,6,2024-11-03,42.46,1
0.2658,0.4538,0.8519,0.5861,0.4506,0.3054,0.7401,Anna Nagar,evening,independent,large,1,0,6,2024-12-01,25.56,1
0.3949,0.4467,0.5013,0.7867,0.7203,0.2168,0.4729,Anna Nagar,morning,apartment,medium,0,0,1,2024-10-29,49.8,1
0.2122,1.0,0.7114,0.9824,0.5179,0.5522,0.3846,Anna Nagar,afternoon,independent,medium,0,0,2,2024-07-17,46.28,1
0.4064,0.2044,0.3424,0.4854,0.5858,0.1696,0.5131,Velachery,morning,apartment,medium,0,0,1,2024-12-17,48.99,1
0.2529,0.4552,0.594,0.2162,0.6465,0.3593,0.144,Anna Nagar,afternoon,apartment,small,1,0,5,2024-05-25,44.38,1
0.4876,0.2558,0.5691,0.9105,0.2584,0.5312,0.168,Anna Nagar,afternoon,apartment,small,0,0,3,2024-09-19,27.94,0
0.1933,0.5114,0.9418,0.4614,0.3992,0.1511,0.7044,Porur,morning,apartment,large,0,0,3,2024-04-25,20.88,1
0.1259,0.474,0.7789,0.7241,0.585,0.5666,0.6723,Adyar,afternoon,independent,medium,0,0,2,2024-09-18,24.34,1
0.4269,0.5404,0.3133,0.1997,0.5583,0.1547,0.2081,T Nagar,morning,apartment,small,0,0,4,2024-09-20,78.08,1
0.0398,0.0786,0.6586,0.9165,0.3444,0.3602,0.519,Anna Nagar,evening,apartment,medium,1,0,6,2024-05-12,0.0,1
0.1205,0.5856,0.5258,0.7187,0.1678,0.2209,0.7178,Adyar,morning,independent,large,0,0,2,2024-01-31,26.36,1
0.4542,0.869,0.2964,0.6704,0.7789,0.5614,0.1235,T Nagar,afternoon,apartment,small,0,0,1,2024-07-30,100.0,0
0.0139,0.6518,0.5398,0.5319,0.4802,0.2289,0.2067,T Nagar,morning,apartment,small,1,0,6,2024-09-08,19.85,1
0.2807,0.6321,0.3748,0.8359,1.0,0.2781,0.2383,T Nagar,morning,apartment,small,0,0,3,2024-01-11,62.27,0
0.0924,0.829,0.8486,0.714,0.621,0.4357,0.4925,Anna Nagar,afternoon,independent,medium,0,0,0,2024-11-18,23.63,1
0.1728,0.952,0.6107,0.5662,0.2231,0.2257,0.8605,Velachery,morning,independent,medium,0,0,3,2024-08-22,51.2,0
0.0259,0.7149,0.3403,0.5651,0.1658,0.4624,0.4967,T Nagar,afternoon,apartment,medium,0,0,0,2024-06-10,30.56,1
0.2123,0.3266,0.4224,0.7914,0.5277,0.1258,0.4516,Velachery,morning,independent,medium,0,0,0,2024-04-15,31.39,1
0.0687,0.1573,0.8236,0.988,0.2755,0.3481,0.4854,Porur,evening,independent,medium,0,0,3,2024-02-08,0.0,1
0.1783,0.5744,0.8493,0.6413,0.6545,0.2293,0.1643,Porur,evening,independent,small,0,0,1,2024-06-04,22.2,1
0.0514,0.4406,0.6667,0.7615,0.168,0.5664,0.353,Porur,afternoon,apartment,medium,0,0,3,2024-04-25,8.57,1
0.2717,0.6074,0.8383,0.7125,0.5646,0.2016,0.2004,T Nagar,morning,apartment,small,1,0,5,2024-01-13,29.76,1
0.5709,0.7782,0.9115,0.4107,0.5959,0.1302,0.2888,Adyar,morning,independent,small,0,0,4,2024-04-12,85.46,1
0.1543,0.4737,0.1076,0.6529,0.0488,0.049,0.2243,Anna Nagar,morning,independent,small,0,0,4,2024-03-29,30.62,1
0.1235,0.3641,0.6523,0.7738,0.2933,0.2587,0.6181,Porur,morning,independent,medium,0,0,1,2024-10-22,12.38,1
0.5809,0.3834,0.6743,0.7571,0.483,0.1971,0.5286,Velachery,morning,apartment,medium,0,0,1,2024-12-31,52.39,0
0.0338,0.7542,0.4872,0.9033,0.6002,0.4855,0.208,Adyar,afternoon,independent,small,1,0,5,2024-11-30,24.72,1
0.005,0.2828,0.6788,0.7554,0.3381,0.1698,0.834,T Nagar,morning,independent,large,0,0,2,2024-06-19,3.93,1
0.0777,0.7008,0.7166,0.6891,0.5153,0.4967,0.2556,Adyar,afternoon,apartment,small,0,0,3,2024-06-06,24.71,1
0.0521,0.4716,0.7548,0.8014,0.2256,0.509,0.4297,Adyar,afternoon,apartment,medium,0,0,0,2024-05-13,8.1,1
0.4316,0.4031,0.8794,0.847,0.1842,0.2631,0.379,Adyar,morning,apartment,medium,1,0,5,2024-06-15,23.58,1
0.03,1.0,0.5937,0.9745,0.7748,0.5542,0.4029,Adyar,afternoon,apartment,medium,0,0,2,2024-01-31,30.89,1
0.0084,0.2145,0.7903,0.5828,0.1537,0.3289,0.201,Adyar,evening,independent,small,0,0,2,2024-02-14,0.0,1
0.2807,0.1016,0.7272,0.9877,0.3255,0.1055,0.7574,Porur,morning,apartment,large,1,0,5,2024-12-14,0.0,1
0.0135,0.8343,0.3927,0.5325,0.1553,0.2248,0.5112,T Nagar,morning,apartment,medium,0,0,1,2024-01-09,26.89,1
0.372,0.4163,0.9861,0.8732,0.7509,0.113,0.7935,Anna Nagar,morning,independent,large,0,0,2,2024-03-20,22.86,1
0.559,0.2945,0.9506,0.8386,0.2109,0.4596,0.5262,Adyar,afternoon,apartment,medium,1,0,6,2024-12-08,24.93,1
0.6773,0.4983,0.699,0.9513,0.225,0.1485,0.1471,Adyar,morning,independent,small,0,0,2,2024-06-19,56.68,0
0.052,0.0777,0.1568,0.8278,0.1857,0.4786,0.2077,Anna Nagar,evening,apartment,small,0,0,1,2024-09-10,14.64,1
0.5582,0.9073,0.7717,0.456,0.3467,0.1793,0.5274,Velachery,morning,independent,medium,0,0,3,2024-06-27,100.0,0
0.262,0.4108,0.6713,0.6319,0.3151,0.1432,0.4341,Anna Nagar,morning,independent,medium,0,0,0,2024-05-06,24.11,1
0.0211,0.182,0.7435,0.925,0.0961,0.4659,0.3361,Porur,evening,independent,small,1,0,6,2024-11-24,0.0,1
0.0264,0.5343,0.3505,0.9687,0.5943,0.524,0.418,T Nagar,afternoon,apartment,medium,0,0,1,2024-12-17,26.03,1
0.5506,0.6007,0.8981,0.8309,0.4066,0.4979,0.5091,Velachery,afternoon,independent,medium,1,0,6,2024-01-07,59.89,0
0.041,0.6546,0.4533,0.7673,0.6907,0.4009,0.869,T Nagar,afternoon,independent,large,0,0,0,2024-08-12,34.79,1
0.3619,1.0,0.8842,0.7833,0.5385,0.5127,0.3628,Adyar,afternoon,apartment,medium,0,0,1,2024-04-16,70.36,0
0.1519,0.5361,0.6591,0.5085,0.5386,0.5914,0.3032,Velachery,afternoon,independent,small,0,0,0,2024-01-01,37.57,0
0.0386,0.1321,0.8774,0.3972,0.78,0.2289,0.8127,Anna Nagar,morning,independent,large,0,0,0,2024-06-24,8.85,1
0.0172,0.4498,0.8216,0.7292,0.2059,0.5058,0.1831,Anna Nagar,afternoon,independent,small,0,0,0,2024-08-19,0.0,1
0.3353,0.4923,0.2915,0.4959,0.2247,0.4149,0.1461,Porur,afternoon,independent,small,0,0,3,2024-05-02,54.07,0
0.1965,0.0405,0.8323,0.8735,0.0944,0.5378,0.7732,Porur,afternoon,independent,large,0,0,0,2024-05-13,0.0,1
0.1474,0.4765,0.3931,0.9161,0.2386,0.3596,0.2427,Porur,evening,independent,small,0,0,3,2024-11-21,22.43,1
0.1259,0.8406,0.7295,0.9224,0.4721,0.5444,0.2807,Adyar,afternoon,apartment,small,0,0,2,2024-12-25,29.07,1
0.3615,0.3281,0.9772,0.6304,0.3007,0.3142,0.411,Porur,morning,independent,medium,1,0,5,2024-10-12,15.0,1
0.3982,0.2427,0.918,0.7992,0.6807,0.4986,0.6667,Adyar,evening,apartment,medium,0,0,1,2024-03-12,23.76,1
0.0218,0.4571,0.4891,0.3299,0.573,0.3749,0.4555,Anna Nagar,evening,apartment,medium,0,0,0,2024-05-06,29.77,1
0.0838,0.5987,0.4066,0.3258,0.3787,0.4182,0.1767,Porur,afternoon,independent,small,1,0,6,2024-05-26,36.17,1
0.1378,0.2202,0.7751,0.4186,0.0432,0.4942,0.1882,Adyar,evening,independent,small,0,0,0,2024-03-11,9.8,1
0.2151,0.1898,0.8654,0.6226,0.5821,0.5525,0.2381,Adyar,afternoon,independent,small,0,0,4,2024-05-03,13.54,1
0.6896,0.4219,0.9823,0.6403,0.2378,0.2841,0.1894,Velachery,morning,apartment,small,0,0,2,2024-12-25,49.55,1
0.2978,0.3826,0.5476,0.7704,0.6652,0.3638,0.5622,Porur,evening,apartment,medium,0,0,0,2024-08-26,38.74,1
0.2391,0.6106,0.9281,0.563,0.0464,0.2136,0.5519,Adyar,morning,independent,medium,1,0,5,2024-06-29,23.09,1
0.3151,0.0365,0.7869,0.9686,0.5314,0.2419,0.2024,Porur,morning,apartment,small,0,0,4,2024-09-27,0.0,1
0.731,0.6092,0.3398,0.6865,0.1389,0.1843,0.1593,Velachery,morning,independent,small,0,0,4,2024-06-14,95.41,0
0.1187,0.6133,0.6711,0.5291,0.3306,0.3192,0.3915,Velachery,evening,apartment,medium,1,0,5,2024-10-26,27.42,1
0.2678,0.828,0.6799,0.6621,0.7846,0.6495,0.717,Porur,afternoon,apartment,large,0,0,0,2024-09-16,64.86,1
0.1799,0.7487,0.2733,0.6775,0.4573,0.2407,0.3881,Porur,morning,apartment,medium,0,0,2,2024-05-22,52.32,0
0.3105,0.4498,0.9596,0.8488,0.6106,0.6089,0.8109,Anna Nagar,afternoon,independent,large,1,0,6,2024-10-20,24.95,1
0.6522,0.5313,0.8108,0.3592,0.104,0.1609,0.452,Adyar,morning,apartment,medium,1,0,5,2024-04-13,67.21,0
0.3437,0.1659,0.5402,0.6769,0.3524,0.6141,0.144,Porur,afternoon,apartment,small,0,0,0,2024-12-02,24.51,0
0.2721,0.7528,0.9069,0.3327,0.3397,0.5622,0.1806,Adyar,afternoon,apartment,small,0,0,4,2024-04-05,48.9,1
0.3132,0.5823,0.7071,0.8591,0.2362,0.4188,0.5977,Velachery,evening,apartment,medium,0,0,2,2024-06-19,39.69,1
0.2045,0.0797,0.6068,0.7606,0.1963,0.4636,0.3537,Porur,afternoon,apartment,small,1,0,5,2024-04-13,4.27,1
0.0007,0.1309,0.8167,0.5644,0.4431,0.6233,0.1751,Anna Nagar,afternoon,apartment,small,1,0,6,2024-06-02,0.0,1
0.5669,0.4927,0.7536,0.7781,0.2479,0.2801,0.1301,Anna Nagar,morning,independent,small,1,0,6,2024-12-22,45.36,1
0.0316,0.8579,0.3139,0.8397,0.3471,0.1794,0.5336,Velachery,morning,independent,medium,0,0,2,2024-02-07,31.94,1
0.3053,0.1845,0.4412,0.7104,0.2879,0.3629,0.313,Anna Nagar,evening,apartment,small,1,0,6,2024-06-16,20.98,1
0.2809,0.5065,0.6877,0.5492,0.8028,0.4765,0.4886,Adyar,afternoon,apartment,medium,0,0,3,2024-04-25,49.31,1
0.5184,0.3855,1.0,0.8164,0.6457,0.5539,0.312,Adyar,afternoon,apartment,small,1,0,6,2024-06-02,34.54,1
0.7031,0.3551,0.7568,0.3314,0.2878,0.2342,0.1406,Velachery,morning,independent,small,1,0,5,2024-06-29,57.63,0
0.0114,0.4278,0.4316,0.6153,0.2617,0.3475,0.3212,T Nagar,evening,apartment,medium,0,0,3,2024-01-04,17.4,1
0.0001,0.2052,0.5899,0.8663,0.2083,0.4709,0.2788,Anna Nagar,afternoon,independent,small,0,0,3,2024-02-01,0.0,1
0.32,0.7363,0.3381,0.6262,0.3462,0.2067,0.1912,T Nagar,morning,independent,small,1,0,5,2024-11-30,62.07,0
0.0496,0.5072,0.5666,0.8389,0.7169,0.5285,0.4522,Porur,evening,apartment,medium,0,0,1,2024-09-10,23.04,1
0.0197,0.4189,0.9836,0.6124,0.0223,0.388,0.2081,Velachery,evening,independent,small,1,0,6,2024-12-15,0.0,1
0.0059,0.5391,0.8652,0.853,0.181,0.4998,0.5532,Adyar,afternoon,apartment,medium,0,0,0,2024-08-26,0.0,1
0.2056,0.4889,0.3208,0.956,0.645,0.2687,0.17,Anna Nagar,morning,apartment,small,1,0,6,2024-03-10,34.71,1
0.6921,0.3259,0.5181,0.54,0.7406,0.1441,0.1496,Adyar,morning,independent,small,1,0,5,2024-03-09,64.59,0
0.1692,0.7741,0.476,0.0962,0.1947,0.3513,0.7072,Anna Nagar,morning,apartment,large,0,0,0,2024-01-22,55.68,0
0.3859,0.4668,0.1547,0.7459,0.1473,0.5191,0.3369,Velachery,afternoon,apartment,medium,1,0,6,2024-12-29,58.82,0
0.172,0.2851,0.6159,0.4344,0.3841,0.4953,0.2431,Velachery,afternoon,apartment,small,0,0,3,2024-01-25,28.06,1
0.2361,0.17,0.4877,0.9458,0.3116,0.1394,0.1951,Anna Nagar,morning,independent,small,1,0,5,2024-05-04,5.65,1
0.068,0.5212,0.3573,0.6627,0.7981,0.1735,0.6011,Anna Nagar,morning,independent,medium,0,0,3,2024-11-14,36.45,1
0.1444,0.6039,0.6026,0.6319,0.7675,0.3302,0.4301,Adyar,evening,apartment,medium,0,0,3,2024-02-01,39.28,1
0.8159,1.0,0.5546,0.8799,0.4757,0.5074,0.1879,Velachery,afternoon,independent,small,0,0,0,2024-09-16,100.0,0
0.2374,0.5795,0.611,0.3785,0.8269,0.5195,0.476,T Nagar,afternoon,apartment,medium,0,0,3,2024-07-11,56.47,0
0.0505,0.2649,0.7593,0.8328,0.8135,0.2639,0.1566,Anna Nagar,morning,apartment,small,0,0,0,2024-05-06,3.0,1
0.4743,0.2295,0.252,0.75,0.058,0.389,0.4822,Adyar,evening,independent,medium,1,0,5,2024-01-27,38.88,1
0.5256,0.5565,0.7036,0.7469,0.3184,0.1588,0.5867,Porur,morning,apartment,medium,0,0,0,2024-05-27,56.2,0
0.0092,0.6484,0.8288,0.737,0.3637,0.4762,0.5447,Anna Nagar,afternoon,independent,medium,0,0,1,2024-04-30,6.0,1
0.0091,0.2039,0.456,0.9695,0.186,0.4574,0.3122,Porur,afternoon,apartment,small,1,0,6,2024-12-01,0.14,1
0.5429,0.7101,0.8579,0.6591,0.376,0.4877,0.1689,Adyar,afternoon,apartment,small,0,0,3,2024-09-19,72.22,0
0.1513,0.5339,0.7774,0.9316,0.264,0.3644,0.193,Porur,evening,apartment,small,0,0,4,2024-05-31,9.46,1
0.3873,0.1575,0.9082,0.4248,0.54,0.5207,0.784,Velachery,afternoon,apartment,large,0,0,1,2024-01-02,27.44,1
0.7134,0.4274,0.9472,0.5834,0.2175,0.5335,0.1378,Velachery,afternoon,apartment,small,0,0,2,2024-04-03,57.61,0
0.3934,0.2355,0.5717,0.6746,0.0844,0.158,0.5385,Anna Nagar,morning,independent,medium,1,0,5,2024-12-14,19.58,1
0.4403,0.3761,0.7431,0.5346,0.4001,0.6138,0.4901,Velachery,afternoon,apartment,medium,0,0,2,2024-04-24,47.83,1
0.2134,0.2629,0.8013,0.4994,0.4456,0.5547,0.9078,Porur,afternoon,independent,large,0,0,2,2024-04-24,23.84,1
0.2179,0.2257,0.7673,0.7556,0.2061,0.3662,0.4038,Porur,evening,independent,medium,0,0,4,2024-12-27,6.64,0
0.5423,0.4678,0.7598,0.2895,0.584,0.1786,0.1891,Velachery,morning,independent,small,1,0,6,2024-02-04,62.15,0
0.0474,0.076,0.2201,0.6096,0.3967,0.43,0.2022,Anna Nagar,evening,apartment,small,1,0,5,2024-07-13,20.04,1
0.7629,0.5954,0.6949,0.6571,0.5824,0.4427,0.4779,Adyar,evening,independent,medium,0,0,4,2024-02-16,96.9,0
0.1358,0.606,0.7653,0.8887,0.5004,0.1878,0.819,T Nagar,morning,apartment,large,0,0,1,2024-05-14,19.78,1
0.1145,0.1486,0.7277,0.8354,0.3663,0.4896,0.8036,Anna Nagar,afternoon,independent,large,0,0,2,2024-08-28,4.88,1
0.7028,1.0,0.6161,0.587,0.8165,0.4595,0.3775,Adyar,afternoon,apartment,medium,0,0,4,2024-07-19,100.0,0
0.3742,0.4058,0.7047,0.7709,0.3828,0.6291,0.1939,Anna Nagar,afternoon,independent,small,0,0,4,2024-05-03,33.62,1
0.0157,0.5253,0.6175,0.9262,0.6413,0.5289,0.4179,Porur,afternoon,apartment,medium,1,0,6,2024-01-28,12.24,1
0.4,0.9566,0.5778,0.7142,0.5646,0.5555,0.6965,Adyar,afternoon,apartment,medium,0,0,4,2024-09-06,92.2,0
0.1357,0.3033,0.7095,0.318,0.5057,0.2728,0.1435,Anna Nagar,morning,apartment,small,1,0,6,2024-01-28,17.44,1
0.2228,0.2902,0.3928,0.7729,0.2232,0.1728,0.1888,Porur,morning,apartment,small,1,0,5,2024-07-06,18.43,1
0.7766,0.2422,0.5439,0.4232,0.6035,0.4849,0.4769,Adyar,afternoon,independent,medium,0,0,1,2024-08-13,68.02,0
0.126,0.17,0.6546,0.7774,0.5614,0.0992,0.4926,Porur,morning,apartment,medium,1,0,6,2024-07-14,5.41,1
0.0121,0.5723,0.5357,0.8582,0.4939,0.4447,0.7848,Adyar,afternoon,independent,large,0,0,3,2024-05-02,21.22,1
0.0143,0.3699,0.7291,0.9477,0.5051,0.4344,0.5896,Porur,afternoon,independent,medium,0,0,0,2024-12-23,2.97,1
0.2801,0.5556,0.6435,0.9614,0.6443,0.4359,0.2227,Porur,afternoon,independent,small,1,0,6,2024-02-18,34.03,1
0.266,0.7886,0.7978,0.6901,0.839,0.4895,0.2127,Velachery,evening,independent,small,0,0,2,2024-05-22,54.44,0
0.5896,0.6889,0.3559,0.5545,0.5035,0.2529,0.5591,Adyar,evening,independent,medium,0,0,1,2024-09-10,100.0,0
0.283,0.341,0.6377,0.7901,0.8066,0.4821,0.1567,Velachery,evening,apartment,small,0,0,3,2024-10-31,35.24,1
0.2881,0.6625,0.2817,0.9131,0.0631,0.5365,0.1974,Adyar,afternoon,independent,small,1,0,5,2024-06-15,48.32,1
0.3249,0.8924,0.7257,0.8624,0.2949,0.0165,0.249,T Nagar,morning,independent,small,0,0,2,2024-09-25,49.4,1
0.1262,0.9278,0.324,0.8929,0.1528,0.4922,0.1902,Velachery,afternoon,apartment,small,0,0,2,2024-12-18,42.9,1
0.1839,1.0,0.2374,0.758,0.3362,0.4404,0.1861,T Nagar,afternoon,apartment,small,0,0,2,2024-09-18,62.28,0
0.1867,0.4505,0.8986,0.5439,0.2781,0.574,0.8942,Porur,afternoon,independent,large,0,0,4,2024-01-12,22.86,1
0.505,0.3413,0.4973,0.3782,0.32,0.3836,0.8515,Adyar,evening,apartment,large,0,0,2,2024-08-21,60.58,1
0.3436,0.3336,0.8015,0.4787,0.4856,0.1841,0.5213,Porur,morning,apartment,medium,0,0,2,2024-10-02,29.01,1
0.7383,0.4553,0.7579,0.8116,0.4094,0.353,0.1953,Velachery,morning,independent,small,0,0,1,2024-06-18,65.93,0
0.0253,0.3387,0.7366,0.7452,0.764,0.4632,0.2081,T Nagar,afternoon,apartment,small,0,0,2,2024-09-11,10.49,1
0.7378,0.6405,0.3854,0.6518,0.0434,0.312,0.133,Adyar,morning,independent,small,0,0,3,2024-01-18,97.03,0
0.3566,0.2275,0.8616,0.2139,0.8808,0.3812,0.1798,Porur,evening,apartment,small,0,0,0,2024-06-17,32.88,1
0.5305,0.5624,0.7977,0.9345,0.4847,0.2373,0.5524,Adyar,morning,independent,medium,0,0,0,2024-12-02,54.48,0
0.4413,0.3001,0.3592,0.8139,0.3517,0.5011,0.4524,T Nagar,afternoon,apartment,medium,0,0,4,2024-01-19,45.35,1
0.0165,0.484,0.5519,0.6174,0.4484,0.5248,0.2145,Anna Nagar,afternoon,apartment,small,0,0,3,2024-04-11,17.52,1
0.3261,0.1914,0.6023,0.5433,0.3808,0.4932,0.298,Porur,afternoon,independent,small,0,0,4,2024-03-29,26.24,1
0.0075,0.2901,0.9027,0.7074,0.3265,0.288,0.3602,Anna Nagar,morning,apartment,medium,0,0,2,2024-03-13,0.0,1
0.4307,0.3822,0.6299,0.7869,0.3246,0.4996,0.2261,Velachery,afternoon,apartment,small,0,0,4,2024-04-26,40.89,1
0.3251,0.6771,0.6796,0.7001,0.4726,0.4803,0.2532,T Nagar,afternoon,apartment,small,0,0,3,2024-12-05,51.45,0
0.0822,0.2278,0.5982,0.7358,0.4148,0.1468,0.1823,Porur,morning,independent,small,1,0,6,2024-01-07,3.93,1
0.1683,0.1633,0.3643,0.5897,0.374,0.0787,0.7967,Porur,morning,independent,large,0,0,4,2024-06-14,24.4,1
0.076,0.2723,0.3601,0.7526,0.4466,0.4894,0.1609,Adyar,afternoon,independent,small,1,0,6,2024-04-28,21.93,1
0.701,0.3799,0.2888,0.6397,0.2064,0.2052,0.7938,Velachery,morning,independent,large,0,0,4,2024-11-29,76.32,0
0.4712,0.2831,0.8263,0.9504,0.8415,0.3197,0.6147,Anna Nagar,evening,independent,medium,0,0,1,2024-12-24,28.1,1
0.5938,1.0,0.5125,0.7013,0.4829,0.546,0.5493,Velachery,afternoon,apartment,medium,0,0,1,2024-11-19,100.0,0
0.4926,0.1114,0.3456,0.6869,0.3408,0.5794,0.5761,Porur,afternoon,apartment,medium,0,0,3,2024-05-30,37.17,1
0.3539,0.2441,0.85,0.8069,0.622,0.2725,0.1955,T Nagar,morning,apartment,small,0,0,1,2024-10-29,15.07,1
0.3437,0.5155,0.4772,0.8584,0.4118,0.5788,0.1036,Anna Nagar,afternoon,independent,small,0,0,4,2024-05-03,44.83,1
0.1182,0.4065,0.4497,0.9836,0.4487,0.1978,0.1547,Adyar,morning,apartment,small,0,0,2,2024-07-03,17.31,1
0.2675,0.0646,0.8137,0.8359,0.0925,0.1221,0.4957,Velachery,morning,independent,medium,1,0,6,2024-11-24,0.0,1
0.1516,0.5283,0.4205,0.5293,0.4993,0.3648,0.0983,Porur,evening,independent,small,0,0,2,2024-07-31,37.89,1
0.0411,0.6902,0.0615,0.6806,0.3383,0.2798,0.5433,T Nagar,evening,apartment,medium,0,0,4,2024-08-02,42.13,0
0.2009,0.4567,0.2927,0.6679,0.7249,0.2764,0.8427,Anna Nagar,morning,independent,large,1,0,5,2024-05-11,48.76,1
0.0453,0.2536,0.7031,0.4851,0.2343,0.4655,0.7809,T Nagar,evening,apartment,large,1,0,6,2024-10-06,11.39,0
0.7316,0.0728,0.4991,0.8323,0.6902,0.3685,0.2093,Anna Nagar,evening,apartment,small,1,0,6,2024-10-20,30.3,1
0.1839,0.1495,0.402,0.7592,0.222,0.5752,0.4461,Adyar,afternoon,independent,medium,0,0,2,2024-08-21,21.56,1
0.1528,0.6741,0.6011,0.7181,0.1635,0.624,0.5213,T Nagar,afternoon,independent,medium,1,0,5,2024-09-07,30.86,1
0.1064,0.6336,0.659,0.9323,0.4975,0.3688,0.7472,T Nagar,afternoon,apartment,large,0,0,4,2024-02-09,22.92,1
0.2186,0.5262,0.5946,0.506,0.7669,0.4106,0.1726,Anna Nagar,evening,apartment,small,0,0,3,2024-01-04,42.66,1
0.2866,0.5895,0.5705,0.7591,0.2322,0.5451,0.6795,Porur,afternoon,apartment,large,0,0,4,2024-04-05,43.98,1
0.2599,0.858,0.5351,0.7878,0.24,0.383,0.8552,Velachery,evening,independent,large,0,0,0,2024-05-27,59.31,1
0.3667,0.5062,0.3665,0.8781,0.2805,0.3674,0.1719,Velachery,evening,independent,small,1,0,5,2024-07-06,47.96,1
0.8046,0.463,0.8655,0.6521,0.5924,0.2627,0.3159,Velachery,morning,apartment,small,0,0,1,2024-04-30,74.6,0
0.1708,0.983,0.5933,0.703,0.4906,0.2843,0.8238,Velachery,morning,independent,large,0,0,2,2024-02-14,55.07,0
0.186,0.7192,0.1497,0.7762,0.1759,0.2144,0.1742,T Nagar,morning,independent,small,1,0,5,2024-09-21,44.49,1
0.2109,0.9554,0.9754,0.6356,0.4876,0.499,0.6792,Adyar,afternoon,independent,large,0,0,2,2024-11-06,45.65,1
0.231,0.8967,0.1136,0.5231,0.2902,0.5334,0.5329,T Nagar,afternoon,apartment,medium,0,0,3,2024-04-04,78.5,1
0.0127,0.6609,0.5772,0.7414,0.0739,0.4133,0.4511,T Nagar,evening,independent,medium,0,0,2,2024-02-21,11.5,1
0.3515,0.8791,0.6136,0.612,0.2475,0.2312,0.2989,Velachery,morning,apartment,medium,0,0,4,2024-09-27,68.31,0
0.1798,0.5733,0.8357,0.8815,0.3561,0.4,0.569,T Nagar,evening,independent,medium,0,0,2,2024-04-10,18.72,1
0.4624,0.2921,0.481,0.839,0.2852,0.4082,0.5031,Adyar,evening,independent,medium,1,0,6,2024-06-23,37.72,1
0.3958,0.4835,0.4918,0.7345,0.3159,0.2916,0.2972,Adyar,morning,apartment,small,1,0,6,2024-03-31,46.9,1
0.1074,0.8286,0.1876,0.7566,0.6487,0.4957,0.223,Velachery,afternoon,apartment,small,0,0,1,2024-03-19,58.07,0
0.618,0.6159,0.4597,0.4847,0.4981,0.2877,0.2439,Adyar,evening,apartment,small,0,0,3,2024-08-22,92.88,0
0.0302,0.4989,0.9645,0.8134,0.8344,0.3729,0.2487,Porur,evening,apartment,small,0,0,2,2024-02-28,1.22,1
0.0262,0.3369,0.9,0.3318,0.5441,0.2797,0.4736,Porur,morning,independent,medium,0,0,4,2024-09-27,8.66,1
0.2678,0.3908,0.4618,0.7605,0.1577,0.1942,0.5184,Velachery,morning,independent,medium,0,0,2,2024-11-20,31.4,1
0.3859,0.5545,0.7619,0.881,0.748,0.4747,0.3705,Adyar,afternoon,apartment,medium,1,0,6,2024-11-17,46.79,1
0.5726,0.1621,0.9739,0.6365,0.4832,0.5285,0.2617,Porur,afternoon,apartment,small,0,0,0,2024-07-22,19.31,1
0.1871,1.0,0.2867,0.8577,0.5137,0.452,0.5881,Velachery,afternoon,apartment,medium,0,0,1,2024-04-02,68.6,0
0.5689,0.8748,0.8895,0.5962,0.4343,0.5764,0.7829,Velachery,afternoon,apartment,large,0,0,0,2024-08-05,99.84,0
0.2609,0.7557,0.9097,0.2048,0.5956,0.4771,0.2896,T Nagar,evening,independent,small,0,0,3,2024-12-12,52.9,1
0.2822,0.8238,0.8619,0.2748,0.4523,0.1282,0.6808,T Nagar,morning,apartment,large,0,0,4,2024-09-06,56.04,0
0.0915,0.5834,0.879,0.5591,0.3768,0.3127,0.7726,T Nagar,evening,apartment,large,0,0,2,2024-11-20,17.19,1
0.0524,0.5167,0.8778,0.9191,0.3054,0.3026,0.5017,Anna Nagar,evening,apartment,medium,0,0,1,2024-03-26,0.0,1
0.4006,0.7592,0.9225,0.334,0.458,0.3629,0.1527,Velachery,evening,independent,small,0,0,3,2024-06-13,64.96,0
0.4443,0.4909,0.6178,0.9446,0.1874,0.5772,0.1795,Anna Nagar,afternoon,apartment,small,0,0,4,2024-06-21,40.56,1
0.3112,0.6109,0.6838,0.7804,0.3409,0.2818,0.4406,Adyar,evening,apartment,medium,0,0,0,2024-03-18,41.47,1
0.198,0.2814,0.6901,0.4472,0.1216,0.1698,0.253,Velachery,morning,apartment,small,1,0,6,2024-10-06,15.23,1
0.0341,0.3527,0.3676,0.8791,0.8036,0.3604,0.7295,Adyar,morning,independent,large,0,0,4,2024-03-01,30.44,1
0.067,0.6648,0.8535,0.2183,0.4709,0.612,0.5459,Velachery,afternoon,independent,medium,1,0,5,2024-02-17,31.09,1
0.0746,0.7272,0.7266,0.4665,0.3037,0.3804,0.1848,Porur,evening,independent,small,0,0,2,2024-07-10,22.12,0
0.3438,0.0571,0.3336,0.9673,0.3555,0.2359,0.1587,Velachery,morning,apartment,small,0,0,1,2024-09-10,17.36,1
0.0411,0.2694,0.6279,0.4948,0.1452,0.5054,0.2565,Porur,afternoon,apartment,small,0,0,4,2024-11-29,9.76,1
0.0123,0.3318,0.5647,0.8883,0.2916,0.608,0.5252,Porur,afternoon,apartment,medium,0,0,0,2024-12-09,8.33,1
0.4485,1.0,0.3497,0.8066,0.8339,0.5476,0.1345,T Nagar,afternoon,apartment,small,0,0,2,2024-07-24,100.0,0
0.0551,0.1418,0.8779,0.7813,0.5347,0.3871,0.3858,Porur,evening,apartment,medium,0,0,2,2024-09-18,0.0,1
0.0489,0.1198,0.8992,0.6896,0.2631,0.5201,0.2117,Anna Nagar,afternoon,apartment,small,0,0,2,2024-04-03,0.0,1
0.1176,0.4353,0.8189,0.8503,0.3044,0.3948,0.4338,Velachery,afternoon,independent,medium,1,0,6,2024-12-22,8.09,1
0.2554,0.4814,0.9915,0.3095,0.2005,0.2941,0.4065,T Nagar,morning,apartment,medium,1,0,6,2024-06-02,22.63,1
0.1501,0.6502,0.8764,0.4764,0.6459,0.6077,0.723,Anna Nagar,afternoon,apartment,large,0,0,0,2024-06-10,33.87,1
0.002,0.5713,0.7584,0.9437,0.0416,0.307,0.2681,Anna Nagar,morning,independent,small,1,0,6,2024-12-22,0.0,1
0.1222,0.5784,0.7538,0.9009,0.589,0.3965,0.193,Anna Nagar,afternoon,independent,small,0,0,3,2024-05-23,14.99,1
0.0167,0.4107,0.8716,0.8948,0.472,0.2699,0.1796,Anna Nagar,morning,independent,small,0,0,2,2024-09-04,0.0,1
0.226,0.6581,0.0744,0.8145,0.3383,0.5398,0.631,Anna Nagar,afternoon,apartment,medium,0,0,4,2024-02-23,60.72,0
0.0588,0.171,0.8118,0.6097,0.66,0.5443,0.6948,Velachery,afternoon,independent,large,1,0,5,2024-05-18,12.58,1
0.3709,0.6204,0.5206,0.6884,0.48,0.1427,0.1935,Adyar,morning,apartment,small,0,0,1,2024-10-01,56.34,0
0.317,0.0862,0.8744,0.5658,0.2768,0.1903,0.1414,Porur,morning,apartment,small,1,0,5,2024-04-27,0.0,1
0.16,0.2564,0.7285,0.5991,0.6481,0.2439,0.2255,Velachery,morning,independent,small,1,0,5,2024-10-19,16.56,1
0.0245,0.7926,0.2678,0.7318,0.1482,0.5649,0.2118,T Nagar,afternoon,apartment,small,0,0,0,2024-05-20,29.34,1
0.0609,0.337,0.8835,0.8478,0.4436,0.2198,0.6146,Porur,morning,independent,medium,1,0,6,2024-09-15,0.0,1
0.1336,0.5249,0.4793,0.6705,0.4959,0.1735,0.2481,Anna Nagar,morning,apartment,small,0,0,4,2024-07-19,27.63,1
0.0135,1.0,0.8735,0.8753,0.6495,0.4817,0.2241,Velachery,afternoon,independent,small,0,0,1,2024-01-23,14.6,1
0.116,0.2892,0.4195,0.9096,0.5359,0.2021,0.2199,Anna Nagar,morning,apartment,small,1,0,5,2024-08-24,13.76,1
0.2623,0.3106,0.3769,0.6593,0.4911,0.441,0.8395,Velachery,afternoon,independent,large,1,0,6,2024-12-22,44.01,1
0.0235,0.0631,0.1826,0.6258,0.3112,0.4106,0.2666,Anna Nagar,evening,apartment,small,0,0,0,2024-11-11,20.09,1
0.0977,0.4498,0.713,0.4703,0.805,0.2902,0.5115,Anna Nagar,morning,apartment,medium,0,0,4,2024-05-31,25.98,1
0.4403,0.601,0.9114,0.8567,0.3768,0.2474,0.1634,T Nagar,morning,independent,small,0,0,4,2024-06-14,39.58,1
0.3554,0.7331,0.893,0.8299,0.3698,0.3746,0.1886,Adyar,evening,apartment,small,0,0,0,2024-07-29,44.13,1
0.3605,0.5149,0.3363,0.6868,0.3182,0.2861,0.3256,Adyar,morning,apartment,medium,0,0,4,2024-11-29,55.43,0
0.4994,0.3713,0.1536,0.6189,0.2091,0.3652,0.2612,Adyar,evening,independent,small,0,0,2,2024-02-14,62.89,0
0.1438,0.2389,0.7663,0.9221,0.4651,0.4733,0.1293,Porur,afternoon,apartment,small,0,0,3,2024-06-13,2.63,1
0.0848,0.6277,0.8409,0.8899,0.1586,0.1553,0.1823,T Nagar,morning,independent,small,1,0,5,2024-07-27,0.0,1
0.2085,0.1144,0.4991,0.354,0.4142,0.3607,0.5787,Porur,evening,apartment,medium,0,0,3,2024-01-04,27.11,1
0.027,0.7132,0.649,0.6729,0.5298,0.4369,0.1944,Anna Nagar,evening,apartment,small,0,0,2,2024-01-31,18.1,1
0.1519,0.1514,0.9462,0.7728,0.232,0.4075,0.7938,Anna Nagar,evening,apartment,large,0,0,4,2024-03-08,0.0,1
0.6361,0.371,0.8919,0.6947,0.3583,0.3001,0.508,Velachery,morning,apartment,medium,0,0,2,2024-08-21,46.79,1
0.0824,0.3859,0.8718,0.4749,0.1568,0.4429,0.1855,Anna Nagar,afternoon,independent,small,0,0,2,2024-06-12,4.62,1
0.2946,0.4635,0.7307,0.9271,0.1165,0.2114,0.6092,Adyar,morning,apartment,medium,0,0,1,2024-09-24,22.06,1
0.53,0.2238,0.7539,0.9016,0.4273,0.2628,0.1686,Anna Nagar,morning,apartment,small,1,0,6,2024-09-15,17.74,1
0.2226,0.5198,0.8307,0.5387,0.5061,0.5247,0.4181,Porur,afternoon,independent,medium,0,0,3,2024-01-11,31.17,1
0.0165,0.7685,0.6926,0.6105,0.2593,0.2409,0.2755,Adyar,morning,independent,small,0,0,0,2024-12-30,13.97,1
0.1678,0.1409,0.7912,0.7365,0.5575,0.117,0.2086,Anna Nagar,morning,independent,small,0,0,0,2024-05-13,0.0,1
0.5767,0.7954,0.9005,0.7193,0.3737,0.2592,0.4238,Anna Nagar,morning,independent,medium,0,0,3,2024-03-14,76.99,0
0.3556,0.5288,0.6336,0.7884,0.2072,0.4721,0.2091,Porur,afternoon,apartment,small,0,0,0,2024-12-16,38.5,1
0.1898,0.559,0.7412,0.6917,0.1868,0.1677,0.4957,Velachery,morning,apartment,medium,0,0,0,2024-08-26,23.79,1
0.035,0.593,0.6526,0.9548,0.3308,0.5599,0.1861,Adyar,afternoon,apartment,small,0,0,4,2024-01-12,10.22,1
0.6291,0.3719,0.7406,0.8144,0.4646,0.4446,0.6277,Velachery,evening,independent,medium,1,0,6,2024-09-01,52.58,0
0.1304,0.6071,0.7617,0.8164,0.3363,0.0222,0.5062,Anna Nagar,morning,independent,medium,0,0,4,2024-08-02,11.81,1
0.5301,0.6957,0.9622,0.5955,0.3291,0.5343,0.7494,Velachery,afternoon,independent,large,0,0,3,2024-01-18,72.73,0
0.1423,0.3337,0.4303,0.6328,0.1548,0.4506,0.1894,Porur,evening,independent,small,0,0,4,2024-09-20,21.23,1
0.1368,0.497,0.638,0.4296,0.3159,0.589,0.5202,Porur,afternoon,independent,medium,0,0,2,2024-11-06,31.54,1
0.0098,0.3276,0.0668,0.8385,0.1144,0.1699,0.1351,Porur,morning,independent,small,0,0,2,2024-11-06,15.57,1
0.7857,0.4634,0.4586,0.6737,0.1836,0.2604,0.0959,Velachery,morning,independent,small,1,0,5,2024-11-23,78.33,0
0.1236,0.1604,0.5254,0.4578,0.097,0.1584,0.9067,Adyar,morning,apartment,large,0,0,0,2024-01-01,17.59,1
0.0537,0.1263,0.9134,0.6275,0.4432,0.6129,0.2266,Porur,afternoon,apartment,small,0,0,4,2024-09-20,0.0,1
0.0427,0.4466,0.6474,0.8505,0.4533,0.3066,0.7339,Adyar,evening,apartment,large,0,0,2,2024-07-03,13.62,1
0.3251,0.5786,0.6589,0.4199,0.6812,0.5073,0.4133,Anna Nagar,afternoon,independent,medium,0,0,3,2024-10-10,56.86,0
0.249,0.7531,0.4731,0.6664,0.1808,0.4636,0.3866,Velachery,afternoon,apartment,medium,1,0,5,2024-08-03,52.03,0
0.0493,0.4899,0.6303,0.9349,0.0706,0.5834,0.8342,Anna Nagar,afternoon,independent,large,0,0,0,2024-12-23,8.13,1
0.2488,0.4107,0.2906,0.9343,0.0232,0.5011,0.1648,Porur,afternoon,independent,small,1,0,6,2024-09-29,25.95,1
0.264,0.7206,0.8063,0.1281,0.2516,0.2568,0.7581,T Nagar,morning,independent,large,0,0,1,2024-12-24,53.14,0
0.6552,0.4929,0.6518,0.8888,0.5752,0.405,0.4182,Anna Nagar,afternoon,independent,medium,1,0,5,2024-02-17,64.67,0
0.4125,0.704,0.7924,0.9042,0.3814,0.2214,0.3958,Velachery,morning,apartment,medium,0,0,2,2024-04-10,52.44,0
0.1112,0.3474,0.6373,0.4195,0.3313,0.4388,0.4984,Velachery,evening,apartment,medium,1,0,6,2024-06-02,24.39,1
0.0558,0.67,0.1911,0.9884,0.4164,0.5535,0.5296,Anna Nagar,afternoon,apartment,medium,0,0,1,2024-01-02,34.05,1
0.3537,0.3597,0.335,0.7793,0.3517,0.2312,0.527,Adyar,morning,apartment,medium,1,0,6,2024-08-04,42.08,0
0.6776,0.5571,0.5653,0.4021,0.3652,0.2754,0.5621,T Nagar,morning,independent,medium,0,0,2,2024-10-16,88.72,0
0.1466,0.7089,0.6915,0.6047,0.785,0.4533,0.604,Porur,afternoon,apartment,medium,0,0,2,2024-12-18,41.16,1
0.1023,0.392,0.7359,0.8955,0.6799,0.3138,0.7725,Velachery,morning,apartment,large,0,0,1,2024-09-24,17.64,1
0.2844,0.757,0.3086,0.5542,0.4635,0.1497,0.8695,T Nagar,morning,apartment,large,0,0,3,2024-05-16,71.17,0
0.0148,0.4252,0.2975,0.4168,0.7205,0.2787,0.2706,Adyar,morning,apartment,small,0,0,2,2024-03-13,38.61,1
0.1239,0.3865,0.7604,0.5696,0.6001,0.1298,0.7159,Velachery,morning,apartment,large,1,0,6,2024-06-16,19.98,1
0.1478,0.1164,0.845,0.6172,0.3225,0.2421,0.1803,Porur,morning,independent,small,0,0,4,2024-08-09,0.0,1
0.1316,0.9888,0.6598,0.5973,0.3373,0.2022,0.2238,T Nagar,morning,apartment,small,0,0,0,2024-01-29,37.35,1
0.2683,0.7531,0.1704,0.7219,0.4318,0.3287,0.2396,T Nagar,evening,independent,small,0,0,0,2024-04-22,67.13,0
0.1531,0.5019,0.3639,0.4182,0.4266,0.4804,0.4233,T Nagar,evening,independent,medium,1,0,6,2024-03-24,43.93,1
0.3022,0.0809,0.5041,0.932,0.1965,0.3159,0.5246,T Nagar,evening,independent,medium,1,0,5,2024-02-10,7.65,1
0.3109,0.4227,0.6816,0.3657,0.3082,0.1612,0.167,Porur,morning,apartment,small,1,0,5,2024-04-13,31.94,1
0.1131,0.5454,0.7171,0.8312,0.4053,0.5376,0.2102,T Nagar,evening,independent,small,0,0,0,2024-09-16,17.0,1
0.1482,0.5176,0.864,0.8986,0.8463,0.3148,0.6133,Porur,evening,apartment,medium,0,0,1,2024-04-09,17.69,1
0.335,0.9207,0.6828,0.8072,0.4052,0.4628,0.2312,T Nagar,afternoon,independent,small,0,0,1,2024-07-02,63.7,0
0.2899,0.3976,0.3471,0.4416,0.3936,0.3097,0.1218,Porur,morning,apartment,small,0,0,1,2024-02-06,45.88,1
0.1724,0.8375,0.3884,0.495,0.1923,0.3472,0.4624,T Nagar,morning,apartment,medium,0,1,0,2024-01-15,55.53,0
0.381,0.2225,0.7476,0.4497,0.6768,0.2787,0.1549,Velachery,morning,apartment,small,0,0,0,2024-08-05,32.01,1
0.0357,1.0,0.2881,0.4085,0.7289,0.4649,0.2733,T Nagar,afternoon,apartment,small,0,0,4,2024-12-06,55.58,0
0.1635,0.6113,0.8421,0.2686,0.2035,0.3727,0.2062,T Nagar,evening,apartment,small,0,0,0,2024-04-08,27.92,1
0.0059,0.8427,0.827,0.6045,0.5163,0.6942,0.169,Adyar,afternoon,independent,small,1,1,6,2024-01-14,20.05,1
0.2068,0.1428,0.7541,0.6413,0.3942,0.4674,0.5775,Anna Nagar,evening,apartment,medium,0,0,4,2024-06-14,10.66,1
0.2843,0.0695,0.5646,0.7582,0.2906,0.259,0.5453,Adyar,morning,apartment,medium,1,0,6,2024-09-22,10.98,1
0.5224,0.7453,0.693,0.604,0.6145,0.2478,0.1766,Anna Nagar,morning,independent,small,0,0,0,2024-11-11,79.0,0
0.18,0.6267,0.777,0.1548,0.1537,0.3586,0.8712,Porur,evening,independent,large,0,0,0,2024-07-08,39.23,1
0.0374,0.5706,0.3263,0.749,0.1737,0.2148,0.484,Anna Nagar,morning,apartment,medium,0,0,0,2024-09-16,19.4,1
0.2309,0.1549,0.2575,0.5503,0.6981,0.277,0.136,Porur,morning,apartment,small,1,0,6,2024-04-21,35.39,1
0.0566,0.6925,0.6232,0.8888,0.4818,0.3442,0.3813,Anna Nagar,afternoon,independent,medium,0,0,0,2024-07-22,16.2,1
0.4128,0.254,0.7594,0.6616,0.6857,0.5879,0.7863,T Nagar,afternoon,apartment,large,0,0,3,2024-02-01,37.01,1
0.0775,0.5198,0.3113,0.5698,0.8166,0.27,0.0999,Anna Nagar,morning,apartment,small,1,0,5,2024-07-20,37.62,1
0.004,0.3139,0.6735,0.8336,0.1466,0.5449,0.8242,Anna Nagar,afternoon,apartment,large,0,0,3,2024-01-25,2.47,1
0.0794,0.2961,0.6775,0.6226,0.4716,0.2219,0.5375,Anna Nagar,morning,apartment,medium,0,0,2,2024-02-28,11.12,1
0.4785,0.3686,0.7799,0.8877,0.4372,0.2628,0.6928,Adyar,morning,apartment,large,0,0,0,2024-01-22,35.78,1
0.8007,0.4419,0.8156,0.6503,0.6122,0.4232,0.3602,Velachery,afternoon,independent,medium,0,0,0,2024-08-19,76.72,0
0.4891,0.6646,0.7745,0.7534,0.5161,0.5799,0.4821,Adyar,afternoon,independent,medium,1,0,6,2024-03-03,67.37,0
0.038,0.4345,0.9519,0.8882,0.7255,0.3609,0.8014,Anna Nagar,evening,independent,large,1,0,6,2024-05-05,0.0,1
0.3285,0.0363,0.4038,0.602,0.1348,0.5597,0.1892,Anna Nagar,afternoon,apartment,small,1,0,6,2024-04-21,15.31,1
0.3131,1.0,0.3113,0.6593,0.8612,0.5046,0.8663,Adyar,afternoon,apartment,large,0,0,4,2024-08-30,100.0,0
0.5189,0.2401,0.7467,0.8761,0.5465,0.4625,0.16,Anna Nagar,evening,apartment,small,1,0,5,2024-08-24,24.23,1
0.2603,0.5035,0.6555,0.9253,0.2987,0.5105,0.554,Anna Nagar,afternoon,apartment,medium,0,0,1,2024-09-24,27.95,1
0.1278,0.1352,0.5552,0.994,0.7361,0.2571,0.1436,Anna Nagar,morning,independent,small,0,0,4,2024-08-02,6.86,0
0.1648,0.2257,0.8772,0.9237,0.7316,0.586,0.5024,Porur,afternoon,apartment,medium,0,0,4,2024-05-10,7.14,1
0.6467,0.6215,0.2293,0.4988,0.596,0.2128,0.4796,Anna Nagar,morning,apartment,medium,0,0,1,2024-11-05,100.0,0
0.2327,0.3214,0.6549,0.3886,0.3367,0.338,0.794,T Nagar,evening,independent,large,1,0,5,2024-07-06,30.08,1
0.273,0.5128,0.6542,0.9498,0.3291,0.3973,0.3683,T Nagar,evening,apartment,medium,0,0,4,2024-05-03,28.37,1
0.6384,0.736,0.6701,0.9506,0.7174,0.2138,0.4399,Porur,morning,apartment,medium,0,0,2,2024-02-28,89.26,0
0.0269,0.8424,0.1141,0.4745,0.5996,0.2631,0.7574,T Nagar,morning,apartment,large,0,0,4,2024-07-19,55.03,0
0.0188,0.4683,0.3952,0.2834,0.2057,0.1459,0.2863,Porur,morning,apartment,small,0,0,0,2024-06-24,23.42,1
0.0742,0.4566,0.7386,0.8109,0.7561,0.5733,0.2101,T Nagar,afternoon,independent,small,0,0,2,2024-06-05,16.84,1
0.074,1.0,0.8914,0.557,0.6264,0.5256,0.2549,T Nagar,afternoon,apartment,small,0,0,0,2024-04-15,29.15,1
0.2479,0.1546,0.3772,0.8065,0.6056,0.3641,0.2108,T Nagar,evening,apartment,small,0,0,4,2024-05-17,26.7,1
0.4484,0.9122,0.5667,0.602,0.3605,0.5762,0.7393,T Nagar,afternoon,independent,large,0,0,0,2024-03-18,94.66,0
0.7806,0.4263,0.7023,0.9049,0.703,0.5481,0.1991,Adyar,afternoon,independent,small,0,0,3,2024-03-07,72.43,1
0.1365,0.4346,0.2039,0.1594,0.6891,0.3292,0.6258,Adyar,morning,independent,medium,1,0,5,2024-09-07,60.55,0
0.1018,0.6156,0.7787,0.4896,0.5708,0.2782,0.4936,T Nagar,morning,apartment,medium,0,0,4,2024-08-02,25.65,1
0.5563,0.3506,0.7215,0.8767,0.1054,0.1935,0.3866,Adyar,morning,apartment,medium,0,0,2,2024-05-29,33.28,1
0.6739,0.9351,0.3523,0.3096,0.6208,0.209,0.2491,Velachery,morning,apartment,small,0,0,1,2024-11-05,100.0,0
0.0285,0.4422,0.5745,0.9147,0.3105,0.1783,0.1299,Porur,morning,apartment,small,0,0,0,2024-07-08,2.08,1
0.361,0.5053,0.7255,0.4632,0.1532,0.2898,0.4173,Porur,evening,independent,medium,0,0,0,2024-08-19,40.24,1
0.4358,0.4543,0.6094,0.8587,0.6624,0.2701,0.6333,Adyar,morning,apartment,medium,0,0,3,2024-08-08,51.14,1
0.1654,0.673,0.8786,0.474,0.1824,0.1966,0.4996,Velachery,morning,apartment,medium,0,0,4,2024-10-25,26.48,1
0.0131,0.5273,0.4606,0.7688,0.5038,0.2187,0.9159,T Nagar,morning,independent,large,1,0,5,2024-11-16,20.91,1
0.1699,0.3196,0.845,0.4249,0.4659,0.2648,0.4934,Anna Nagar,morning,apartment,medium,0,0,0,2024-10-07,15.71,1
0.3014,0.9046,0.5731,0.8673,0.6496,0.1305,0.1909,T Nagar,morning,independent,small,0,0,0,2024-06-24,60.76,0
0.0413,0.3782,0.1719,0.8569,0.7181,0.3198,0.1661,Porur,evening,apartment,small,1,0,5,2024-10-26,29.99,1
0.0047,0.0755,0.8023,0.53,0.5788,0.2574,0.7194,Porur,morning,apartment,large,0,0,1,2024-07-02,3.86,1
0.1282,0.3905,0.6086,0.7836,0.2379,0.6405,0.1671,Velachery,afternoon,independent,small,0,0,1,2024-10-15,19.28,1
0.3394,0.6386,0.4586,0.3509,0.4792,0.4175,0.4026,Velachery,afternoon,apartment,medium,1,0,6,2024-02-25,70.22,0
0.0869,0.6698,0.4497,0.653,0.2885,0.6102,0.124,T Nagar,afternoon,apartment,small,0,0,0,2024-07-22,31.66,1
0.2368,1.0,0.0901,0.636,0.0612,0.5924,0.4858,Anna Nagar,afternoon,independent,medium,0,0,0,2024-07-22,75.33,0
0.4406,0.3222,0.7878,0.1721,0.3683,0.3442,0.7144,Porur,evening,apartment,large,0,0,1,2024-04-09,44.81,1
0.2541,1.0,0.3282,0.8601,0.5926,0.4717,0.1737,Anna Nagar,afternoon,independent,small,0,0,0,2024-01-29,71.54,1
0.3004,0.158,0.8415,0.6495,0.5751,0.3072,0.4324,T Nagar,morning,apartment,medium,0,0,2,2024-12-18,12.96,1
0.4854,0.2336,0.6585,0.4905,0.4884,0.2602,0.1637,Velachery,morning,apartment,small,0,0,3,2024-06-27,37.9,1
0.5707,0.2395,0.5343,0.5506,0.7762,0.4376,0.4356,Adyar,afternoon,independent,medium,0,0,4,2024-08-09,56.0,0
0.3365,0.4767,0.6781,0.5176,0.3961,0.3844,0.165,T Nagar,evening,apartment,small,1,0,6,2024-04-07,39.32,1
0.5228,0.3398,0.6727,0.2535,0.5036,0.3965,0.3086,Anna Nagar,afternoon,independent,small,1,0,6,2024-06-30,51.71,0
0.1065,0.3709,0.4524,0.3615,0.3857,0.4122,0.7885,Anna Nagar,afternoon,independent,large,1,0,5,2024-04-13,32.45,1
0.0543,0.3208,0.7534,0.899,0.2382,0.6161,0.408,T Nagar,afternoon,apartment,medium,1,0,5,2024-05-25,0.36,1
0.0397,0.4092,0.4389,0.9043,0.2892,0.5046,0.7569,Porur,afternoon,apartment,large,1,0,5,2024-11-23,15.31,1
0.0293,0.317,0.7212,0.9122,0.2201,0.2297,0.3457,T Nagar,morning,apartment,medium,0,0,1,2024-02-13,0.0,1
0.1582,0.817,0.7297,0.5607,0.6252,0.5893,0.1236,T Nagar,afternoon,independent,small,0,0,1,2024-04-09,42.22,1
0.1041,0.3352,0.8678,0.7819,0.1154,0.3478,0.9833,T Nagar,evening,independent,large,1,0,5,2024-02-24,1.69,1
0.0744,0.3711,0.887,0.6372,0.12,0.2187,0.1794,T Nagar,morning,independent,small,0,0,3,2024-04-18,0.0,1
0.4348,0.2475,0.9709,0.8,0.5899,0.3234,0.2327,Adyar,evening,independent,small,0,0,0,2024-09-16,16.52,1
0.5254,0.3043,0.7284,0.4358,0.2975,0.4182,0.2044,T Nagar,evening,apartment,small,0,0,4,2024-06-21,41.25,1
0.1868,0.4855,0.4521,0.917,0.7702,0.56,0.2961,Anna Nagar,afternoon,independent,small,0,0,0,2024-07-22,37.39,1
0.2821,0.7138,0.5897,0.7662,0.5417,0.1132,0.2236,Velachery,morning,apartment,small,0,0,3,2024-08-01,49.59,1
0.0251,0.2224,0.8278,0.7372,0.4697,0.3013,0.5424,Porur,morning,apartment,medium,0,0,2,2024-12-25,0.0,1
0.2175,0.243,0.6903,0.7422,0.405,0.5833,0.4897,Porur,afternoon,independent,medium,0,0,2,2024-02-14,18.01,1
0.0572,0.6043,0.6168,0.4844,0.2827,0.3896,0.7657,Porur,evening,independent,large,1,0,6,2024-06-23,23.46,1
0.0541,0.1776,0.4406,0.3612,0.1187,0.223,0.4578,Porur,morning,apartment,medium,0,0,1,2024-03-12,15.94,1
0.1426,0.9011,0.5109,0.7955,0.9246,0.1261,0.6078,T Nagar,morning,apartment,medium,0,0,1,2024-12-17,50.97,0
0.5178,0.0817,0.7948,0.7137,0.4973,0.5294,0.155,Porur,afternoon,independent,small,0,0,2,2024-04-24,14.85,1
0.2181,0.7284,0.9546,0.8569,0.2882,0.5065,0.7514,Porur,afternoon,independent,large,0,0,1,2024-12-31,26.8,1
0.5023,0.2879,0.5882,0.9263,0.4386,0.5721,0.4659,Adyar,afternoon,independent,medium,0,0,3,2024-02-01,40.06,1
0.2453,0.1938,0.5406,0.6891,0.3821,0.1971,0.2498,Anna Nagar,morning,independent,small,0,0,1,2024-12-03,16.03,1
0.1053,0.5965,0.929,0.2992,0.3699,0.3538,0.787,Anna Nagar,evening,independent,large,0,0,4,2024-06-28,22.21,1
0.0372,0.6365,0.4243,0.7175,0.2935,0.3493,0.526,T Nagar,evening,independent,medium,0,0,1,2024-06-04,24.47,1
0.3417,0.6278,0.5928,0.8632,0.3355,0.49,0.5168,Velachery,afternoon,apartment,medium,0,0,2,2024-07-10,52.19,0
0.6306,0.7818,0.6262,0.9458,0.3364,0.3904,0.4285,T Nagar,afternoon,apartment,medium,0,0,4,2024-04-05,91.31,0
0.4001,0.5775,0.7927,0.4526,0.3679,0.5157,0.53,Velachery,afternoon,apartment,medium,0,0,3,2024-01-18,57.92,0
0.5512,0.624,0.4985,0.4989,0.4011,0.2052,0.2223,T Nagar,morning,independent,small,0,0,2,2024-06-05,79.83,0
0.6016,0.0843,0.3412,0.9044,0.123,0.2049,0.8587,Anna Nagar,morning,independent,large,1,0,6,2024-12-22,22.89,1
0.26,0.2494,0.7224,0.2766,0.4272,0.237,0.7892,Adyar,morning,apartment,large,0,0,3,2024-07-25,31.42,1
0.1774,0.4518,0.8802,0.8272,0.1881,0.4085,0.2522,T Nagar,evening,independent,small,0,0,3,2024-08-08,7.81,1
0.0271,0.1877,0.6638,0.9824,0.5402,0.4488,0.4121,Anna Nagar,evening,independent,medium,0,0,4,2024-12-13,0.35,1
0.2625,0.4749,0.8016,0.7816,0.4236,0.3637,0.5118,Anna Nagar,evening,apartment,medium,0,0,3,2024-07-04,23.98,1
0.1565,0.4298,0.4104,0.672,0.5604,0.4505,0.3084,Porur,afternoon,independent,small,0,0,2,2024-09-25,35.55,1
0.4303,0.3029,0.3934,0.4961,0.5125,0.2351,0.1827,Adyar,morning,apartment,small,0,0,0,2024-06-24,50.47,0
0.1531,0.2069,0.7577,0.9872,0.4935,0.4508,0.4171,Porur,evening,apartment,medium,1,0,5,2024-09-14,1.34,1
0.0114,0.8836,0.7581,0.6183,0.4646,0.2351,0.1182,Velachery,evening,independent,small,0,0,2,2024-09-25,16.26,1
0.1726,0.1716,0.6608,0.7309,0.6999,0.1636,0.7513,Anna Nagar,morning,apartment,large,0,0,2,2024-01-17,14.94,0
0.1388,0.7412,0.5602,0.7265,0.5505,0.4623,0.4635,Anna Nagar,afternoon,independent,medium,1,0,6,2024-07-21,36.21,1
0.1775,0.1924,0.7253,0.5359,0.5097,0.2041,0.3051,Porur,morning,apartment,small,0,0,0,2024-01-01,12.46,1
0.6175,0.499,0.75,0.1116,0.5242,0.3494,0.2223,Adyar,morning,apartment,small,0,0,2,2024-06-05,78.77,0
0.7401,0.479,0.7793,0.7207,0.4712,0.2965,0.2434,Adyar,morning,independent,small,0,0,0,2024-02-12,69.58,0
0.018,0.2255,0.7665,0.9661,0.2567,0.6037,0.554,Anna Nagar,afternoon,apartment,medium,0,0,0,2024-08-12,0.0,1
0.1315,0.1779,0.7491,0.7492,0.2307,0.2612,0.1724,Porur,morning,independent,small,0,0,4,2024-07-26,0.0,1
0.4205,0.3313,0.6677,0.6354,0.6433,0.2127,0.5519,Velachery,morning,apartment,medium,0,0,2,2024-10-16,43.06,1
0.3087,0.2651,0.2702,0.6788,0.4826,0.388,0.1735,Velachery,morning,apartment,small,1,0,5,2024-03-30,42.02,1
0.3801,0.3162,0.0754,0.3585,0.5476,0.1793,0.8366,Velachery,morning,apartment,large,0,0,3,2024-08-22,72.28,0
0.052,0.1648,0.1666,0.6881,0.6869,0.4548,0.5476,Porur,afternoon,independent,medium,0,0,2,2024-05-22,35.85,1
0.1381,0.4988,0.311,0.6352,0.6963,0.6143,0.599,Adyar,afternoon,apartment,medium,0,0,0,2024-09-16,51.9,0
0.1913,0.6846,0.2047,0.6793,0.8665,0.226,0.2076,Velachery,morning,apartment,small,0,0,0,2024-12-23,65.77,0
0.4832,0.4895,0.4674,0.9744,0.0709,0.2187,0.2221,Adyar,morning,independent,small,0,0,1,2024-08-20,45.24,1
0.4342,0.2566,0.2821,0.9337,0.2679,0.3918,0.5662,Velachery,evening,apartment,medium,0,0,4,2024-03-22,41.92,1
0.0981,1.0,0.6524,0.3753,0.5072,0.1809,0.3421,Adyar,morning,independent,small,0,0,3,2024-09-12,43.44,1
0.0297,0.6314,0.8967,0.8422,0.2844,0.5276,0.5427,Adyar,afternoon,apartment,medium,0,0,1,2024-05-28,5.14,1
0.2653,0.4991,0.8125,0.6223,0.2967,0.1919,0.6641,Adyar,morning,apartment,large,1,0,6,2024-01-28,27.28,1
0.4042,0.4724,0.8638,0.8366,0.2917,0.3111,0.8523,Porur,morning,independent,large,0,0,2,2024-08-14,33.13,1
0.175,0.1499,0.4802,0.6423,0.3731,0.5238,0.8582,Anna Nagar,afternoon,independent,large,0,0,3,2024-05-16,23.65,1
0.0614,0.8013,0.618,0.8906,0.2568,0.1883,0.5564,Adyar,morning,apartment,medium,0,0,1,2024-12-17,18.08,1
0.0532,0.4276,0.4565,0.8611,0.6639,0.4964,0.8006,Anna Nagar,afternoon,independent,large,0,0,2,2024-05-22,26.25,1
0.2865,0.4222,0.5807,0.7715,0.0208,0.4774,0.6118,Anna Nagar,afternoon,independent,medium,0,0,3,2024-10-17,27.2,0
0.0451,0.7869,0.5412,0.3468,0.7785,0.2183,0.8675,Porur,evening,apartment,large,0,0,1,2024-04-30,43.29,1
0.1589,0.5529,0.0688,0.5909,0.5814,0.5069,0.411,Adyar,afternoon,independent,medium,0,0,1,2024-07-02,62.14,0
0.2664,0.6391,0.8931,0.4183,0.0844,0.2057,0.4817,Velachery,morning,apartment,medium,0,0,0,2024-05-20,35.53,1
0.168,0.66,0.5373,0.558,0.3594,0.165,0.4217,Porur,morning,independent,medium,0,0,1,2024-07-02,36.23,1
0.4888,0.4568,0.3967,0.8281,0.4309,0.2248,0.512,T Nagar,morning,apartment,medium,1,0,6,2024-08-04,56.4,0
0.2809,1.0,0.8362,0.9639,0.6598,0.5505,0.6102,T Nagar,afternoon,independent,medium,0,0,3,2024-04-11,58.16,0
0.4208,0.8858,0.3846,0.7619,0.5045,0.4736,0.8779,T Nagar,afternoon,apartment,large,0,0,2,2024-04-10,95.04,0
0.3396,0.6775,0.7126,0.9211,0.0663,0.3622,0.1555,Velachery,evening,independent,small,0,0,4,2024-05-17,39.38,1
0.4359,0.0432,0.7571,0.3396,0.4655,0.3214,0.4311,Anna Nagar,morning,independent,medium,0,0,1,2024-05-07,18.04,1
0.2994,0.1169,0.5994,0.7924,0.3437,0.3184,0.4694,Anna Nagar,evening,independent,medium,0,0,4,2024-06-14,11.84,0
0.2847,0.4986,0.8407,0.9302,0.5643,0.529,0.3815,T Nagar,afternoon,independent,medium,0,0,0,2024-03-25,27.13,1
0.8047,0.5402,0.7347,0.8142,0.5662,0.3792,0.1811,Velachery,evening,apartment,small,0,0,3,2024-10-24,86.28,0
0.3548,0.5742,0.8983,0.5126,0.3429,0.2095,0.2013,Anna Nagar,morning,apartment,small,0,0,4,2024-08-30,35.46,1
0.1518,0.2561,0.7322,0.7433,0.1284,0.563,0.4536,Porur,afternoon,apartment,medium,0,0,2,2024-05-08,7.72,1
0.0297,0.6573,0.8592,0.8904,0.3758,0.1933,0.5008,Anna Nagar,morning,independent,medium,0,0,3,2024-01-18,0.0,1
0.3502,0.22,0.5178,0.7843,0.4737,0.3729,0.1279,T Nagar,evening,independent,small,0,0,1,2024-10-22,26.55,1
0.3095,0.4672,0.515,0.6769,0.4562,0.4556,0.6569,Adyar,afternoon,independent,medium,1,0,6,2024-05-05,46.78,1
0.196,0.1614,0.6292,0.9703,0.2881,0.2375,0.139,Adyar,morning,independent,small,1,0,6,2024-06-02,0.68,1
0.4682,1.0,0.5405,0.9646,0.5546,0.5213,0.2508,T Nagar,afternoon,apartment,small,0,0,3,2024-05-30,95.92,0
0.1595,0.1292,0.6682,0.3639,0.5776,0.1977,0.6443,Adyar,morning,apartment,medium,1,0,6,2024-08-18,20.21,1
0.2856,0.6445,0.5844,0.963,0.2218,0.1959,0.2331,Velachery,morning,independent,small,0,0,2,2024-07-17,36.38,1
0.1548,0.301,0.574,0.8116,0.354,0.3031,0.7859,Anna Nagar,evening,apartment,large,1,0,5,2024-04-06,14.81,1
0.1111,0.2387,0.6837,0.4465,0.1798,0.3222,0.1771,T Nagar,evening,independent,small,0,0,1,2024-10-15,10.35,0
0.0081,0.9849,0.5033,0.6075,0.6897,0.5264,0.7707,Velachery,afternoon,apartment,large,0,0,2,2024-02-21,42.8,1
0.0153,0.5826,0.3593,0.6025,0.2188,0.4155,0.2255,T Nagar,evening,independent,small,0,0,1,2024-07-23,23.26,1
0.4854,0.47,0.698,0.8473,0.5584,0.3515,0.1732,T Nagar,evening,independent,small,1,0,5,2024-11-09,45.25,1
0.1484,0.5124,0.5571,0.6739,0.5335,0.1655,0.8628,Anna Nagar,morning,apartment,large,1,0,6,2024-01-28,28.95,1
0.0441,0.4716,0.6942,0.7614,0.803,0.5236,0.7423,T Nagar,afternoon,apartment,large,1,0,5,2024-03-09,20.65,1
0.0158,0.3991,0.7997,0.5027,0.4594,0.4379,0.2273,T Nagar,evening,apartment,small,0,0,3,2024-10-24,9.0,1
0.1881,0.0829,0.4717,0.5916,0.5673,0.2296,0.2303,Porur,morning,apartment,small,1,0,6,2024-09-15,16.9,1
0.1222,0.1857,0.8107,0.428,0.7643,0.1291,0.5415,Velachery,morning,independent,medium,1,0,6,2024-03-17,15.38,1
0.3597,0.6877,0.6775,0.7318,0.3351,0.2332,0.2463,T Nagar,morning,apartment,small,0,0,0,2024-05-27,49.54,1
0.053,0.0283,0.2045,0.1336,0.337,0.5336,0.5493,Anna Nagar,afternoon,independent,medium,0,0,1,2024-02-27,36.17,1
0.0368,0.3295,0.8723,0.4172,0.2336,0.3087,0.164,Porur,morning,independent,small,0,0,3,2024-12-19,1.39,1
0.1484,0.3048,0.44,0.4779,0.6192,0.3133,0.3713,Porur,evening,apartment,medium,0,0,0,2024-09-16,33.53,1
0.2718,0.1484,0.7023,0.7733,0.6997,0.3186,0.5072,Anna Nagar,morning,independent,medium,0,0,4,2024-08-16,15.38,1
0.004,0.5876,0.7187,0.5963,0.171,0.1802,0.7665,Anna Nagar,morning,independent,large,0,0,1,2024-10-08,6.77,1
0.4328,0.4602,0.7988,0.8676,0.4098,0.4545,0.1359,Velachery,evening,apartment,small,0,0,2,2024-10-02,38.2,1
0.6876,0.5716,0.7553,0.8753,0.8808,0.2529,0.4348,Velachery,morning,apartment,medium,1,0,6,2024-07-14,79.95,0
0.1103,0.8035,0.252,0.6453,0.5742,0.4643,0.2013,Adyar,afternoon,independent,small,0,0,4,2024-08-09,53.75,1
0.1524,0.547,0.912,0.3816,0.5337,0.5734,0.5025,T Nagar,afternoon,apartment,medium,1,0,5,2024-03-30,26.92,1
0.2543,0.3042,0.5295,0.5929,0.3862,0.2499,0.2531,T Nagar,morning,apartment,small,1,0,5,2024-02-24,26.01,1
0.0843,0.3991,0.3395,0.8953,0.2953,0.5394,0.7547,Porur,afternoon,apartment,large,0,0,2,2024-11-06,25.16,1
0.2006,0.3569,0.9668,0.2869,0.1054,0.5575,0.6044,Anna Nagar,afternoon,independent,medium,0,0,0,2024-05-27,17.51,1
0.6439,0.3852,0.4588,0.4073,0.4228,0.2504,0.4657,Porur,evening,independent,medium,1,0,6,2024-06-09,68.79,0
0.3125,0.1165,0.8055,0.7186,0.3376,0.2498,0.7475,Porur,morning,independent,large,0,0,3,2024-11-21,7.86,1
0.1207,0.6597,0.7004,0.6559,0.2786,0.4205,0.5133,T Nagar,afternoon,independent,medium,0,0,0,2024-10-28,25.42,1
0.0182,0.1361,0.7228,0.5113,0.5005,0.3874,0.7535,Adyar,evening,apartment,large,1,0,5,2024-06-08,10.69,1
0.1735,0.3487,0.6367,0.4946,0.4631,0.2242,0.1269,Anna Nagar,morning,independent,small,0,0,4,2024-08-02,20.72,1
0.3116,0.4708,0.1915,0.7612,0.3567,0.2148,0.8218,T Nagar,morning,independent,large,0,0,2,2024-12-25,54.92,0
0.4079,0.1305,0.6943,0.4425,0.3236,0.3145,0.714,Adyar,morning,apartment,large,1,0,6,2024-12-01,24.85,1
0.0642,0.701,0.5571,0.7729,0.641,0.1892,0.5662,Anna Nagar,morning,independent,medium,0,0,3,2024-02-01,25.59,1
0.0886,0.351,0.7533,0.6265,0.2103,0.4403,0.4781,Velachery,afternoon,apartment,medium,0,0,2,2024-10-30,12.61,1
0.13,1.0,0.5871,0.7774,0.1977,0.4683,0.643,Velachery,afternoon,apartment,medium,0,0,0,2024-04-15,43.08,0
0.2979,0.2627,0.7501,0.8166,0.7095,0.21,0.2133,Velachery,morning,independent,small,1,0,5,2024-11-16,18.96,1
0.0748,0.3759,0.8277,0.6422,0.7016,0.5289,0.5,Adyar,afternoon,apartment,medium,0,0,2,2024-07-03,16.92,1
0.1828,0.1883,0.4161,0.4692,0.2111,0.2268,0.4463,Porur,morning,apartment,medium,0,0,1,2024-03-19,22.62,1
0.2164,0.8865,0.6985,0.8141,0.1961,0.3514,0.2472,T Nagar,evening,apartment,small,0,0,4,2024-10-25,38.55,1
0.0062,0.0737,0.5247,0.886,0.3553,0.5505,0.2077,Anna Nagar,afternoon,apartment,small,0,0,4,2024-01-12,1.67,1
0.1314,0.8631,0.176,0.6572,0.8356,0.4171,0.4851,T Nagar,evening,apartment,medium,0,0,4,2024-03-01,68.58,0
0.1494,0.0823,0.5311,0.8782,0.2506,0.5292,0.2204,Adyar,afternoon,independent,small,0,0,3,2024-02-15,7.52,1
0.5705,0.5813,0.6082,0.8483,0.6841,0.206,0.4897,Velachery,morning,apartment,medium,0,0,3,2024-01-25,74.78,0
0.4891,0.7182,0.6961,0.8814,0.338,0.4911,0.7775,T Nagar,afternoon,apartment,large,0,0,3,2024-11-21,70.61,0
0.0094,0.6532,0.4078,0.6237,0.2446,0.1732,0.5683,T Nagar,morning,apartment,medium,0,0,3,2024-04-04,21.64,1
0.2248,0.4178,0.5824,0.1366,0.5421,0.5199,0.5007,Adyar,afternoon,apartment,medium,1,0,5,2024-02-24,48.95,1
0.1892,0.5525,0.7517,0.6297,0.0966,0.2413,0.2058,Porur,morning,apartment,small,0,0,0,2024-02-12,18.05,1
0.0062,0.5266,0.6608,0.4505,0.2659,0.17,0.4911,Porur,morning,apartment,medium,0,0,3,2024-01-04,11.96,1
0.211,0.9071,0.2749,0.9651,0.5659,0.1791,0.7948,Velachery,morning,independent,large,0,0,2,2024-03-20,65.07,0
0.5929,0.5188,0.9099,0.8813,0.4618,0.2049,0.3074,Velachery,morning,independent,small,0,0,3,2024-08-15,51.45,0
0.1326,0.2955,0.7545,0.7306,0.4973,0.587,0.2025,Porur,afternoon,independent,small,0,0,0,2024-01-01,12.04,1
0.3259,0.4074,0.4353,0.5776,0.4433,0.5784,0.145,Velachery,afternoon,independent,small,1,0,5,2024-09-28,48.92,1
0.162,0.4536,0.3646,0.6871,0.5158,0.2687,0.2095,Anna Nagar,morning,independent,small,0,0,3,2024-12-12,33.39,1
0.4639,0.512,0.5686,0.873,0.1266,0.4298,0.397,Adyar,evening,independent,medium,0,0,1,2024-12-31,49.51,1
0.0574,0.519,0.2583,0.8968,0.3546,0.3433,0.833,Anna Nagar,evening,apartment,large,0,0,0,2024-08-05,27.91,1
0.3827,0.7067,0.878,0.7076,0.3562,0.6083,0.6608,T Nagar,afternoon,apartment,large,1,0,6,2024-05-12,52.97,0
0.5299,0.5333,0.4637,0.7431,0.452,0.302,0.3988,T Nagar,morning,independent,medium,0,0,2,2024-05-29,68.5,0
0.0519,0.444,0.7082,0.7038,0.6107,0.3773,0.0924,T Nagar,evening,apartment,small,0,0,4,2024-04-26,12.52,1
0.4138,0.5305,0.7333,0.6979,0.2637,0.4176,0.7618,Adyar,afternoon,apartment,large,0,0,0,2024-10-28,49.54,1
0.3746,0.1792,0.7657,0.7991,0.4637,0.1909,0.7346,Porur,morning,independent,large,0,0,2,2024-09-04,15.43,1
0.1408,0.3329,0.7164,0.645,0.3125,0.298,0.1248,Anna Nagar,evening,apartment,small,0,0,4,2024-12-13,9.02,1
0.2371,0.4879,0.6332,0.5686,0.847,0.4874,0.8538,Anna Nagar,afternoon,apartment,large,0,0,4,2024-01-19,47.21,0
0.4758,0.6143,0.3727,0.6,0.3748,0.5904,0.8222,T Nagar,afternoon,independent,large,0,0,2,2024-10-09,83.2,0
0.3017,0.4873,0.3238,0.7225,0.1594,0.5757,0.7501,T Nagar,afternoon,apartment,large,0,0,2,2024-11-13,50.37,0
0.478,0.7278,0.4783,0.7581,0.5059,0.2589,0.1619,Velachery,morning,apartment,small,0,0,3,2024-04-11,80.09,0
0.0016,0.6879,0.4081,0.8734,0.2794,0.491,0.2435,Anna Nagar,afternoon,apartment,small,0,0,0,2024-09-16,15.77,1
0.0112,0.6852,0.8174,0.6439,0.8162,0.517,0.1913,T Nagar,afternoon,apartment,small,1,0,5,2024-06-29,14.72,1
0.721,0.5423,0.7318,0.7642,0.4414,0.4568,0.5632,Velachery,afternoon,independent,medium,1,0,5,2024-08-10,80.05,0
0.0,0.283,0.5033,0.4051,0.3406,0.2244,0.3632,Porur,morning,independent,medium,1,0,5,2024-12-14,13.79,1
0.165,0.6839,0.7447,0.6634,0.5918,0.2859,0.2059,Anna Nagar,morning,apartment,small,0,0,2,2024-04-24,28.62,1
0.3578,0.8002,0.8168,0.5463,0.2096,0.4924,0.5637,Adyar,afternoon,independent,medium,1,0,6,2024-10-20,59.43,0
0.1809,0.8165,0.1615,0.3583,0.1154,0.4947,0.1642,Adyar,afternoon,apartment,small,1,0,5,2024-12-14,61.61,0
0.2814,0.0396,0.5277,0.4554,0.3778,0.193,0.7826,Porur,morning,apartment,large,0,0,3,2024-07-18,20.59,1
0.1804,0.5885,0.8539,0.7829,0.5287,0.4845,0.8182,Adyar,afternoon,apartment,large,0,0,0,2024-01-08,28.4,1
0.6583,0.4876,0.6758,0.639,0.2979,0.3632,0.8835,Adyar,evening,apartment,large,0,0,0,2024-02-26,72.79,0
0.6147,0.6603,0.6902,0.3152,0.5269,0.2187,0.2161,Velachery,morning,apartment,small,0,0,4,2024-01-26,92.05,0
0.119,0.3576,0.8774,0.3503,0.2436,0.3127,0.5464,Velachery,morning,independent,medium,1,0,6,2024-09-22,14.54,1
0.6215,0.4328,0.535,0.8533,0.592,0.1172,0.1759,Velachery,morning,independent,small,0,0,0,2024-07-22,62.3,0
0.1717,0.5075,0.1858,0.9301,0.5925,0.2261,0.5677,Velachery,morning,apartment,medium,0,0,1,2024-02-20,46.94,1
0.0351,0.1846,0.9022,0.8221,0.1564,0.2247,0.3721,Porur,morning,apartment,medium,0,0,2,2024-03-20,0.0,1
0.3667,0.5931,0.7238,0.9304,0.3866,0.336,0.4985,Adyar,evening,independent,medium,0,0,1,2024-01-16,42.76,0
0.0669,0.6702,0.5054,0.9311,0.4896,0.5617,0.5627,T Nagar,afternoon,independent,medium,1,0,6,2024-06-30,25.41,1
0.0446,0.5066,0.2317,0.4091,0.1746,0.2591,0.5789,Adyar,morning,apartment,medium,0,0,2,2024-05-22,35.31,1
0.1781,0.1234,0.8747,0.8863,0.3795,0.4928,0.539,Velachery,afternoon,apartment,medium,1,0,5,2024-01-06,0.0,1
0.2151,0.6164,0.7973,0.8837,0.1706,0.191,0.7916,Porur,morning,apartment,large,0,0,1,2024-04-30,20.88,1
0.0865,0.2934,0.5347,0.4586,0.5891,0.1218,0.1834,T Nagar,morning,apartment,small,1,0,5,2024-12-14,19.78,1
0.181,0.3054,0.6976,0.9005,0.2918,0.4405,0.2086,Anna Nagar,evening,apartment,small,0,0,3,2024-05-23,7.23,1
0.2681,0.2798,0.6717,0.4169,0.4326,0.3682,0.1771,Porur,evening,apartment,small,0,0,3,2024-09-26,26.78,1
0.1472,0.5041,0.2842,0.245,0.1,0.2225,0.8515,T Nagar,morning,independent,large,0,0,2,2024-12-11,45.33,1
0.3479,0.4703,0.6205,0.5457,0.1457,0.2732,0.6749,T Nagar,evening,apartment,large,0,0,1,2024-02-27,41.37,1
0.3231,0.5762,0.8337,0.6307,0.1801,0.264,0.4888,T Nagar,evening,apartment,medium,0,0,0,2024-02-26,34.41,0
0.3924,0.6439,0.8242,0.8852,0.585,0.484,0.1721,Adyar,afternoon,apartment,small,0,0,1,2024-10-15,48.55,1
0.2351,0.4381,0.8944,0.1995,0.7478,0.2672,0.5191,Velachery,morning,independent,medium,1,0,5,2024-01-20,36.74,1
0.303,0.9524,0.4105,0.706,0.5834,0.3437,0.5505,T Nagar,evening,independent,medium,0,0,4,2024-05-17,79.63,0
0.5695,0.5787,0.6602,0.4543,0.4252,0.4512,0.7047,Porur,afternoon,apartment,medium,0,0,2,2024-10-23,78.65,0
0.6251,0.4885,0.966,0.4605,0.2149,0.3302,0.2171,Velachery,evening,apartment,small,1,0,6,2024-11-03,55.13,0
0.2572,0.4173,0.5381,0.9138,0.543,0.4515,0.5783,Adyar,afternoon,independent,medium,0,0,4,2024-10-04,35.55,1
0.0578,0.4669,0.8342,0.7206,0.6058,0.1724,0.7953,Velachery,morning,apartment,large,0,0,3,2024-10-10,13.17,1
0.1681,0.5389,0.7716,0.639,0.7559,0.422,0.179,Porur,evening,apartment,small,0,0,3,2024-11-14,27.73,1
0.3123,0.3724,0.6622,0.2724,0.1987,0.431,0.4948,Adyar,evening,apartment,medium,0,0,2,2024-12-25,40.57,1
0.0713,0.4388,0.8913,0.9729,0.5756,0.3223,0.5838,Velachery,evening,apartment,medium,1,0,6,2024-11-03,2.73,1
0.188,0.6422,0.798,0.8725,0.4979,0.4823,0.7913,Velachery,evening,apartment,large,0,0,1,2024-10-15,32.34,1
0.6937,0.5711,0.8572,0.8253,0.2133,0.5277,0.2644,Adyar,afternoon,independent,small,0,0,2,2024-04-17,69.24,0
0.1831,0.9567,0.189,0.9178,0.576,0.5595,0.2407,Adyar,afternoon,apartment,small,0,0,2,2024-03-13,67.63,0
0.4395,0.384,0.9663,0.785,0.3183,0.1844,0.5763,Velachery,morning,apartment,medium,1,0,5,2024-06-01,24.67,1
0.0066,0.3669,0.6023,0.7049,0.3766,0.2088,0.7594,Anna Nagar,morning,independent,large,0,0,0,2024-10-14,8.86,1
0.0098,0.2109,0.8389,0.4116,0.5375,0.5316,0.8308,Anna Nagar,afternoon,apartment,large,0,0,2,2024-06-12,11.1,1
0.0055,1.0,0.6685,0.5449,0.6394,0.5515,0.241,Anna Nagar,afternoon,apartment,small,0,0,3,2024-10-31,27.23,1
0.08,0.4421,0.492,0.3937,0.2653,0.2674,0.5425,Anna Nagar,morning,apartment,medium,1,0,6,2024-06-09,23.67,1
0.8402,0.6862,0.0913,0.2739,0.523,0.444,0.1631,Velachery,evening,independent,small,0,0,3,2024-04-11,100.0,0
0.6131,0.397,0.8444,0.2797,0.3535,0.5936,0.5677,T Nagar,afternoon,apartment,medium,1,0,5,2024-09-28,59.96,0
0.0144,0.4479,0.7235,0.5899,0.1937,0.2184,0.4581,Porur,morning,independent,medium,0,0,3,2024-05-09,4.3,1
0.1086,0.8514,0.7783,0.6864,0.562,0.6355,0.4546,Velachery,evening,apartment,medium,0,1,4,2024-11-01,40.03,0
0.548,0.2454,0.5866,0.9801,0.141,0.2749,0.1317,Adyar,morning,independent,small,0,0,1,2024-12-24,25.15,1
0.3494,0.4863,0.8012,0.8575,0.2361,0.4369,0.1755,Anna Nagar,evening,apartment,small,0,0,3,2024-05-09,25.64,1
0.0177,0.115,0.8032,0.9539,0.0919,0.2541,0.427,Anna Nagar,morning,apartment,medium,0,0,4,2024-12-20,0.0,1
0.1064,0.7889,0.2827,0.0791,0.6423,0.2055,0.2554,T Nagar,morning,independent,small,0,0,0,2024-08-19,62.71,0
0.1077,0.2938,0.3981,0.7289,0.4554,0.5699,0.4738,Porur,afternoon,apartment,medium,1,0,6,2024-08-04,25.09,1
0.276,0.4247,0.5082,0.3348,0.281,0.2624,0.7174,Adyar,morning,independent,large,0,0,1,2024-12-31,46.48,0
0.1281,0.3971,0.7684,0.6369,0.2132,0.3388,0.4087,T Nagar,morning,apartment,medium,1,0,6,2024-06-02,9.75,1
0.5574,0.7951,0.5542,0.6433,0.3892,0.5123,0.8908,Porur,afternoon,independent,large,0,0,1,2024-06-11,99.18,0
0.145,0.7317,0.3539,0.824,0.4462,0.3402,0.6844,Adyar,evening,apartment,large,0,0,4,2024-08-09,46.03,1
0.15,0.2416,0.9512,0.675,0.853,0.4331,0.6304,Porur,evening,apartment,medium,1,0,6,2024-01-07,8.63,1
0.0775,0.3126,0.8636,0.6855,0.3542,0.4457,0.2199,Porur,afternoon,independent,small,0,0,4,2024-11-15,1.49,1
0.537,0.245,0.6019,0.8479,0.575,0.4969,0.187,Anna Nagar,afternoon,independent,small,0,0,3,2024-08-15,35.78,1
0.425,0.4619,0.9487,0.6105,0.5762,0.3865,0.2034,Velachery,evening,apartment,small,0,0,1,2024-10-22,39.81,1
0.0159,0.7279,0.6885,0.5796,0.2176,0.5121,0.0925,Anna Nagar,afternoon,apartment,small,0,0,2,2024-06-19,12.28,1
0.1894,0.5817,0.727,0.6346,0.556,0.6051,0.8337,Velachery,afternoon,apartment,large,0,0,4,2024-01-05,41.87,1
0.1738,0.1604,0.3378,0.7187,0.5129,0.4554,0.211,Velachery,afternoon,apartment,small,1,0,6,2024-12-29,27.71,1
0.3258,0.4693,0.3171,0.4377,0.241,0.4519,0.5617,T Nagar,afternoon,apartment,medium,1,0,5,2024-08-31,55.6,0
0.3142,0.3693,0.4897,0.7948,0.3271,0.4599,0.2294,T Nagar,afternoon,independent,small,1,0,5,2024-07-27,31.89,1
0.6359,0.3688,0.6504,0.6857,0.7636,0.3488,0.1906,Adyar,evening,independent,small,0,0,2,2024-06-12,60.9,0
0.1327,0.6788,0.328,0.2474,0.1855,0.6543,0.4618,Adyar,evening,independent,medium,1,1,5,2024-11-02,56.45,0
0.2926,0.5376,0.7023,0.6422,0.3337,0.4507,0.2073,Adyar,afternoon,apartment,small,1,0,5,2024-05-04,36.39,1
0.3828,0.7687,0.5176,0.9119,0.6715,0.5166,0.4956,Velachery,afternoon,independent,medium,1,0,5,2024-05-04,73.59,0
0.0516,0.3923,0.8144,0.6566,0.6173,0.458,0.1945,Porur,afternoon,apartment,small,0,0,3,2024-12-05,8.76,1
0.7273,0.571,0.7636,0.8786,0.1256,0.1805,0.1673,Adyar,morning,apartment,small,1,0,6,2024-12-01,66.11,0
0.0593,0.5031,0.8004,0.6327,0.3195,0.1612,0.1586,Anna Nagar,morning,independent,small,0,0,1,2024-01-09,3.36,1
0.0519,0.6704,0.7597,0.7217,0.6319,0.3779,0.2028,Anna Nagar,evening,apartment,small,0,0,0,2024-10-28,14.95,0
0.0852,0.2484,0.6937,0.7308,0.2845,0.567,0.5574,Porur,afternoon,apartment,medium,0,0,0,2024-06-03,9.12,1
0.5696,0.7022,0.425,0.5841,0.1217,0.5606,0.4738,Velachery,afternoon,independent,medium,1,0,5,2024-05-04,92.06,0
0.1066,0.4907,0.9132,0.9469,0.4267,0.2555,0.2816,T Nagar,morning,apartment,small,0,0,1,2024-06-11,0.53,1
0.3478,0.3861,0.4411,0.9491,0.1414,0.3912,0.5599,Anna Nagar,evening,independent,medium,0,0,2,2024-01-17,31.4,1
0.2735,0.5216,0.8587,0.6252,0.6113,0.5435,0.565,Porur,afternoon,independent,medium,1,0,5,2024-09-28,33.94,1
0.2484,0.4271,0.9787,0.7507,0.3922,0.2832,0.1727,T Nagar,morning,apartment,small,1,0,6,2024-03-03,9.26,1
0.1922,0.3783,0.7697,0.7307,0.3716,0.2304,0.2072,Velachery,morning,independent,small,1,0,5,2024-03-23,13.7,1
0.2121,0.6381,0.1578,0.3962,0.7472,0.09,0.2142,Porur,morning,apartment,small,0,0,2,2024-11-13,66.89,0
0.1382,0.135,0.7173,0.6484,0.3465,0.0821,0.2161,Porur,morning,apartment,small,1,0,5,2024-06-29,0.0,1
0.0892,0.3127,0.6253,0.3684,0.2834,0.2793,0.5936,Adyar,morning,independent,medium,1,0,6,2024-07-14,19.91,1
0.1026,0.7073,0.3335,0.5906,0.4468,0.2358,0.2537,T Nagar,morning,apartment,small,0,0,0,2024-08-12,40.45,1
0.007,0.5503,0.6471,0.6388,0.4267,0.3378,0.4589,Adyar,evening,apartment,medium,1,0,5,2024-03-02,13.78,1
0.2903,0.4686,0.754,0.7173,0.6565,0.5624,0.2158,Porur,afternoon,independent,small,0,0,3,2024-06-27,34.82,1
0.4028,0.4956,0.438,0.406,0.2857,0.1427,0.1314,Adyar,morning,independent,small,1,0,6,2024-12-15,54.78,0
0.3374,0.5298,0.6635,0.8841,0.804,0.1882,0.1783,T Nagar,morning,apartment,small,0,0,0,2024-09-16,40.94,1
0.3522,0.2458,0.4823,0.668,0.2279,0.3752,0.2819,Adyar,evening,independent,small,0,0,0,2024-10-21,30.36,1
0.5744,0.3043,0.3857,0.2439,0.4943,0.3651,0.1768,Porur,morning,independent,small,0,0,3,2024-11-21,65.51,0
0.4809,0.3403,0.167,0.9386,0.0762,0.5638,0.4155,Adyar,afternoon,independent,medium,0,0,0,2024-12-30,51.06,0
0.6595,0.4304,0.0816,0.7538,0.1515,0.3087,0.5317,Adyar,morning,independent,medium,0,0,4,2024-08-30,80.41,0
0.0994,0.1621,0.8065,0.8786,0.9225,0.5204,0.79,Velachery,afternoon,apartment,large,1,0,5,2024-07-06,12.41,1
0.1565,0.2171,0.4538,0.4614,0.6396,0.4068,0.1623,Velachery,evening,independent,small,1,0,5,2024-06-01,32.19,1
0.0658,0.414,0.6393,0.6574,0.4754,0.497,0.1223,Anna Nagar,afternoon,independent,small,0,0,2,2024-12-25,14.65,1
0.1045,0.3937,0.5522,0.6695,0.5093,0.3287,0.1425,T Nagar,evening,independent,small,0,0,3,2024-02-15,20.85,1
0.3398,0.4471,0.178,0.8691,0.7206,0.3858,0.1346,Adyar,evening,apartment,small,0,0,0,2024-05-06,60.82,0
0.3428,0.591,0.2349,0.4558,0.4283,0.1878,0.5415,Velachery,morning,independent,medium,0,0,0,2024-07-01,73.07,0
0.1716,0.3519,0.5669,0.8221,0.6281,0.5727,0.184,Velachery,afternoon,apartment,small,0,0,3,2024-12-12,28.5,1
0.0019,0.5422,0.1871,0.6332,0.2361,0.513,0.5674,Anna Nagar,afternoon,apartment,medium,0,0,1,2024-04-02,29.88,1
0.5032,0.1778,0.6074,0.7205,0.517,0.2755,0.2647,Velachery,morning,independent,small,1,0,5,2024-03-16,30.23,1
0.0356,0.5899,0.326,0.7693,0.6631,0.243,0.3018,Anna Nagar,morning,independent,small,0,0,2,2024-10-30,29.23,1
0.3578,0.7615,0.6505,0.835,0.1872,0.3076,0.4733,T Nagar,morning,independent,medium,0,0,3,2024-09-26,52.93,0
0.5974,0.5249,0.8536,0.6149,0.4402,0.4373,0.2401,Velachery,afternoon,apartment,small,1,0,6,2024-12-08,62.01,0
0.7201,0.3684,0.79,0.6628,0.2552,0.269,0.1582,Adyar,morning,apartment,small,1,0,6,2024-09-22,49.48,1
0.2285,0.506,0.8246,0.7189,0.119,0.5747,0.1551,T Nagar,afternoon,independent,small,0,0,3,2024-03-21,20.03,1
0.3458,0.3247,0.4861,0.5847,0.6111,0.268,0.2061,Adyar,morning,apartment,small,0,0,3,2024-02-08,42.92,1
0.4652,0.1207,0.7551,0.6011,0.286,0.196,0.4913,Adyar,morning,independent,medium,1,0,5,2024-01-20,15.85,1
0.8463,0.9115,0.7257,0.8572,0.5327,0.4869,0.7647,Velachery,afternoon,independent,large,0,0,0,2024-04-22,100.0,0
0.0,0.8142,0.7539,0.5721,0.4965,0.5737,0.1763,Anna Nagar,afternoon,apartment,small,0,0,0,2024-01-22,15.79,1
0.1976,0.4344,0.7895,0.9068,0.7561,0.4929,0.8419,Adyar,evening,independent,large,1,0,5,2024-06-15,25.16,1
0.307,0.9136,0.4403,0.6448,0.2308,0.5222,0.4401,T Nagar,evening,apartment,medium,0,0,2,2024-11-27,72.15,0
0.3545,0.4687,0.7702,0.6807,0.1425,0.2918,0.5731,Velachery,morning,apartment,medium,0,0,3,2024-06-06,34.81,1
0.0984,0.5985,0.5803,0.7363,0.458,0.5339,0.2172,Porur,afternoon,apartment,small,0,0,4,2024-08-02,25.47,1
0.1544,0.3462,0.451,0.7379,0.5594,0.2975,0.7758,Anna Nagar,evening,apartment,large,1,0,6,2024-01-07,27.65,1
0.5189,0.5017,0.9183,0.8869,0.7601,0.5933,0.4922,T Nagar,afternoon,apartment,medium,0,0,2,2024-01-10,50.99,0
0.3015,0.6586,0.6636,0.2072,0.1812,0.4725,0.1629,Velachery,afternoon,apartment,small,1,0,6,2024-06-30,55.4,0
0.2338,0.0498,0.7264,0.7239,0.1455,0.251,0.1598,Porur,evening,apartment,small,0,0,4,2024-10-25,0.0,1
0.1752,0.1875,0.2637,0.2522,0.7952,0.5895,0.7131,Anna Nagar,afternoon,apartment,large,0,0,0,2024-10-28,53.68,0
0.0008,0.0822,0.804,0.4649,0.8557,0.2744,0.5784,Anna Nagar,evening,independent,medium,1,0,5,2024-09-21,6.28,1
0.2243,0.4896,0.3929,0.4532,0.474,0.1803,0.2979,T Nagar,morning,independent,small,1,0,5,2024-03-16,43.64,0
0.4466,0.3694,0.4203,0.5562,0.3989,0.4997,0.1732,Anna Nagar,afternoon,independent,small,0,0,0,2024-07-29,51.99,0
0.1712,0.1312,0.5106,0.7929,0.1878,0.3996,0.4311,T Nagar,evening,apartment,medium,0,0,3,2024-05-16,10.56,1
0.0258,0.1747,0.5319,0.8643,0.3295,0.019,0.5469,Porur,morning,apartment,medium,1,0,5,2024-10-05,0.0,1
0.0169,0.7808,0.7273,0.649,0.5912,0.2206,0.182,T Nagar,morning,apartment,small,0,0,3,2024-11-28,15.28,1
0.6789,0.2246,0.3113,0.7705,0.0266,0.1061,0.1526,Velachery,morning,independent,small,1,0,6,2024-07-14,40.76,1
0.2744,1.0,0.8033,0.5684,0.2635,0.677,0.7856,Velachery,afternoon,apartment,large,0,0,2,2024-11-20,67.92,0
0.0663,0.2204,0.5276,0.7903,0.1866,0.2559,0.5353,Anna Nagar,morning,apartment,medium,1,0,5,2024-05-25,3.36,1
0.1026,0.2058,0.2145,0.8512,0.9635,0.5975,0.9351,Anna Nagar,afternoon,apartment,large,1,0,5,2024-11-16,42.31,1
0.7362,0.5369,0.6736,0.6343,0.2866,0.5757,0.237,Velachery,afternoon,apartment,small,0,0,2,2024-09-04,84.56,0
0.5109,0.2817,0.8013,0.5838,0.2807,0.332,0.1718,Velachery,evening,independent,small,1,0,5,2024-05-18,30.88,1
0.1961,0.2211,0.2557,0.2205,0.2005,0.1952,0.2202,Anna Nagar,morning,apartment,small,1,0,6,2024-09-08,31.99,1
0.2574,0.3745,0.8136,0.4149,0.3018,0.427,0.1132,Porur,evening,independent,small,0,0,1,2024-11-12,23.39,1
0.0239,0.3767,0.1822,0.8782,0.6704,0.4135,0.2441,Anna Nagar,evening,independent,small,0,0,2,2024-04-03,29.29,1
0.2044,0.6719,0.0446,0.7258,0.257,0.4447,0.5087,Adyar,afternoon,apartment,medium,0,0,4,2024-02-16,61.09,0
0.0674,0.6543,0.3197,0.577,0.249,0.4968,0.5508,Adyar,afternoon,apartment,medium,0,0,3,2024-01-25,38.56,1
0.0381,0.5489,0.4649,0.7858,0.577,0.1675,0.5461,Porur,morning,apartment,medium,0,0,2,2024-09-25,21.88,1
0.8557,0.4992,0.6486,0.8407,0.2232,0.2243,0.7978,Velachery,morning,apartment,large,0,0,1,2024-03-26,85.42,0
0.1009,0.1934,0.8253,0.2756,0.4992,0.3607,0.6831,Adyar,morning,apartment,large,0,0,2,2024-06-12,18.25,1
0.0278,0.4399,0.5084,0.5468,0.7477,0.329,0.5927,Anna Nagar,morning,apartment,medium,1,0,5,2024-07-27,25.86,1
0.4625,0.412,0.9353,0.8502,0.5396,0.4859,0.5075,Adyar,afternoon,apartment,medium,1,0,6,2024-09-01,33.7,0
0.3422,0.1971,0.3118,0.377,0.2378,0.3183,0.4428,Adyar,morning,apartment,medium,1,0,6,2024-04-28,39.6,0
0.595,0.5937,0.4714,0.2586,0.4743,0.2187,0.3827,T Nagar,morning,apartment,medium,0,0,4,2024-12-27,91.7,0
0.7599,0.4689,0.5272,0.5571,0.5963,0.4806,0.2658,Velachery,afternoon,apartment,small,1,0,5,2024-09-07,89.72,0
0.0955,0.4728,0.7487,0.6771,0.3508,0.579,0.8776,Porur,afternoon,apartment,large,1,0,6,2024-08-18,17.92,1
0.4752,0.2315,0.8118,0.4764,0.5104,0.3192,0.8129,Velachery,evening,apartment,large,1,0,5,2024-01-13,35.58,1
0.2406,0.6833,0.1842,0.5149,0.3937,0.3161,0.7015,Anna Nagar,morning,apartment,large,0,0,4,2024-09-20,65.54,0
0.1556,0.604,0.6056,0.8996,0.4071,0.5313,0.1522,Porur,afternoon,apartment,small,0,0,2,2024-10-09,24.97,1
0.1948,0.8093,0.2811,0.5592,0.5808,0.2557,0.1147,T Nagar,morning,independent,small,0,0,2,2024-07-24,61.29,0
0.0003,0.5022,0.5765,0.4082,0.4639,0.5898,0.7829,Anna Nagar,afternoon,apartment,large,0,0,4,2024-06-28,26.44,0
0.1118,0.1896,0.5823,0.8648,0.2121,0.6283,0.4032,Adyar,afternoon,apartment,medium,1,0,6,2024-09-01,8.41,1
0.1602,0.7122,0.9356,0.8344,0.5356,0.4705,0.7518,Adyar,afternoon,independent,large,0,0,2,2024-02-07,25.79,1
0.2487,0.8098,0.743,0.8236,0.809,0.548,0.213,Porur,afternoon,apartment,small,0,0,1,2024-07-02,49.22,1
0.3381,0.6153,0.8625,0.971,0.2969,0.6005,0.3911,Adyar,afternoon,apartment,medium,1,1,6,2024-01-14,37.59,1
0.5703,0.6598,0.6508,0.7357,0.0824,0.2964,0.5593,Velachery,evening,independent,medium,0,0,0,2024-05-13,73.88,0
0.0283,0.2974,0.4053,0.5501,0.8055,0.3898,0.6264,Anna Nagar,evening,apartment,medium,0,0,3,2024-01-25,31.66,1
0.1572,0.6148,0.8771,0.79,0.2774,0.3628,0.6065,Porur,evening,independent,medium,0,0,0,2024-04-01,16.34,1
0.8772,0.4625,0.7961,0.835,0.4956,0.3617,0.1652,Adyar,evening,apartment,small,0,0,4,2024-10-11,76.44,0
0.6154,0.4652,0.4109,0.7019,0.6222,0.3676,0.8286,Adyar,evening,apartment,large,0,0,3,2024-12-26,82.45,0
0.538,0.6133,0.3905,0.6986,0.4766,0.4253,0.5318,Velachery,evening,independent,medium,0,0,3,2024-07-18,86.86,0
0.3572,0.2079,0.6643,0.6655,0.5281,0.4162,0.1862,Anna Nagar,evening,apartment,small,1,0,5,2024-03-02,21.23,1
0.0191,0.403,0.721,0.3754,0.9593,0.4476,0.4786,Adyar,afternoon,independent,medium,1,0,6,2024-12-29,26.33,1
0.3541,0.4873,0.2791,0.3879,0.2586,0.317,0.4632,Porur,evening,independent,medium,1,0,6,2024-05-26,58.87,0
0.7691,0.5302,0.5375,0.6467,0.2281,0.2451,0.3817,Adyar,morning,apartment,medium,0,0,2,2024-05-15,86.21,0
0.4305,0.5725,0.65,0.4792,0.0371,0.2085,0.1563,Velachery,morning,independent,small,0,0,4,2024-03-22,52.53,1
0.2829,0.5203,0.5811,0.2158,0.7031,0.2855,0.1894,Anna Nagar,evening,apartment,small,0,0,3,2024-06-20,53.48,0
0.1525,0.5114,0.4607,0.807,0.1117,0.2711,0.5794,Velachery,morning,apartment,medium,0,0,0,2024-07-08,26.8,1
0.4672,0.3611,0.6373,0.9091,0.4539,0.2473,0.8401,Adyar,morning,apartment,large,1,0,6,2024-12-01,39.33,1
0.2741,0.8144,0.7012,0.9633,0.3638,0.3888,0.8898,Velachery,evening,apartment,large,0,0,4,2024-03-22,50.47,0
0.8393,0.3712,0.7725,0.3901,0.159,0.2855,0.8525,Velachery,morning,independent,large,0,0,0,2024-11-04,73.54,1
0.1403,0.7786,0.9583,0.8999,0.1052,0.5871,0.4784,Anna Nagar,afternoon,independent,medium,0,0,1,2024-04-09,13.32,1
0.1247,0.3413,0.9344,0.8224,0.5034,0.4568,0.3759,Velachery,afternoon,apartment,medium,0,0,2,2024-01-24,6.47,1
0.0735,0.0616,0.1927,0.6462,0.8186,0.3017,0.4827,Anna Nagar,evening,apartment,medium,1,0,6,2024-06-30,31.66,1
0.2602,0.2965,0.1588,0.9737,0.2471,0.4113,0.4965,Anna Nagar,evening,apartment,medium,1,0,6,2024-12-29,30.76,1
0.0028,0.291,0.9654,0.4353,0.42,0.4864,0.1576,Porur,evening,apartment,small,1,0,5,2024-01-27,0.0,1
0.2442,0.9885,0.6942,0.8401,0.2895,0.2884,0.5244,Velachery,morning,apartment,medium,0,0,4,2024-08-02,53.12,0
0.0418,0.3278,0.5246,0.3516,0.4006,0.2179,0.4853,Porur,morning,independent,medium,0,0,1,2024-08-06,21.83,1
0.0353,0.4364,0.8305,0.9091,0.3617,0.2746,0.1937,T Nagar,morning,independent,small,0,0,3,2024-05-02,0.0,1
0.1005,0.1936,0.4049,0.9474,0.5096,0.1968,0.1598,Anna Nagar,morning,apartment,small,0,0,4,2024-12-20,10.13,1
0.2799,0.3844,0.7641,0.2512,0.3651,0.4078,0.7435,Anna Nagar,evening,apartment,large,0,0,4,2024-12-27,36.75,1
0.0223,0.4223,0.5049,0.8354,0.4119,0.2023,0.8287,T Nagar,morning,apartment,large,1,0,6,2024-12-01,13.16,0
0.0548,0.3854,0.6888,0.4322,0.6306,0.5067,0.1575,Adyar,afternoon,independent,small,0,0,3,2024-04-04,22.93,1
0.229,0.1065,0.7076,0.7577,0.0927,0.2097,0.5343,Anna Nagar,morning,independent,medium,1,0,6,2024-06-09,0.0,1
0.5092,0.842,0.9713,0.8336,0.9636,0.2044,0.7477,Velachery,morning,apartment,large,0,0,0,2024-04-08,81.15,0
0.725,0.4674,0.6729,0.5729,0.7007,0.4468,0.1684,Adyar,afternoon,apartment,small,0,0,0,2024-07-01,80.72,0
0.3394,0.829,0.4924,0.7084,0.2902,0.5309,0.7799,Velachery,afternoon,independent,large,1,0,6,2024-09-29,72.85,0
0.3023,1.0,0.8764,0.7378,0.2159,0.5371,0.4869,Velachery,afternoon,independent,medium,0,0,0,2024-07-01,60.13,0
0.1805,0.9562,0.76,0.1966,0.651,0.156,0.4556,T Nagar,morning,apartment,medium,0,0,3,2024-10-17,56.16,0
0.0735,0.722,0.8211,0.5884,0.4688,0.3411,0.2554,Adyar,evening,apartment,small,0,0,2,2024-01-31,19.93,0
0.0196,0.6362,0.5886,0.8261,0.7182,0.1626,0.1727,Adyar,morning,apartment,small,0,0,0,2024-08-26,17.29,0
0.129,0.1838,0.2722,0.85,0.1742,0.4659,0.2274,Adyar,afternoon,apartment,small,0,0,3,2024-12-05,18.86,1
0.2327,0.1161,0.873,0.7989,0.1593,0.2334,0.156,Adyar,morning,independent,small,1,0,5,2024-08-03,0.0,1
0.0384,0.2492,0.7422,0.8751,0.1329,0.5397,0.3662,Porur,afternoon,independent,medium,1,0,5,2024-02-10,0.0,1
0.3146,0.5631,0.5208,0.9788,0.3073,0.2986,0.4405,Adyar,morning,independent,medium,0,0,4,2024-05-10,40.19,1
0.1182,0.1838,0.7499,0.7211,0.2853,0.0968,0.5578,Anna Nagar,morning,apartment,medium,1,0,6,2024-03-31,0.0,1
0.0338,0.3803,0.8728,0.3924,0.3318,0.3449,0.2421,Adyar,evening,apartment,small,1,0,5,2024-11-30,6.04,1
0.0926,0.1957,0.2354,0.7647,0.634,0.2445,0.4728,Anna Nagar,morning,independent,medium,1,0,5,2024-01-06,26.1,0
0.7521,0.2319,0.6887,0.6138,0.2105,0.409,0.236,Porur,evening,apartment,small,0,0,4,2024-03-29,41.88,1
0.0082,0.1786,0.5937,0.4752,0.4062,0.262,0.2194,Anna Nagar,morning,apartment,small,0,0,3,2024-11-28,8.32,1
0.5633,0.631,0.7275,0.3062,0.2906,0.2274,0.5429,Adyar,morning,apartment,medium,0,0,2,2024-09-11,79.4,0
0.2005,0.2199,0.6485,0.7585,0.4693,0.3356,0.4417,Porur,evening,apartment,medium,1,0,6,2024-07-28,12.95,1
0.0896,0.2302,0.1542,0.8023,0.4231,0.3483,0.2562,Anna Nagar,morning,independent,small,0,0,1,2024-12-03,25.86,1
0.0483,0.0708,0.5923,0.7946,0.2146,0.2463,0.4706,Adyar,morning,apartment,medium,1,0,5,2024-06-08,0.0,1
0.2975,0.3801,0.9529,0.816,0.2221,0.4137,0.192,T Nagar,evening,apartment,small,1,0,5,2024-03-09,9.42,1
0.5001,0.2886,0.2661,0.4323,0.4922,0.3069,0.8186,Velachery,evening,independent,large,1,0,5,2024-10-19,66.05,0
0.3019,0.5486,0.8479,0.315,0.6743,0.154,0.8552,Velachery,morning,apartment,large,1,0,6,2024-10-20,48.13,1
0.341,0.9487,0.3793,0.7685,0.5683,0.4801,0.2322,T Nagar,afternoon,apartment,small,0,0,1,2024-12-24,83.94,0
0.3113,0.4177,0.834,0.4568,0.4653,0.3657,0.7354,Velachery,evening,independent,large,1,0,5,2024-03-02,36.78,1
0.3265,0.3332,0.476,0.8217,0.3998,0.3438,0.2604,T Nagar,evening,apartment,small,0,0,2,2024-06-26,32.41,1
0.2941,0.0623,0.5604,0.6371,0.5046,0.2833,0.2626,Porur,morning,independent,small,0,0,2,2024-09-11,15.83,1
0.5405,0.9231,0.7085,0.5189,0.9989,0.3232,0.6134,T Nagar,morning,apartment,large,0,0,2,2024-06-19,100.0,0
0.0832,0.5508,0.5169,0.7051,0.643,0.3942,0.2032,Porur,afternoon,independent,small,0,0,4,2024-12-13,27.68,1
0.1164,0.4071,0.4283,0.8094,0.3412,0.4327,0.7198,Adyar,evening,apartment,large,0,0,1,2024-03-05,27.99,1
0.2965,0.4469,0.7074,0.6845,0.8291,0.4292,0.4558,Velachery,evening,apartment,medium,1,0,5,2024-11-09,42.02,1
0.7197,0.6346,0.8321,0.6479,0.1137,0.1838,0.1521,T Nagar,morning,independent,small,0,0,0,2024-06-24,76.1,1
0.277,0.4301,0.8564,0.8885,0.2902,0.3168,0.5785,Adyar,morning,apartment,medium,0,0,3,2024-07-25,18.77,1
0.5307,0.3385,0.3503,0.6601,0.5002,0.5769,0.5886,Anna Nagar,afternoon,independent,medium,0,0,4,2024-02-09,62.4,0
0.0004,0.4962,0.8326,0.8134,0.4748,0.1763,0.5221,Porur,morning,independent,medium,0,0,2,2024-08-07,0.0,1
0.285,0.4259,0.4642,0.9413,0.4282,0.4531,0.1465,Porur,afternoon,independent,small,0,0,2,2024-08-07,32.62,1
0.6756,0.2649,0.5418,0.6945,0.1336,0.267,0.1744,Velachery,morning,apartment,small,1,0,5,2024-09-21,42.97,1
0.3962,0.2134,0.2568,0.3032,0.61,0.5507,0.8166,Adyar,afternoon,apartment,large,1,0,6,2024-11-03,62.56,0
0.153,0.525,0.9211,0.7505,0.3849,0.3324,0.4419,Adyar,morning,apartment,medium,0,0,3,2024-02-15,13.72,1
0.0898,0.7567,0.786,0.9306,0.1362,0.1909,0.7428,Anna Nagar,morning,apartment,large,0,0,4,2024-12-06,9.15,1
0.1372,0.4449,0.8324,0.9278,0.6232,0.2007,0.2157,Adyar,morning,apartment,small,1,0,5,2024-05-04,6.86,1
0.1683,0.4487,0.1828,0.6844,0.3003,0.2409,0.4612,T Nagar,morning,independent,medium,0,0,2,2024-11-06,39.83,1
0.5942,0.648,0.7495,0.291,0.1136,0.2131,0.3953,T Nagar,morning,independent,medium,0,0,2,2024-08-14,78.16,0
0.0936,0.1012,0.6619,0.5726,0.613,0.2327,0.7448,Anna Nagar,morning,independent,large,0,0,3,2024-07-04,12.33,1
0.0263,0.8195,0.865,0.8799,0.4952,0.2552,0.1933,T Nagar,morning,apartment,small,0,0,0,2024-03-18,4.52,1
0.0504,0.9035,0.9418,0.847,0.6787,0.4767,0.8875,T Nagar,afternoon,apartment,large,0,0,3,2024-11-07,18.73,1
0.3118,0.486,0.5646,0.947,0.4106,0.2721,0.3025,T Nagar,morning,independent,small,0,0,3,2024-06-20,33.42,1
0.293,0.2773,0.8162,0.8742,0.087,0.2108,0.3809,Adyar,morning,independent,medium,0,0,0,2024-11-04,6.83,1
0.0056,0.0969,0.95,0.4468,0.7303,0.3889,0.8967,Porur,evening,apartment,large,1,0,5,2024-10-12,3.43,1
0.602,0.6424,0.9292,0.3913,0.7328,0.2759,0.1767,Adyar,morning,apartment,small,0,0,3,2024-03-07,78.61,0
0.0602,0.4277,0.8713,0.5239,0.434,0.5236,0.4752,Porur,evening,independent,medium,0,0,0,2024-09-23,11.49,1
0.5814,0.307,0.2345,0.9789,0.3166,0.4528,0.2118,Adyar,afternoon,apartment,small,0,0,1,2024-08-20,53.84,0
0.6733,0.5944,0.4861,0.4384,0.3949,0.2438,0.6313,Velachery,morning,apartment,medium,1,0,6,2024-11-24,96.42,0
0.0206,0.6684,0.6559,0.298,0.6286,0.4189,0.7868,Porur,evening,apartment,large,0,0,4,2024-02-16,32.78,1
0.3901,0.3661,0.4656,0.5394,0.2901,0.2358,0.5401,Adyar,morning,independent,medium,1,0,6,2024-07-28,44.65,1
0.1151,0.1985,0.5718,0.72,0.3713,0.2335,0.5631,Porur,morning,independent,medium,1,0,5,2024-11-16,9.66,1
0.0857,0.6337,0.4442,0.8829,0.2147,0.4752,0.4452,Porur,afternoon,apartment,medium,0,0,2,2024-01-31,23.24,1
0.1244,0.8114,0.2209,0.3036,0.1841,0.4809,0.255,Anna Nagar,afternoon,apartment,small,0,0,1,2024-05-21,53.84,0
0.0883,0.5417,0.8041,0.5853,0.1297,0.2073,0.476,Anna Nagar,morning,apartment,medium,0,0,0,2024-04-08,8.34,1
0.0418,0.6992,0.5651,0.4023,0.0886,0.5639,0.4259,T Nagar,afternoon,apartment,medium,1,0,6,2024-10-27,24.95,1
0.2707,0.5173,0.8855,0.2801,0.334,0.1177,0.3528,Adyar,morning,independent,medium,1,0,6,2024-08-04,31.38,1
0.4722,1.0,0.3891,0.9157,0.1901,0.5054,0.8262,Adyar,afternoon,independent,large,0,0,3,2024-01-11,100.0,0
0.0788,0.633,0.5084,0.653,0.6882,0.5547,0.4949,Porur,afternoon,independent,medium,0,0,0,2024-01-08,36.81,1
0.7424,0.6629,0.2115,0.6942,0.2148,0.2883,0.6054,Velachery,morning,apartment,medium,0,0,1,2024-05-21,100.0,0
0.541,0.4889,0.7133,0.426,0.5734,0.3567,0.6179,T Nagar,evening,apartment,medium,1,0,5,2024-01-06,65.64,0
0.228,0.2932,0.5443,0.5559,0.4303,0.2913,0.2337,Anna Nagar,evening,independent,small,0,0,4,2024-12-20,25.37,1
0.0881,0.4061,0.77,0.9294,0.4591,0.535,0.7672,Adyar,afternoon,independent,large,0,0,1,2024-08-06,12.48,1
0.1682,0.8066,0.534,0.8469,0.4195,0.5299,0.4316,T Nagar,afternoon,apartment,medium,0,0,2,2024-05-22,42.35,1
0.0528,0.2603,0.7917,0.6202,0.4736,0.2072,0.6974,Porur,morning,independent,large,1,0,6,2024-03-10,3.94,1
0.2592,0.2944,0.3184,0.9806,0.4542,0.4193,0.7846,Adyar,evening,independent,large,1,0,6,2024-08-11,34.47,1
0.4407,0.193,0.842,0.5044,0.1446,0.3677,0.7218,Anna Nagar,evening,independent,large,1,0,5,2024-08-31,18.28,1
0.0045,0.6281,0.7062,0.3147,0.183,0.4555,0.0967,T Nagar,evening,independent,small,0,0,0,2024-01-01,15.41,1
0.2926,0.5117,0.3999,0.2459,0.2664,0.5243,0.1044,Adyar,afternoon,apartment,small,0,0,2,2024-06-26,57.68,0
0.1345,0.6839,0.5201,0.7903,0.1328,0.2035,0.2125,Porur,morning,independent,small,0,0,2,2024-07-03,22.47,1
0.447,0.6514,0.3493,0.6736,0.4987,0.296,0.1721,T Nagar,morning,independent,small,1,0,6,2024-12-15,73.84,0
0.0811,0.4104,0.1909,0.4453,0.8528,0.3971,0.2342,T Nagar,evening,apartment,small,1,0,5,2024-09-14,49.14,1
0.3192,0.3434,0.955,0.3905,0.5632,0.2077,0.6088,Porur,morning,independent,medium,0,0,2,2024-01-31,25.7,1
0.0397,0.2207,0.8577,0.9333,0.242,0.1731,0.2226,Porur,morning,apartment,small,0,0,1,2024-04-16,0.0,1
0.3203,0.0616,0.8028,0.5691,0.6573,0.3778,0.7913,Anna Nagar,evening,apartment,large,0,0,1,2024-07-16,15.03,1
0.1085,0.49,0.4725,0.8536,0.3503,0.5164,0.55,Adyar,afternoon,independent,medium,0,0,2,2024-03-20,27.12,1
0.4586,0.1278,0.5507,0.8678,0.6672,0.4095,0.4573,Adyar,morning,apartment,medium,1,1,6,2024-01-14,31.53,1
0.2204,0.8378,0.5631,0.6278,0.6851,0.4993,0.4525,Adyar,afternoon,independent,medium,0,0,0,2024-12-23,61.36,0
0.6319,0.5424,0.2811,0.951,0.0985,0.3676,0.2678,Velachery,evening,independent,small,0,0,4,2024-03-01,76.02,0
0.0637,0.543,0.2769,0.6584,0.5069,0.585,0.4932,Porur,afternoon,apartment,medium,0,0,1,2024-03-19,39.34,1
0.3192,0.3266,0.778,0.5496,0.4341,0.2663,0.1268,Anna Nagar,morning,independent,small,0,0,2,2024-03-27,22.28,1
0.1748,0.1318,0.3713,0.7376,0.3062,0.3404,0.7368,Porur,evening,apartment,large,0,0,1,2024-06-11,20.95,1
0.0434,0.4028,0.1217,0.1964,0.8774,0.3098,0.5383,Porur,evening,independent,medium,0,0,3,2024-02-22,58.37,0
0.0093,0.526,0.9118,0.6182,0.5426,0.2875,0.2284,Porur,morning,apartment,small,1,1,6,2024-04-14,3.39,1
0.2448,0.1578,0.4539,0.759,0.2611,0.1943,0.2048,Porur,morning,independent,small,0,0,0,2024-07-15,13.96,1
0.6739,0.3361,0.7362,0.8745,0.4977,0.3468,0.5545,T Nagar,evening,independent,medium,0,0,0,2024-10-28,48.34,1
0.1665,0.2179,0.8252,0.7698,0.2657,0.4943,0.4656,Adyar,evening,apartment,medium,0,0,2,2024-05-15,6.43,1
0.2831,0.517,0.4417,0.735,0.4,0.4117,0.2013,T Nagar,evening,independent,small,1,0,6,2024-08-18,42.12,1
0.0883,0.129,0.198,0.92,0.3323,0.1184,0.1952,Anna Nagar,morning,independent,small,0,0,0,2024-01-22,12.08,1
0.1914,0.4676,0.9296,0.7938,0.3228,0.3537,0.7631,Anna Nagar,evening,independent,large,0,0,1,2024-01-02,12.19,1
0.7421,0.6157,0.4588,0.6771,0.6446,0.183,0.5046,Adyar,morning,independent,medium,0,0,3,2024-04-11,100.0,0
0.0397,0.699,0.1523,0.3776,0.3736,0.2565,0.1602,T Nagar,morning,apartment,small,0,0,0,2024-04-01,43.46,1
0.0771,1.0,0.6294,0.5586,0.4614,0.5684,0.7623,T Nagar,afternoon,apartment,large,0,0,1,2024-09-17,43.02,1
0.3937,0.4088,0.1248,0.5989,0.259,0.2985,0.0804,Adyar,evening,apartment,small,0,0,3,2024-01-11,58.35,1
0.2027,0.4616,0.1347,0.6227,0.1322,0.5072,0.1854,Adyar,afternoon,apartment,small,0,0,4,2024-05-31,45.27,1
0.1622,0.4962,0.7941,0.4468,0.5252,0.221,0.1165,Anna Nagar,morning,independent,small,1,0,5,2024-05-11,19.42,1
0.2084,0.6748,0.2919,0.984,0.4262,0.55,0.7425,Porur,afternoon,independent,large,0,0,2,2024-12-25,50.38,1
0.4686,0.232,0.5361,0.5485,0.3259,0.2927,0.7398,Adyar,evening,apartment,large,0,0,0,2024-03-18,41.22,1
0.2042,0.3701,0.8101,0.6592,0.4018,0.1103,0.1847,Porur,morning,independent,small,0,0,3,2024-03-28,11.18,1
0.2441,0.8127,0.8021,0.9167,0.4168,0.2435,0.4595,Adyar,morning,apartment,medium,0,0,4,2024-05-10,37.36,1
0.7533,0.479,0.4943,0.6734,0.4162,0.0963,0.1778,T Nagar,morning,independent,small,0,0,4,2024-04-05,78.36,0
0.0858,0.6809,0.3629,0.7416,0.8402,0.1953,0.9086,T Nagar,morning,apartment,large,0,0,2,2024-09-04,46.24,1
0.0663,0.4235,0.4804,0.458,0.3706,0.3105,0.4699,Anna Nagar,evening,apartment,medium,0,0,4,2024-12-06,24.88,1
0.2555,0.2943,0.4809,0.6063,0.6696,0.2617,0.8009,Anna Nagar,morning,independent,large,0,0,2,2024-07-31,37.76,1
0.425,0.6413,0.4394,0.6613,0.6715,0.1944,0.1805,T Nagar,morning,apartment,small,0,0,1,2024-12-24,71.21,0
0.3673,0.7233,0.5249,0.3935,0.3614,0.4764,0.5018,Velachery,afternoon,apartment,medium,0,0,0,2024-04-08,76.22,0
0.0452,0.8293,0.8399,0.7268,0.422,0.4858,0.2181,T Nagar,afternoon,independent,small,0,0,4,2024-09-13,14.41,1
0.6044,0.9017,0.2429,0.4548,0.7367,0.1921,0.3808,T Nagar,morning,apartment,medium,0,0,0,2024-08-12,100.0,0
0.1807,0.4144,0.2267,0.4518,0.3867,0.2119,0.2374,Velachery,morning,apartment,small,0,0,3,2024-06-27,46.04,1
0.177,0.3456,0.642,0.4284,0.3594,0.5342,0.2004,Adyar,afternoon,apartment,small,1,0,5,2024-02-03,26.53,1
0.6362,0.5297,0.9122,0.77,0.2853,0.3324,0.4955,Velachery,evening,apartment,medium,0,0,1,2024-05-14,59.98,0
0.0275,0.3974,0.9584,0.6193,0.7152,0.6068,0.4265,Velachery,afternoon,independent,medium,0,0,4,2024-11-29,10.47,1
0.2463,0.3097,0.805,0.7575,0.2358,0.3043,0.2628,Adyar,morning,apartment,small,1,0,6,2024-03-24,9.93,1
0.4305,0.331,0.9305,0.9826,0.2136,0.1557,0.8619,Velachery,morning,apartment,large,1,0,5,2024-10-19,16.85,1
0.3116,0.2842,0.2217,0.6272,0.8554,0.2168,0.1778,Adyar,morning,independent,small,1,0,6,2024-03-17,52.1,0
0.2738,0.1068,0.5122,0.7559,0.3333,0.1898,0.5261,Velachery,morning,apartment,medium,1,0,6,2024-06-30,16.01,1
0.5652,0.6782,0.4278,0.9141,0.1944,0.159,0.4403,Adyar,morning,independent,medium,0,0,4,2024-03-22,77.15,0
0.0593,0.2261,0.6119,0.5274,0.147,0.3385,0.8148,Velachery,morning,independent,large,1,0,5,2024-11-16,13.64,1
0.0622,0.4042,0.8103,0.7932,0.6069,0.36,0.2547,Anna Nagar,evening,apartment,small,1,0,5,2024-03-09,2.92,1
0.0407,0.5688,0.829,0.3428,0.2823,0.4377,0.1917,Adyar,afternoon,independent,small,0,0,0,2024-09-30,15.93,1
0.586,0.4167,0.3811,0.9318,0.6379,0.2907,0.5278,Porur,morning,independent,medium,0,0,3,2024-11-14,65.31,0
0.7545,0.5845,0.9076,0.9388,0.5769,0.1162,0.3291,Velachery,morning,apartment,small,1,0,6,2024-01-07,72.03,0
0.0535,0.3479,0.3609,0.5848,0.6187,0.1837,0.5095,Porur,morning,independent,medium,0,0,4,2024-06-28,28.75,1
0.0105,0.8584,0.9442,0.7046,0.4932,0.2079,0.2022,Velachery,morning,independent,small,0,0,0,2024-09-02,6.26,1
0.4244,0.7345,0.463,0.7214,0.3129,0.226,0.6557,Velachery,morning,apartment,large,0,0,4,2024-03-15,75.18,0
0.31,0.147,0.9576,0.9471,0.3515,0.3305,0.7158,Adyar,evening,apartment,large,1,0,6,2024-07-14,0.0,1
0.6606,0.2742,0.4868,0.6373,0.3342,0.284,0.8124,Velachery,evening,independent,large,0,0,4,2024-05-10,58.03,0
0.1741,0.8671,0.8043,0.8982,0.8726,0.2245,0.4794,Adyar,morning,apartment,medium,0,0,4,2024-12-27,37.99,1
0.0494,0.9736,0.9492,0.885,0.1263,0.5449,0.206,Velachery,afternoon,apartment,small,0,0,3,2024-11-28,9.21,1
0.248,0.4005,0.4555,0.9274,0.2492,0.3767,0.2545,Velachery,evening,apartment,small,1,0,5,2024-09-28,26.91,1
0.0799,0.4449,0.9315,0.7582,0.5286,0.2219,0.2368,Adyar,morning,independent,small,0,0,1,2024-02-13,2.77,1
0.0708,0.699,0.6651,0.5308,0.3517,0.3651,0.4605,Porur,morning,independent,medium,1,0,6,2024-09-08,22.85,1
0.0297,0.1366,0.5779,0.8474,0.4397,0.2347,0.2415,Anna Nagar,morning,apartment,small,1,0,6,2024-01-28,0.0,1
0.0506,0.2982,0.9413,0.6123,0.2257,0.3341,0.473,Porur,morning,apartment,medium,1,0,5,2024-03-02,0.0,1
0.6103,0.3324,0.1885,0.5401,0.3658,0.1948,0.4415,Adyar,morning,independent,medium,0,0,0,2024-05-27,70.7,0
0.0248,0.3965,0.8597,0.8914,0.3309,0.1879,0.5507,Anna Nagar,morning,independent,medium,1,0,6,2024-02-25,0.0,1
0.4046,0.5221,0.8086,0.5938,0.1075,0.482,0.6447,Anna Nagar,afternoon,apartment,medium,0,0,0,2024-09-23,41.84,1
0.1102,0.4,0.8453,0.6759,0.5896,0.2908,0.5058,Anna Nagar,morning,apartment,medium,1,0,5,2024-11-16,8.72,1
0.0839,0.5247,0.8216,0.9297,0.2068,0.4462,0.2151,Velachery,afternoon,independent,small,1,0,5,2024-01-27,3.22,1
0.4847,0.4131,0.9168,0.7383,0.2196,0.1361,0.5628,Velachery,morning,independent,medium,0,0,0,2024-04-29,33.28,1
0.2481,0.6025,0.4903,0.6621,0.5203,0.1624,0.7621,T Nagar,morning,independent,large,0,0,4,2024-09-27,48.57,1
0.0864,0.3799,0.4499,0.6451,0.4096,0.1604,0.1858,Velachery,morning,independent,small,0,0,0,2024-07-22,22.77,1
0.2169,0.2421,0.9293,0.9307,0.3048,0.5262,0.7303,Porur,afternoon,independent,large,0,0,3,2024-03-14,2.94,1
0.1185,0.5338,0.8383,0.3646,0.5356,0.4669,0.4224,Adyar,afternoon,apartment,medium,1,0,5,2024-06-15,26.1,1
0.1182,0.5233,0.6686,0.725,0.6689,0.2628,0.0617,Velachery,morning,independent,small,0,0,1,2024-10-29,23.97,1
0.082,0.2746,0.5177,0.4482,0.366,0.2394,0.1211,Anna Nagar,morning,apartment,small,0,0,3,2024-03-14,16.55,1
0.2267,0.7031,0.5555,0.7622,0.4786,0.3367,0.4924,T Nagar,evening,independent,medium,0,0,0,2024-06-10,45.28,1
0.2679,0.3631,0.3895,0.7898,0.456,0.2005,0.1941,Porur,morning,apartment,small,0,0,1,2024-05-14,32.3,1
0.2336,0.6138,0.5324,0.6011,0.2487,0.3788,0.5976,Velachery,afternoon,apartment,medium,1,0,6,2024-03-31,44.39,1
0.0665,0.6273,0.5989,0.9821,0.7733,0.1373,0.8887,Adyar,morning,independent,large,0,0,2,2024-01-10,24.38,1
0.5202,0.3764,0.9856,0.3569,0.3654,0.2936,0.1151,T Nagar,morning,apartment,small,1,0,6,2024-07-28,35.6,1
0.0159,0.5217,0.6567,0.7754,0.3922,0.1951,0.5068,Adyar,morning,apartment,medium,1,0,5,2024-11-30,8.07,1
0.1865,0.3128,0.333,0.8561,0.3862,0.1956,0.4912,T Nagar,morning,apartment,medium,0,0,4,2024-04-19,26.65,1
0.2,0.469,0.5337,0.9419,0.4037,0.4758,0.4453,T Nagar,evening,apartment,medium,0,0,0,2024-07-01,27.93,1
0.252,0.462,0.6061,0.6375,0.3394,0.5034,0.2009,Porur,afternoon,independent,small,0,0,0,2024-03-04,32.89,1
0.2932,0.4535,0.803,0.5958,0.6681,0.6301,0.5084,Velachery,afternoon,apartment,medium,1,0,5,2024-06-15,40.34,1
0.2134,0.2483,0.5543,0.6443,0.5422,0.1861,0.7284,Porur,morning,apartment,large,1,0,5,2024-10-19,23.6,1
0.2239,0.8817,0.4724,0.3528,0.3175,0.6532,0.7219,T Nagar,afternoon,apartment,large,0,0,1,2024-02-27,70.28,1
0.3528,0.5559,0.0853,0.3777,0.5725,0.6208,0.1949,Anna Nagar,afternoon,independent,small,0,0,0,2024-12-23,82.33,0
0.0058,0.6353,0.4756,0.9029,0.7835,0.0894,0.15,Anna Nagar,morning,apartment,small,0,0,3,2024-09-26,16.05,1
0.2909,0.2888,0.2459,0.9862,0.5956,0.2496,0.8415,Velachery,morning,apartment,large,1,0,5,2024-08-31,41.99,0
0.2095,0.3387,0.8433,0.719,0.3474,0.3234,0.6924,Porur,evening,apartment,large,0,0,3,2024-02-29,13.42,1
0.2146,0.6312,0.8555,0.6344,0.793,0.186,0.7963,Porur,morning,apartment,large,0,0,1,2024-05-21,35.2,1
0.3417,0.4551,0.7983,0.7059,0.8978,0.6538,0.8138,T Nagar,afternoon,apartment,large,1,0,6,2024-12-29,45.85,1
0.2375,0.615,0.2614,0.4976,0.2711,0.5606,0.8869,Velachery,afternoon,apartment,large,0,0,4,2024-05-10,65.42,0
0.1141,0.0814,0.5453,0.8546,0.4293,0.3755,0.4694,Porur,evening,independent,medium,1,0,5,2024-08-03,5.71,1
0.3258,0.2645,0.5343,0.6342,0.1144,0.2315,0.5713,Velachery,morning,apartment,medium,1,0,6,2024-09-15,26.52,1
0.7653,0.6162,0.1867,0.2394,0.4076,0.495,0.1898,Velachery,afternoon,apartment,small,1,0,6,2024-11-24,100.0,0
0.3214,0.5931,0.6097,0.9292,0.247,0.2006,0.6859,Anna Nagar,morning,apartment,large,0,0,3,2024-04-11,36.71,1
0.1111,0.292,0.7375,0.8456,0.8361,0.4435,0.2845,Velachery,afternoon,apartment,small,1,0,6,2024-02-18,14.8,1
0.026,0.5552,0.7361,0.2946,0.4631,0.4898,0.2042,Velachery,afternoon,apartment,small,0,0,2,2024-06-26,24.4,1
0.4648,0.4722,0.4604,0.5075,0.2981,0.2599,0.2392,Porur,evening,apartment,small,0,0,1,2024-03-12,57.32,0
0.1361,0.7816,0.7316,0.4129,0.2213,0.1324,0.2108,T Nagar,morning,apartment,small,0,0,1,2024-02-13,29.05,1
0.005,0.425,0.6209,0.9753,0.2185,0.3939,0.1902,Porur,evening,independent,small,1,0,5,2024-06-01,0.0,1
0.0866,0.2827,0.8556,0.9126,0.411,0.2431,0.6326,Porur,morning,apartment,medium,0,0,0,2024-05-20,0.0,1
0.5568,0.1208,0.6871,0.6982,0.3131,0.6095,0.7377,Porur,afternoon,independent,large,0,0,1,2024-04-09,27.45,1
0.1987,0.9421,0.7294,0.8623,0.0959,0.4851,0.4312,Velachery,afternoon,independent,medium,0,0,2,2024-06-12,40.43,1
0.4109,0.534,0.0664,0.665,0.549,0.1748,0.4299,Velachery,morning,apartment,medium,1,0,6,2024-05-05,78.03,0
0.0952,0.3643,0.8666,0.3517,0.2183,0.2655,0.7962,Porur,morning,independent,large,1,0,6,2024-02-18,10.81,1
0.0123,0.3488,0.8286,0.8748,0.4921,0.4928,0.2108,Adyar,afternoon,apartment,small,0,0,2,2024-09-25,0.0,1
0.0474,0.1607,0.8371,0.8685,0.4087,0.412,0.6426,Adyar,evening,apartment,large,0,0,4,2024-03-22,0.0,1
0.7798,0.4783,0.3392,0.9583,0.3669,0.1623,0.6432,Velachery,morning,apartment,medium,1,0,6,2024-05-12,84.51,0
0.0567,0.578,0.5246,0.213,0.692,0.3228,0.5305,Adyar,evening,independent,medium,0,0,1,2024-03-19,42.71,1
0.4557,0.1774,0.782,0.5081,0.4351,0.236,0.2591,Porur,morning,independent,small,0,0,0,2024-12-16,21.94,1
0.7764,0.6723,0.8093,0.6915,0.6657,0.5095,0.4636,T Nagar,afternoon,apartment,medium,0,0,2,2024-01-10,100.0,0
0.0342,0.5221,0.6832,0.4759,0.3363,0.2615,0.1002,T Nagar,morning,apartment,small,1,0,6,2024-09-29,11.38,1
0.0893,0.8617,0.6385,0.7776,0.1123,0.6193,0.7706,T Nagar,afternoon,independent,large,0,0,0,2024-06-17,29.18,1
0.4298,0.4302,0.7851,0.5504,0.5406,0.57,0.8277,Velachery,afternoon,apartment,large,1,0,5,2024-07-13,51.73,1
0.2676,0.6055,0.8085,0.5185,0.7362,0.5875,0.6629,Velachery,afternoon,apartment,medium,0,0,3,2024-02-15,51.76,0
0.2802,0.2364,0.3554,0.7997,0.3666,0.5475,0.7864,Anna Nagar,afternoon,independent,large,0,0,4,2024-05-17,33.9,1
0.2936,0.7484,0.7831,0.4731,0.3758,0.3294,0.6183,Adyar,evening,apartment,medium,0,0,4,2024-11-29,53.91,0
0.0822,0.6685,0.4213,0.6824,0.9605,0.3037,0.5731,T Nagar,morning,independent,medium,1,0,6,2024-04-28,43.64,1
0.0288,0.1781,0.7738,0.4044,0.2208,0.176,0.2692,Porur,morning,apartment,small,0,0,3,2024-11-07,0.55,1
0.306,0.3176,0.4245,0.7834,0.4947,0.5323,0.7385,Anna Nagar,afternoon,independent,large,0,0,3,2024-03-07,39.89,1
0.5551,0.582,0.7208,0.8614,0.5149,0.2307,0.5099,T Nagar,morning,independent,medium,1,0,6,2024-11-17,60.8,0
0.1803,0.5198,0.8355,0.887,0.8044,0.3972,0.4046,T Nagar,evening,apartment,medium,0,0,2,2024-02-07,22.1,1
0.2203,0.7901,0.1757,0.9029,0.1368,0.4048,0.5434,T Nagar,evening,apartment,medium,0,0,4,2024-02-09,54.33,1
0.0145,0.8061,0.5767,0.4049,0.2061,0.4471,0.7537,T Nagar,afternoon,independent,large,1,0,5,2024-04-13,26.75,1
0.1944,0.2117,0.3034,0.6937,0.3737,0.2571,0.3255,Velachery,morning,apartment,medium,0,0,4,2024-05-31,29.86,1
0.1827,0.2842,0.1966,0.6403,0.6139,0.3819,0.4109,Porur,evening,independent,medium,0,0,2,2024-07-24,42.82,1
0.0716,0.2861,0.862,0.5955,0.3691,0.5441,0.5552,Anna Nagar,afternoon,independent,medium,0,0,2,2024-08-21,6.07,0
0.2057,0.5446,0.7926,0.7086,0.5213,0.2781,0.5651,Adyar,morning,apartment,medium,0,0,2,2024-05-15,28.5,1
0.0934,0.1472,0.8381,0.7463,0.829,0.3903,0.5538,Porur,afternoon,apartment,medium,1,0,5,2024-04-06,4.62,1
0.1686,0.6278,0.191,0.8039,0.4238,0.3877,0.7778,T Nagar,evening,independent,large,0,0,0,2024-02-19,51.56,0
0.3582,0.3906,0.5279,0.6576,0.5052,0.5525,0.2087,Porur,afternoon,independent,small,0,0,2,2024-09-04,43.98,1
0.2262,0.5638,0.8303,0.7329,0.4015,0.4621,0.4183,Adyar,afternoon,apartment,medium,1,0,5,2024-12-07,26.76,1
0.026,0.2138,0.6301,0.4664,0.2779,0.2615,0.7209,Porur,morning,apartment,large,0,0,1,2024-06-18,11.23,1
0.0033,0.3908,0.8364,0.8322,0.2214,0.5361,0.4481,Adyar,afternoon,independent,medium,1,0,6,2024-02-04,0.0,1
0.1651,0.3376,0.9112,0.3772,0.6027,0.3225,0.1994,Adyar,evening,apartment,small,0,0,4,2024-09-20,18.08,1
0.3213,0.2964,0.6743,0.7095,0.4296,0.212,0.8936,Velachery,morning,independent,large,1,0,6,2024-06-02,29.12,0
0.0513,0.2533,0.7338,0.5227,0.5565,0.5048,0.2303,Porur,afternoon,apartment,small,0,0,0,2024-07-22,12.08,1
0.5873,0.4288,0.8848,0.3423,0.1844,0.2917,0.4869,Porur,morning,apartment,medium,0,0,1,2024-04-23,51.42,0
0.2882,0.2603,0.9143,0.9373,0.3524,0.2577,0.4347,Velachery,morning,apartment,medium,0,0,2,2024-06-26,6.67,1
0.9142,0.663,0.4478,0.6958,0.5767,0.467,0.7816,Velachery,evening,independent,large,0,0,2,2024-05-22,100.0,0
0.16,0.6406,0.5346,0.9592,0.268,0.4962,0.1881,Adyar,evening,independent,small,0,0,3,2024-06-13,27.69,0
0.0702,0.209,0.0271,0.7477,0.2064,0.5386,0.4963,T Nagar,afternoon,apartment,medium,0,0,1,2024-10-22,31.49,1
0.5843,0.6225,0.7477,0.46,0.3288,0.5051,0.1973,Adyar,afternoon,apartment,small,0,0,1,2024-12-17,77.8,0
0.3733,0.1754,0.4957,0.3564,0.5983,0.4245,0.7945,Anna Nagar,afternoon,apartment,large,1,0,6,2024-12-22,41.41,1
0.1203,0.5073,0.6607,0.4865,0.4098,0.3595,0.2731,Anna Nagar,morning,apartment,small,1,0,6,2024-01-28,21.9,0
0.0066,0.562,0.6867,0.9162,0.5137,0.4234,0.4808,T Nagar,evening,apartment,medium,0,0,1,2024-11-19,8.72,1
0.2884,0.1402,0.8404,0.8515,0.1992,0.228,0.4678,Porur,morning,apartment,medium,1,0,5,2024-02-17,0.0,1
0.205,0.3184,0.785,0.7869,0.6024,0.4346,0.446,Adyar,evening,apartment,medium,0,0,0,2024-09-30,18.87,1
0.2534,0.7463,0.6085,0.825,0.7442,0.2556,0.7813,T Nagar,morning,apartment,large,0,0,2,2024-12-11,53.18,0
0.0019,0.6087,0.3417,0.9096,0.3396,0.4999,0.1701,T Nagar,afternoon,apartment,small,0,0,2,2024-05-29,18.81,1
0.0187,0.498,0.6002,0.8536,0.7127,0.1787,0.2148,Porur,morning,independent,small,0,0,1,2024-05-14,11.29,1
0.0112,0.3764,0.7216,0.7594,0.4311,0.5068,0.6047,Anna Nagar,afternoon,apartment,medium,0,0,0,2024-12-16,6.82,1
0.1059,0.5177,0.6225,0.8687,0.5305,0.5773,0.4676,T Nagar,afternoon,apartment,medium,1,0,6,2024-01-21,21.61,1
0.128,0.1129,0.7263,0.3625,0.4359,0.4605,0.441,Porur,evening,apartment,medium,1,0,6,2024-11-24,13.01,1
0.0858,0.639,0.3976,0.7783,0.1907,0.316,0.5927,T Nagar,morning,independent,medium,1,0,5,2024-01-06,25.46,1
0.551,0.7463,0.1593,0.6225,0.4127,0.1833,0.4845,T Nagar,morning,independent,medium,0,0,3,2024-07-25,100.0,0
0.5643,0.218,0.7079,0.6684,0.8189,0.5009,0.8751,Velachery,afternoon,independent,large,1,0,5,2024-12-21,47.26,1
0.1247,0.4651,0.5745,0.8634,0.7509,0.602,0.598,Porur,afternoon,apartment,medium,0,0,0,2024-10-28,30.33,1
0.6387,0.5479,0.8955,0.6488,0.3595,0.2231,0.2341,Velachery,evening,independent,small,0,0,3,2024-11-14,63.33,0
0.1379,0.548,0.8216,0.726,0.2613,0.2918,0.2727,Velachery,evening,independent,small,1,0,6,2024-07-28,13.51,1
0.1967,0.1822,0.7727,0.6882,0.4475,0.5353,0.4662,Adyar,afternoon,apartment,medium,1,0,6,2024-10-13,12.33,1
0.3535,0.0399,0.9219,0.1641,0.3889,0.4561,0.447,Anna Nagar,afternoon,independent,medium,0,0,0,2024-11-18,13.65,1
0.0057,0.2143,0.7254,0.3544,0.3231,0.2131,0.1745,Adyar,morning,apartment,small,1,0,6,2024-08-04,5.27,1
0.2012,0.2551,0.4173,0.7428,0.185,0.3725,0.4686,T Nagar,evening,apartment,medium,0,0,3,2024-02-29,22.19,1
0.0502,0.3103,0.7982,0.8734,0.5753,0.3396,0.6948,Porur,evening,apartment,large,1,0,6,2024-11-24,1.88,1
0.466,0.964,0.3549,0.756,0.3113,0.4047,0.1471,T Nagar,afternoon,independent,small,0,0,3,2024-04-11,98.09,0
0.1771,0.3637,0.5707,0.966,0.6141,0.441,0.5477,Velachery,evening,independent,medium,0,0,0,2024-09-30,26.53,1
0.1333,0.9606,0.6778,0.4455,0.8007,0.3331,0.7664,T Nagar,morning,apartment,large,1,1,6,2024-01-14,56.06,1
0.1829,0.3353,0.7692,0.9135,0.5711,0.5038,0.5647,T Nagar,afternoon,independent,medium,1,0,5,2024-06-22,13.88,1
0.2719,0.922,0.674,0.6381,0.6059,0.5432,0.7652,Anna Nagar,afternoon,apartment,large,0,0,2,2024-02-07,66.29,0
0.2147,0.6993,0.3421,0.857,0.5417,0.5122,0.2233,Porur,afternoon,independent,small,0,0,0,2024-02-26,51.17,0
0.0987,0.9954,0.4583,0.8495,0.195,0.5094,0.4951,Porur,afternoon,apartment,medium,0,0,1,2024-06-18,36.83,1
0.1926,0.2054,0.7623,0.5739,0.3949,0.3948,0.5381,Porur,evening,apartment,medium,0,0,1,2024-09-17,13.8,1
0.0676,0.4598,0.5867,0.6248,0.4291,0.5006,0.1583,Adyar,afternoon,independent,small,0,0,0,2024-05-27,21.76,1
0.01,0.4844,0.0991,0.2829,0.586,0.2983,0.2098,Anna Nagar,evening,apartment,small,0,0,2,2024-10-16,45.0,1
0.5364,0.5212,0.5055,0.3476,0.4942,0.1557,0.803,Velachery,morning,apartment,large,0,0,4,2024-03-29,81.03,0
0.5833,0.163,0.1993,0.8005,0.2866,0.5991,0.2727,Velachery,afternoon,independent,small,0,0,4,2024-04-19,48.91,1
0.36,0.0675,0.8297,0.4546,0.7221,0.2444,0.7891,Porur,morning,independent,large,1,0,6,2024-05-26,16.59,1
0.4658,0.4474,0.6182,0.8841,0.5113,0.5643,0.4271,Porur,afternoon,apartment,medium,0,0,1,2024-01-23,49.29,1
0.0803,0.5078,0.8447,0.7904,0.6196,0.5168,0.1838,T Nagar,afternoon,independent,small,0,0,0,2024-08-05,11.27,1
0.0892,0.7706,0.7838,0.35,0.5047,0.4129,0.1944,Anna Nagar,afternoon,apartment,small,0,0,1,2024-03-26,28.76,1
0.0328,0.2605,0.8522,0.7569,0.2394,0.3368,0.2227,Porur,evening,independent,small,1,0,6,2024-05-19,0.0,1
0.3006,1.0,0.1104,0.4889,0.202,0.6364,0.4569,Velachery,afternoon,independent,medium,0,0,1,2024-03-05,96.94,0
0.0084,0.4698,0.8652,0.7711,0.3546,0.3319,0.1912,Adyar,evening,apartment,small,0,0,1,2024-10-29,0.0,1
0.5423,0.4479,0.4612,0.3563,0.257,0.4766,0.2481,T Nagar,afternoon,independent,small,1,0,5,2024-06-08,66.84,0
0.4458,0.2634,0.3524,0.911,0.159,0.1862,0.4154,Adyar,morning,independent,medium,0,0,2,2024-07-10,33.04,1
0.0927,0.4717,0.7678,0.8446,0.7914,0.3258,0.2009,Anna Nagar,morning,independent,small,1,0,6,2024-05-19,10.18,1
0.3953,1.0,0.9272,0.4278,0.6432,0.2095,0.1953,T Nagar,morning,apartment,small,0,0,0,2024-06-17,77.35,0
0.1401,0.7101,0.0363,0.8325,0.5434,0.5737,0.7647,Anna Nagar,afternoon,apartment,large,0,0,0,2024-07-08,61.16,0
0.214,0.6636,0.8824,0.5294,0.8215,0.5182,0.8444,T Nagar,afternoon,apartment,large,0,0,4,2024-03-01,44.28,1
0.6104,0.2209,0.8974,0.6357,0.1837,0.4996,0.4711,Adyar,afternoon,independent,medium,1,0,6,2024-05-19,27.55,1
0.3256,0.0818,0.532,0.329,0.3932,0.4334,0.465,Anna Nagar,afternoon,apartment,medium,0,0,3,2024-12-05,27.53,1
0.2781,0.5712,0.466,0.1479,0.5837,0.3799,0.2388,Adyar,evening,independent,small,0,0,4,2024-03-29,65.25,0
0.5023,0.9161,0.6949,0.9535,0.246,0.5868,0.3988,Adyar,afternoon,apartment,medium,0,0,0,2024-02-26,85.54,0
0.4023,0.7606,0.2998,0.6293,0.1047,0.5441,0.2374,Velachery,afternoon,independent,small,0,0,1,2024-12-10,79.4,1
0.1315,0.5655,0.8128,0.2627,0.1087,0.5379,0.2334,Porur,afternoon,independent,small,0,0,2,2024-05-29,24.2,1
0.1022,0.5294,0.2178,0.85,0.6277,0.1746,0.4752,Adyar,morning,apartment,medium,0,0,2,2024-01-24,39.86,1
0.1852,0.395,0.7612,0.7451,0.3102,0.5644,0.1823,Velachery,afternoon,independent,small,1,0,5,2024-07-06,17.21,1
0.134,0.5229,0.772,0.7877,0.473,0.5351,0.43,T Nagar,afternoon,apartment,medium,1,0,5,2024-07-27,18.08,1
0.202,0.5444,0.6847,0.9689,0.4469,0.5924,0.7355,Adyar,afternoon,independent,large,0,0,3,2024-12-12,30.66,1
0.319,0.4384,0.8277,0.4661,0.2262,0.2396,0.502,Anna Nagar,morning,apartment,medium,0,0,0,2024-08-19,28.53,1
0.3036,0.827,0.6829,0.2068,0.3147,0.4634,0.2534,Velachery,afternoon,apartment,small,1,0,6,2024-12-29,67.94,0
0.3152,0.739,0.5595,0.6457,0.2391,0.344,0.1661,T Nagar,morning,independent,small,0,0,4,2024-04-19,53.45,0
0.0065,0.6744,0.7369,0.9365,0.1613,0.2723,0.7375,Adyar,morning,independent,large,0,0,0,2024-07-22,3.51,1
0.3232,0.8022,0.6468,0.7681,0.7458,0.3121,0.4802,T Nagar,morning,apartment,medium,0,0,0,2024-08-26,63.32,0
0.4053,0.1864,0.6321,0.9423,0.3252,0.2552,0.6129,Porur,morning,apartment,medium,0,0,1,2024-02-13,16.83,1
0.0818,0.4539,0.5352,0.8353,0.6282,0.4434,0.2162,Adyar,evening,apartment,small,1,0,6,2024-06-09,21.56,1
0.0023,0.4562,0.9295,0.9011,0.4397,0.4558,0.1842,Anna Nagar,afternoon,independent,small,0,0,4,2024-02-16,0.0,1
0.3553,0.1959,0.8906,0.3087,0.116,0.254,0.5262,Anna Nagar,morning,independent,medium,0,0,3,2024-02-01,15.55,1
0.2658,1.0,0.693,0.4795,0.6117,0.522,0.426,T Nagar,afternoon,independent,medium,0,0,3,2024-03-28,71.6,0
0.513,0.721,0.5286,0.7253,0.1848,0.4528,0.1975,Porur,afternoon,apartment,small,0,0,1,2024-12-17,75.26,0
0.0835,0.4921,0.9471,0.466,0.3687,0.2411,0.2351,Velachery,morning,apartment,small,0,0,3,2024-01-25,10.41,1
0.061,0.0898,0.6374,0.824,0.7182,0.4237,0.6306,Anna Nagar,evening,apartment,medium,1,0,6,2024-06-02,7.45,1
0.0235,0.9187,0.6066,0.3268,0.5132,0.5565,0.7696,T Nagar,afternoon,independent,large,0,0,0,2024-12-23,40.4,1
0.0388,0.2109,0.9173,0.7451,0.4299,0.698,0.4024,Porur,afternoon,apartment,medium,0,0,1,2024-10-29,0.0,1
0.3232,0.3817,0.761,0.6858,0.5075,0.1807,0.2141,Porur,morning,independent,small,0,0,3,2024-11-14,24.99,1
0.0064,0.4909,0.378,0.5597,0.4107,0.171,0.2349,Adyar,morning,apartment,small,0,0,0,2024-10-28,23.28,1
0.3223,0.3197,0.6787,0.8769,0.4674,0.5586,0.5255,Anna Nagar,afternoon,apartment,medium,1,0,5,2024-09-14,24.1,1
0.2386,0.0732,0.7759,0.7146,0.221,0.1416,0.7784,Adyar,morning,apartment,large,1,0,5,2024-01-27,1.41,1
0.0891,0.5051,0.6457,0.8516,0.1972,0.1408,0.1578,Anna Nagar,morning,apartment,small,0,0,4,2024-08-23,4.43,1
0.3457,0.5169,0.3962,0.4606,0.5334,0.6101,0.5519,T Nagar,afternoon,independent,medium,0,0,4,2024-09-06,67.02,0
0.4893,0.6805,0.3304,0.7628,0.5479,0.5716,0.329,Velachery,afternoon,apartment,medium,0,0,3,2024-10-24,90.32,0
0.2148,0.5221,0.897,0.847,0.2858,0.5708,0.7918,Porur,afternoon,apartment,large,1,0,6,2024-10-13,18.53,1
0.3041,0.3715,0.5984,0.6356,0.5251,0.2137,0.2313,Velachery,morning,apartment,small,0,0,4,2024-02-16,35.81,0
0.5407,0.3642,0.6116,0.8613,0.1814,0.2355,0.7003,Porur,morning,apartment,large,1,0,5,2024-12-14,38.45,1
0.8076,1.0,0.7312,0.2842,0.2209,0.5094,0.7495,Adyar,afternoon,independent,large,0,0,4,2024-09-06,100.0,0
0.1085,0.328,0.2955,0.6729,0.5029,0.5636,0.7985,Porur,afternoon,apartment,large,1,0,5,2024-08-17,35.71,1
0.1547,0.1932,0.8721,0.6389,0.0973,0.3347,0.6432,T Nagar,evening,independent,medium,1,0,5,2024-05-25,0.0,1
0.3394,0.6373,0.34,0.8187,0.3481,0.49,0.861,Adyar,afternoon,apartment,large,0,0,3,2024-07-04,65.76,0
0.4428,0.3855,0.5296,0.835,0.1739,0.4795,0.5415,T Nagar,afternoon,independent,medium,1,0,5,2024-12-21,39.67,1
0.4307,0.3698,0.3077,0.4627,0.3657,0.1925,0.5282,Anna Nagar,morning,apartment,medium,0,0,1,2024-02-13,55.86,0
0.6488,0.2334,0.9005,0.7554,0.451,0.2804,0.5364,Anna Nagar,morning,apartment,medium,0,0,0,2024-11-18,27.98,1
0.1693,0.3056,0.8494,0.7223,0.3145,0.3269,0.7071,Porur,evening,independent,large,0,0,0,2024-07-08,8.6,1
0.1694,0.5637,0.9194,0.3708,0.1512,0.5905,0.4316,Velachery,afternoon,independent,medium,0,0,3,2024-10-17,27.77,1
0.29,0.204,0.7751,0.772,0.4946,0.1544,0.2159,Porur,morning,independent,small,0,0,1,2024-02-27,8.93,1
0.1735,0.3468,0.9697,0.7341,0.1722,0.1532,0.2114,Porur,morning,apartment,small,0,0,0,2024-11-11,0.0,1
0.0757,0.4904,0.8978,0.9018,0.4668,0.3517,0.2068,Adyar,evening,apartment,small,0,0,0,2024-02-12,2.2,1
0.3058,0.1683,0.3959,0.932,0.4059,0.5362,0.1854,Porur,afternoon,apartment,small,0,0,3,2024-10-24,22.95,1
0.4217,0.4806,0.4676,0.6539,0.4383,0.2276,0.2519,Anna Nagar,morning,apartment,small,0,0,2,2024-02-21,51.93,0
0.1269,0.1399,0.8257,0.6803,0.4795,0.3703,0.2255,Anna Nagar,evening,apartment,small,0,0,2,2024-04-10,0.39,1
0.1428,0.3766,0.5152,0.7638,0.3274,0.3172,0.309,T Nagar,evening,apartment,medium,0,0,4,2024-03-01,19.9,1
0.0804,0.5364,0.5788,0.9698,0.559,0.3059,0.5019,Adyar,evening,independent,medium,0,0,0,2024-05-06,19.47,1
0.2955,0.918,0.907,0.6833,0.092,0.1794,0.8382,Velachery,morning,independent,large,0,0,4,2024-10-18,50.55,0
0.2129,0.2545,0.7911,0.8322,0.1359,0.2287,0.73,Velachery,morning,apartment,large,1,0,5,2024-09-07,6.34,1
0.5047,0.5127,0.1554,0.9784,0.558,0.2002,0.5988,Adyar,morning,independent,medium,0,0,0,2024-03-04,75.82,1
0.0228,0.56,0.8796,0.67,0.8288,0.2833,0.2848,Anna Nagar,morning,apartment,small,0,0,3,2024-11-07,7.56,1
0.1511,0.2829,0.8945,0.8571,0.9046,0.1692,0.1993,Porur,morning,apartment,small,1,0,6,2024-10-06,2.12,1
0.0537,0.2019,0.3682,0.7424,0.4274,0.1965,0.4901,Porur,morning,apartment,medium,1,0,6,2024-08-04,14.71,1
0.3274,0.622,0.8177,0.8579,0.1996,0.2126,0.4737,T Nagar,morning,apartment,medium,0,0,0,2024-07-22,32.15,1
0.82,0.3804,0.4312,0.7369,0.3228,0.5969,0.7503,Velachery,afternoon,independent,large,0,0,3,2024-09-26,84.71,0
0.003,0.2939,0.5894,0.902,0.5709,0.4078,0.7888,Porur,evening,independent,large,1,0,5,2024-02-17,8.63,1
0.6119,0.4241,0.5512,0.6756,0.2273,0.5194,0.8758,Velachery,afternoon,apartment,large,0,0,1,2024-04-02,68.36,0
0.0826,0.3216,0.4672,0.2419,0.4142,0.4468,0.0768,T Nagar,evening,apartment,small,0,0,0,2024-01-08,30.51,1
0.0011,0.8917,0.8472,0.8752,0.1985,0.3219,0.4789,T Nagar,morning,independent,medium,0,0,2,2024-01-03,1.94,1
0.6223,0.1599,0.9455,0.71,0.3233,0.62,0.846,Adyar,afternoon,independent,large,1,0,5,2024-04-20,24.87,1
0.1098,0.4947,0.1689,0.7281,0.2213,0.3507,0.1856,Adyar,evening,apartment,small,0,0,1,2024-10-08,34.56,1
0.6001,0.0955,0.4828,0.8721,0.3683,0.5153,0.2668,Anna Nagar,evening,apartment,small,0,0,2,2024-02-21,25.67,1
0.0566,0.5986,0.6262,0.8461,0.7022,0.307,0.1728,Porur,evening,apartment,small,0,0,1,2024-05-07,17.53,1
0.1407,0.5967,0.933,0.5182,0.3727,0.4528,0.4169,Velachery,afternoon,independent,medium,0,0,1,2024-08-27,23.16,1
0.2721,0.0883,0.451,0.9015,0.2924,0.1867,0.3057,Adyar,morning,apartment,medium,0,0,1,2024-04-02,11.53,0
0.1617,0.6194,0.4781,0.8374,0.2778,0.6454,0.3998,T Nagar,afternoon,independent,medium,0,0,2,2024-03-27,34.93,1
0.178,0.8545,0.9073,0.6594,0.6033,0.5391,0.5478,T Nagar,afternoon,apartment,medium,0,0,4,2024-09-20,38.48,1
0.7417,0.2058,0.6472,0.586,0.4905,0.4456,0.5559,Velachery,evening,independent,medium,0,0,4,2024-12-27,52.44,0
0.0948,0.4982,0.1223,0.7864,0.4657,0.3275,0.2204,Velachery,morning,independent,small,0,0,1,2024-05-07,41.29,0
0.1578,0.835,0.894,0.5693,0.6084,0.6067,0.5255,Velachery,afternoon,apartment,medium,0,0,2,2024-04-17,41.28,1
0.0396,0.167,0.3499,0.4451,0.7462,0.5267,0.6267,Porur,evening,independent,medium,1,0,5,2024-07-20,34.18,1
0.0885,1.0,0.6443,0.687,0.2699,0.639,0.5233,T Nagar,afternoon,apartment,medium,0,0,1,2024-06-18,36.46,1
0.074,0.5288,0.7017,0.6803,0.1936,0.4817,0.8467,Velachery,afternoon,apartment,large,1,0,5,2024-07-06,18.76,1
0.0377,0.2297,0.6628,0.7134,0.2928,0.4233,0.1017,Porur,evening,independent,small,0,0,4,2024-11-22,2.13,1
0.6207,0.1766,0.3163,0.662,0.2629,0.1453,0.8094,Anna Nagar,morning,apartment,large,0,0,2,2024-08-28,43.86,1
0.2222,0.4885,0.7298,0.6197,0.5178,0.1089,0.1182,Anna Nagar,morning,apartment,small,1,0,6,2024-12-29,21.3,1
0.1487,0.2872,0.7478,0.7579,0.2843,0.4362,0.8044,Anna Nagar,evening,independent,large,0,0,2,2024-01-31,10.67,1
0.0185,0.2077,0.669,0.644,0.1782,0.291,0.1381,Anna Nagar,evening,independent,small,1,0,6,2024-12-08,0.0,1
0.0566,0.5075,0.2324,0.6072,0.672,0.1563,0.2649,Anna Nagar,morning,apartment,small,0,0,3,2024-02-01,36.3,1
0.1781,0.0958,0.5523,0.8614,0.4902,0.5065,0.3626,Anna Nagar,afternoon,independent,medium,0,0,2,2024-05-15,11.05,1
0.2124,0.5261,0.1837,0.8205,0.7848,0.5353,0.5506,Adyar,afternoon,independent,medium,0,0,4,2024-10-18,61.87,0
0.0165,0.3727,0.9361,0.8839,0.431,0.1876,0.5309,Adyar,morning,apartment,medium,1,0,6,2024-12-22,0.0,1
0.1515,0.379,0.8186,0.8152,0.5853,0.3875,0.7698,Porur,evening,apartment,large,1,0,5,2024-11-23,13.11,1
0.2483,0.5814,0.1201,0.6617,0.4989,0.5296,0.713,T Nagar,afternoon,apartment,medium,0,0,2,2024-02-28,67.65,0
0.2948,0.5869,0.8266,0.9079,0.1235,0.1717,0.2226,Velachery,morning,independent,small,0,0,1,2024-10-22,23.89,1
0.2404,0.5635,0.7528,0.2653,0.5782,0.2879,0.1905,T Nagar,morning,apartment,small,1,0,6,2024-01-21,40.5,1
0.1021,0.1325,0.7697,0.7439,0.5328,0.1996,0.8024,Porur,morning,independent,large,0,0,2,2024-10-16,4.12,1
0.3965,0.3806,0.8904,0.5343,0.457,0.2374,0.2232,Velachery,morning,apartment,small,0,0,3,2024-02-15,32.3,1
0.1216,0.0851,0.8804,0.3846,0.7839,0.3441,0.2039,Anna Nagar,evening,apartment,small,0,0,1,2024-03-05,7.43,1
0.2747,0.59,0.2123,0.8892,0.6799,0.3707,0.1932,Velachery,evening,apartment,small,1,0,6,2024-02-04,60.05,0
0.3012,0.3808,0.7133,0.9742,0.1723,0.1921,0.4942,Velachery,morning,independent,medium,1,0,6,2024-10-20,16.53,1
0.2908,0.1461,0.8831,0.8968,0.2665,0.2673,0.2649,Velachery,morning,independent,small,1,0,6,2024-04-07,0.0,1
0.1577,0.548,0.1731,0.4114,0.2547,0.1886,0.5327,Adyar,morning,independent,medium,0,0,2,2024-07-24,50.21,0
0.1083,0.3041,0.922,0.2373,0.1343,0.1716,0.5428,Porur,morning,independent,medium,0,0,3,2024-09-05,7.69,1
0.1145,0.4578,0.6283,0.4665,0.7712,0.3701,0.848,Adyar,evening,independent,large,0,0,0,2024-03-25,38.16,1
0.4939,0.6869,0.8721,0.6903,0.4723,0.3464,0.4657,Adyar,evening,independent,medium,0,0,4,2024-01-05,65.0,0
0.4305,0.9089,0.5853,0.7598,0.3457,0.4805,0.4233,T Nagar,afternoon,apartment,medium,0,0,0,2024-11-04,82.89,0
0.099,0.3947,0.5171,0.6702,0.3022,0.711,0.4654,Porur,afternoon,independent,medium,0,0,4,2024-04-26,24.72,1
0.4155,0.6392,0.6509,0.8713,0.3766,0.2075,0.4635,Adyar,morning,independent,medium,0,0,2,2024-03-06,53.57,0
0.3771,0.3106,0.7174,0.7432,0.5255,0.3125,0.2173,Adyar,evening,independent,small,0,0,2,2024-03-20,28.94,1
0.0228,0.614,0.8117,0.7947,0.2863,0.0968,0.5761,T Nagar,morning,apartment,medium,0,0,0,2024-07-29,1.7,1
0.0783,0.366,0.2737,0.7491,0.1252,0.1915,0.2088,Porur,morning,independent,small,1,0,6,2024-03-17,15.02,1
0.3858,0.6109,0.5792,0.8343,0.3169,0.462,0.5671,Velachery,afternoon,independent,medium,0,0,0,2024-12-23,56.72,0
0.2226,0.33,0.8445,0.7099,0.5949,0.4474,0.573,T Nagar,afternoon,apartment,medium,1,0,5,2024-10-05,17.78,1
0.0643,0.5937,0.7374,0.6937,0.6259,0.1603,0.5726,T Nagar,morning,apartment,medium,0,0,1,2024-05-21,17.77,0
0.0267,0.238,0.1811,0.5155,0.1902,0.4193,0.7274,Porur,evening,independent,large,0,0,3,2024-05-09,28.62,1
0.5876,0.5593,0.4263,0.8509,0.4282,0.5898,0.2078,T Nagar,afternoon,apartment,small,1,0,5,2024-02-24,75.49,0
0.1397,0.6442,0.5068,0.5891,0.6537,0.1986,0.2544,T Nagar,morning,apartment,small,0,0,0,2024-02-19,38.92,1
0.0451,0.753,0.7504,0.6803,0.4739,0.1265,0.6927,T Nagar,morning,apartment,large,0,0,3,2024-04-18,17.33,1
0.1244,0.7081,0.2352,0.7958,0.7543,0.5248,0.1065,Adyar,afternoon,apartment,small,0,0,0,2024-06-24,53.63,0
0.7408,0.217,0.8493,0.8857,0.3454,0.3656,0.3679,Velachery,evening,independent,medium,1,0,6,2024-04-28,30.82,0
0.246,0.6242,0.8411,0.699,0.2398,0.5916,0.4308,Velachery,afternoon,independent,medium,0,0,4,2024-03-15,34.75,1
0.1529,0.0989,0.4941,0.7718,0.6031,0.1386,0.5721,Porur,morning,apartment,medium,0,0,2,2024-02-21,14.94,1
0.0688,0.5898,0.7739,0.3502,0.6202,0.4396,0.6996,Porur,evening,apartment,large,0,0,2,2024-08-21,28.92,1
0.4194,0.6862,0.1582,0.1053,0.7844,0.6585,0.198,Adyar,afternoon,independent,small,1,1,6,2024-04-14,100.0,0
0.07,0.2833,0.4835,0.5629,0.5329,0.2017,0.1718,Anna Nagar,morning,apartment,small,0,0,0,2024-04-15,17.97,1
0.3328,0.4696,0.4823,0.6478,0.5406,0.3878,0.5515,Velachery,evening,apartment,medium,1,0,5,2024-07-20,52.4,0
0.0423,0.4409,0.5969,0.9435,0.138,0.2471,0.5812,T Nagar,morning,apartment,medium,0,0,3,2024-03-21,3.81,1
0.3097,0.7532,0.6684,0.6207,0.5448,0.5232,0.7791,Anna Nagar,afternoon,independent,large,0,0,1,2024-05-28,61.12,0
0.2879,0.5899,0.2266,0.759,0.2159,0.511,0.5052,Velachery,afternoon,independent,medium,0,0,3,2024-11-21,59.08,0
0.0869,0.2062,0.86,0.5731,0.6973,0.2902,0.426,Anna Nagar,morning,apartment,medium,0,0,2,2024-06-05,5.85,1
0.0829,0.7098,0.8955,0.5428,0.5177,0.4858,0.1842,Porur,evening,apartment,small,0,0,0,2024-06-10,18.52,1
0.6458,0.4241,0.6627,0.9309,0.1952,0.2035,0.2176,Adyar,morning,independent,small,0,0,2,2024-10-16,48.66,1
0.2552,0.4604,0.5352,0.7636,0.3332,0.6052,0.2262,Adyar,afternoon,independent,small,0,0,0,2024-04-01,36.59,1
0.1718,0.3498,0.7781,0.931,0.3601,0.2066,0.2109,Anna Nagar,morning,apartment,small,0,0,1,2024-02-06,2.43,1
0.1609,0.2954,0.6489,0.6239,0.1645,0.1597,0.1618,Porur,morning,independent,small,0,0,2,2024-12-11,8.76,1
0.4781,0.5198,0.9031,0.9036,0.4817,0.5296,0.1226,Porur,afternoon,apartment,small,0,0,1,2024-01-16,40.12,1
0.061,0.7578,0.5962,0.7599,0.8827,0.2417,0.4301,T Nagar,morning,apartment,medium,0,0,3,2024-05-30,31.32,1
0.6649,0.4402,0.3703,0.7262,0.5045,0.3027,0.8395,Adyar,morning,apartment,large,1,0,5,2024-06-15,79.97,0
0.1234,0.5069,0.5094,0.9154,0.3643,0.4178,0.6316,Anna Nagar,evening,apartment,medium,0,0,3,2024-04-04,22.41,1
0.2064,0.0269,0.3403,0.1611,0.1665,0.2767,0.2656,Anna Nagar,morning,independent,medium,0,0,2,2024-12-11,24.25,1
0.3792,0.1951,0.766,0.6898,0.3726,0.265,0.778,Velachery,morning,apartment,large,1,0,5,2024-11-30,21.13,1
0.4907,0.4522,0.2339,0.3279,0.6373,0.4943,0.5045,Porur,evening,independent,medium,0,0,3,2024-08-22,85.05,0
0.032,0.1879,0.3035,0.8726,0.2123,0.5473,0.7981,Anna Nagar,afternoon,independent,large,0,0,4,2024-07-05,16.02,1
0.3515,0.1111,0.6199,0.7412,0.7531,0.2502,0.0908,Porur,morning,apartment,small,1,0,5,2024-03-16,16.68,1
0.0461,0.2245,0.3682,0.5122,0.5236,0.5556,0.5024,Adyar,afternoon,independent,medium,1,0,6,2024-06-23,30.05,1
0.3894,0.3714,0.6771,0.6454,0.1388,0.2474,0.4527,T Nagar,morning,apartment,medium,0,0,4,2024-04-12,30.97,0
0.0011,0.5959,0.6935,0.7646,0.41,0.5921,0.5791,T Nagar,afternoon,apartment,medium,0,0,2,2024-07-03,13.55,1
0.462,0.5074,0.8927,0.7282,0.199,0.4523,0.5142,Adyar,evening,independent,medium,0,0,4,2024-12-27,42.58,1
0.4528,0.3287,0.8165,0.5115,0.6811,0.2624,0.2493,Adyar,morning,apartment,small,0,0,4,2024-12-27,38.88,1
0.1044,0.2138,0.55,0.6074,0.6209,0.482,0.5849,T Nagar,afternoon,apartment,medium,1,0,5,2024-01-13,22.75,1
0.0233,0.2754,0.8681,0.4171,0.214,0.2347,0.4173,Anna Nagar,evening,apartment,medium,1,0,6,2024-07-14,0.0,1
0.4051,0.3469,0.5499,0.7102,0.116,0.3004,0.4269,Porur,morning,apartment,medium,1,0,5,2024-03-09,30.9,1
0.2176,0.1995,0.537,0.3027,0.2543,0.2829,0.2923,Anna Nagar,morning,independent,small,1,0,6,2024-08-04,21.9,1
0.4287,0.384,0.8889,0.886,0.3391,0.4706,0.5273,Adyar,afternoon,independent,medium,0,0,4,2024-10-04,28.75,1
0.0687,0.3376,0.552,0.8192,0.5051,0.3006,0.553,Porur,morning,independent,medium,0,0,0,2024-01-01,14.81,1
0.4303,0.8055,0.3906,0.4198,0.5056,0.4996,0.4458,T Nagar,afternoon,apartment,medium,0,0,1,2024-11-12,95.37,0
0.1782,0.3528,0.7264,0.8139,0.5488,0.1801,0.5045,T Nagar,morning,independent,medium,1,0,5,2024-10-12,13.39,1
0.1615,0.2627,0.5206,0.8397,0.5916,0.1391,0.1789,Porur,morning,independent,small,0,0,3,2024-07-18,15.51,1
0.0161,0.3367,0.4277,0.3314,0.2316,0.5688,0.5534,Anna Nagar,afternoon,apartment,medium,0,0,0,2024-03-18,25.64,1
0.3549,0.9778,0.8016,0.2935,0.5185,0.2676,0.3633,Velachery,morning,apartment,medium,0,0,3,2024-01-25,81.31,0
0.2053,0.5819,0.0752,0.7262,0.7807,0.1968,0.3817,Adyar,morning,independent,medium,0,0,4,2024-11-22,65.12,0
0.0219,0.0897,0.2316,0.7481,0.1975,0.2628,0.5697,Anna Nagar,morning,independent,medium,0,0,1,2024-02-13,13.28,1
0.0066,0.5403,0.6605,0.7215,0.3369,0.1508,0.2492,T Nagar,morning,independent,small,0,0,2,2024-11-20,5.48,1
0.3806,0.387,0.869,0.2804,0.3721,0.6234,0.791,Porur,afternoon,apartment,large,0,0,2,2024-12-18,43.78,1
0.2227,0.4339,0.3659,0.6466,0.2782,0.3943,0.5225,Velachery,evening,independent,medium,0,0,1,2024-05-28,42.05,1
0.1932,0.4514,0.8829,0.8405,0.1294,0.4538,0.4917,Anna Nagar,afternoon,apartment,medium,0,0,0,2024-11-18,8.56,1
0.0296,0.3419,0.7858,0.9568,0.2428,0.3508,0.5259,Anna Nagar,evening,independent,medium,1,0,6,2024-01-07,0.0,1
0.6444,0.3568,0.9116,0.6608,0.3847,0.4837,0.4217,Adyar,afternoon,independent,medium,1,0,6,2024-07-28,44.93,1
0.4878,0.605,0.9415,0.7558,0.3768,0.5682,0.2091,T Nagar,afternoon,independent,small,0,0,2,2024-10-16,50.91,0
0.2001,0.2642,0.811,0.9527,0.5797,0.525,0.2112,Porur,afternoon,apartment,small,0,0,0,2024-06-10,7.45,1
0.2191,0.6128,0.7837,0.8176,0.3535,0.5858,0.2112,T Nagar,afternoon,apartment,small,0,0,3,2024-10-03,27.89,1
0.0583,0.2194,0.801,0.9508,0.2146,0.3576,0.7417,Anna Nagar,morning,independent,large,1,0,5,2024-02-10,0.0,1
0.2563,0.1302,0.5057,0.9181,0.6731,0.5438,0.7821,Adyar,afternoon,apartment,large,0,0,4,2024-01-26,27.11,1
0.7474,0.3669,0.1214,0.9081,0.5361,0.5088,0.5085,Adyar,afternoon,apartment,medium,0,0,4,2024-09-20,86.96,0
0.3265,0.0925,0.7735,0.8444,0.5455,0.5119,0.1509,Velachery,afternoon,apartment,small,0,0,1,2024-01-09,10.86,1
0.0203,0.8416,0.5069,0.4962,0.0749,0.5945,0.1152,Adyar,afternoon,independent,small,0,0,2,2024-02-14,26.01,1
0.0194,0.4701,0.4587,0.3154,0.7361,0.1402,0.4095,T Nagar,morning,apartment,medium,0,0,0,2024-07-29,33.22,1
0.0129,0.5411,0.7348,0.8548,0.2961,0.2865,0.2127,Porur,morning,independent,small,0,0,4,2024-12-13,0.0,1
0.6312,0.4137,0.3199,0.9332,0.6763,0.5743,0.2749,Velachery,afternoon,apartment,small,1,0,5,2024-06-15,75.82,0
0.3587,0.5909,0.5977,0.4595,0.4017,0.3395,0.7231,Velachery,morning,apartment,large,0,0,1,2024-01-30,62.35,0
0.1256,0.1832,0.608,0.858,0.4121,0.3433,0.6053,Adyar,evening,apartment,medium,1,0,5,2024-08-03,9.58,1
0.6474,0.7784,0.1912,0.7475,0.1721,0.2913,0.1684,Velachery,morning,independent,small,0,0,0,2024-01-01,100.0,0
0.4641,0.6465,0.9022,0.4054,0.3491,0.2959,0.6161,Adyar,morning,independent,medium,0,0,3,2024-07-11,62.76,0
0.6102,0.5152,0.326,0.6913,0.8069,0.315,0.1585,Velachery,evening,apartment,small,0,0,0,2024-02-12,90.53,0
0.2006,0.291,0.7931,0.4845,0.5685,0.3884,0.7074,Porur,evening,independent,large,0,0,1,2024-01-16,23.21,1
0.3964,0.745,0.8402,0.7398,0.5633,0.396,0.2224,T Nagar,evening,apartment,small,0,0,4,2024-05-24,56.73,0
0.0058,0.1786,0.2947,0.9176,0.4725,0.2845,0.2321,Anna Nagar,evening,independent,small,0,0,3,2024-07-18,11.62,1
0.2798,0.875,0.9194,0.5548,0.3471,0.3082,0.8902,Adyar,morning,apartment,large,0,0,3,2024-08-29,53.13,1
0.1181,0.6715,0.9779,0.4801,0.3866,0.234,0.2013,Velachery,morning,apartment,small,0,0,4,2024-03-01,17.92,1
0.0143,0.7043,0.8599,0.7936,0.6804,0.2489,0.4996,Anna Nagar,morning,independent,medium,0,0,0,2024-02-26,6.46,1
0.0961,0.3854,0.2125,0.9184,0.0634,0.5997,0.1524,Anna Nagar,afternoon,independent,small,0,0,0,2024-11-11,19.53,1
0.2378,0.2297,0.242,0.9796,0.2323,0.19,0.8158,Adyar,morning,independent,large,0,0,2,2024-09-11,26.76,1
0.6911,0.3802,0.4937,0.4244,0.4412,0.2092,0.7296,Velachery,morning,apartment,large,0,0,1,2024-08-27,77.31,0
0.2095,0.6247,0.5993,0.5843,0.173,0.2633,0.4182,Velachery,evening,apartment,medium,0,0,2,2024-04-24,37.43,1
0.0089,0.154,0.5042,0.6149,0.67,0.418,0.7979,Anna Nagar,evening,apartment,large,1,0,6,2024-03-17,18.56,1
0.2104,0.4785,0.9808,0.6733,0.265,0.4509,0.5253,Velachery,afternoon,independent,medium,0,0,4,2024-03-08,18.39,1
0.3376,0.4013,0.7014,0.4764,0.1707,0.2253,0.7687,Adyar,morning,apartment,large,0,0,1,2024-11-19,36.59,1
0.0887,0.7829,0.8698,0.6329,0.4785,0.6167,0.7819,Velachery,afternoon,independent,large,0,0,4,2024-12-06,29.99,1
0.2489,0.4281,0.6769,0.4435,0.3938,0.1793,0.1209,Anna Nagar,morning,apartment,small,0,0,4,2024-08-23,27.81,1
0.6941,0.3749,0.4196,0.77,0.303,0.6225,0.1967,Adyar,afternoon,independent,small,0,0,4,2024-03-08,68.37,0
0.2213,0.6142,0.7357,0.8013,0.6514,0.1203,0.4406,T Nagar,morning,apartment,medium,1,0,6,2024-02-25,29.42,1
0.302,0.2714,0.6584,0.5901,0.3681,0.42,0.1632,Porur,evening,independent,small,0,0,0,2024-02-19,23.98,1
0.0779,0.7934,0.922,0.9037,0.6906,0.5018,0.7963,Adyar,afternoon,apartment,large,0,0,3,2024-01-25,20.2,1
0.6028,0.2234,0.4983,0.7041,0.8179,0.1913,0.4226,Velachery,morning,apartment,medium,0,0,3,2024-10-03,52.77,0
0.1239,0.3405,0.599,0.6245,0.4151,0.4999,0.7535,Adyar,evening,apartment,large,0,0,4,2024-10-04,26.46,1
0.0008,0.8053,0.2014,0.6334,0.3707,0.4789,0.2108,Anna Nagar,afternoon,apartment,small,0,0,3,2024-02-01,33.94,1
0.3423,0.346,0.6666,0.9078,0.5341,0.3281,0.2485,Anna Nagar,evening,apartment,small,0,0,1,2024-08-13,24.5,1
0.0439,0.3067,0.6671,0.8274,0.4804,0.4829,0.5518,Porur,evening,apartment,medium,0,0,4,2024-03-22,9.2,1
0.1643,0.8446,0.8837,0.9573,0.168,0.3815,0.8592,Adyar,afternoon,apartment,large,0,0,4,2024-09-27,24.92,1
0.26,0.2033,0.78,0.6505,0.2129,0.2783,0.5051,Porur,morning,apartment,medium,0,0,2,2024-07-24,9.56,1
0.1416,0.5724,0.9977,0.6449,0.2571,0.6901,0.2477,T Nagar,afternoon,apartment,small,1,0,5,2024-11-09,12.22,1
0.1515,0.5052,0.5787,0.8513,0.5175,0.5633,0.8921,T Nagar,afternoon,independent,large,0,0,3,2024-03-14,32.57,1
0.1154,0.0287,0.9307,0.8058,0.3646,0.3364,0.4603,Anna Nagar,evening,independent,medium,1,0,6,2024-06-30,0.0,1
0.1141,0.6173,0.3164,0.8098,0.4987,0.5663,0.5118,Anna Nagar,afternoon,independent,medium,0,0,3,2024-07-25,40.03,1
0.2587,1.0,0.8473,0.6769,0.5548,0.2944,0.5317,T Nagar,morning,apartment,medium,0,0,1,2024-04-16,55.51,0
0.1599,0.6552,0.636,0.9537,0.2301,0.6242,0.499,Velachery,afternoon,apartment,medium,0,0,0,2024-09-30,29.28,1
0.1483,0.4236,0.3831,0.8498,0.232,0.2558,0.5252,Adyar,morning,independent,medium,0,0,4,2024-10-11,25.55,1
0.2484,0.196,0.6704,0.7406,0.3846,0.1453,0.6716,Velachery,morning,apartment,large,1,0,5,2024-01-06,15.14,1
0.4407,0.35,0.7761,0.8479,0.1442,0.3494,0.5469,Adyar,evening,apartment,medium,0,0,1,2024-09-10,27.82,1
0.574,0.2292,0.8478,0.7082,0.2748,0.4011,0.1751,Adyar,evening,apartment,small,0,0,3,2024-06-20,26.02,1
0.2715,0.076,0.4009,0.3354,0.4931,0.4806,0.1917,Porur,evening,independent,small,0,0,4,2024-10-04,32.19,1
0.2323,0.6932,0.4017,0.8565,0.5182,0.507,0.8238,Velachery,afternoon,apartment,large,0,0,0,2024-08-05,58.31,0
0.8469,0.5217,0.2505,0.3585,0.5934,0.397,0.7959,Velachery,evening,apartment,large,0,0,2,2024-07-03,100.0,0
0.3192,0.3148,0.7109,0.1778,0.4786,0.3142,0.7357,Velachery,morning,independent,large,0,0,4,2024-01-26,44.65,1
0.2341,0.6038,0.7153,0.148,0.424,0.5397,0.5717,Porur,afternoon,apartment,medium,0,0,1,2024-03-19,51.23,0
0.0712,0.249,0.3138,0.4772,0.3725,0.3169,0.1946,Anna Nagar,evening,apartment,small,0,0,4,2024-08-23,24.7,1
0.0711,0.2553,0.7388,0.5769,0.6806,0.4605,0.3977,Adyar,afternoon,independent,medium,0,0,4,2024-05-10,16.86,1
0.1738,0.6461,0.3016,0.8492,0.3895,0.4432,0.2457,Adyar,afternoon,apartment,small,0,0,1,2024-04-09,44.07,1
0.8615,0.559,0.7188,0.5379,0.8162,0.4719,0.4991,Velachery,afternoon,apartment,medium,0,0,4,2024-11-22,100.0,0
0.1402,0.2055,0.9465,0.3897,0.3469,0.3835,0.7882,Porur,afternoon,apartment,large,0,0,4,2024-07-05,9.26,1
0.514,0.501,0.7279,0.5718,0.5728,0.3962,0.5943,Velachery,evening,apartment,medium,0,0,0,2024-03-11,64.89,0
0.1143,0.5253,0.3601,0.6202,0.8714,0.5172,0.4932,T Nagar,afternoon,apartment,medium,0,0,0,2024-05-27,49.13,1
0.3207,0.2531,0.5013,0.6397,0.0824,0.5377,0.5221,Adyar,afternoon,independent,medium,0,0,1,2024-06-25,30.2,1
0.3778,0.404,0.2004,0.6488,0.2884,0.3086,0.7295,T Nagar,evening,apartment,large,0,0,3,2024-08-15,57.31,0
0.0688,0.3893,0.6607,0.951,0.5116,0.2739,0.507,Porur,evening,independent,medium,1,0,6,2024-02-18,5.82,1
0.1851,0.2511,0.8683,0.6069,0.1204,0.138,0.1982,Porur,morning,apartment,small,1,0,6,2024-04-28,0.0,1
0.1854,0.1815,0.6047,0.9667,0.2161,0.212,0.4297,Adyar,morning,apartment,medium,0,0,0,2024-12-30,4.65,1
0.5417,0.2445,0.7115,0.183,0.3536,0.3697,0.1942,Porur,evening,apartment,small,0,0,2,2024-04-24,43.12,1
0.1132,0.59,0.4826,0.4546,0.439,0.3681,0.5017,T Nagar,evening,independent,medium,0,0,4,2024-01-19,38.52,1
0.0338,0.73,0.8139,0.599,0.312,0.3397,0.4986,T Nagar,afternoon,apartment,medium,0,0,1,2024-11-05,13.4,1
0.03,0.3162,0.2165,0.7636,0.5534,0.5014,0.6032,Porur,afternoon,apartment,medium,0,0,1,2024-09-03,31.9,1
0.1615,0.243,0.6307,0.9561,0.5902,0.414,0.1632,Velachery,evening,apartment,small,1,0,5,2024-03-09,12.33,1
0.0282,0.109,0.4429,0.8008,0.8217,0.2694,0.5009,Adyar,morning,apartment,medium,0,0,3,2024-11-21,20.32,1
0.1014,0.3791,0.329,0.5509,0.4382,0.3082,0.5336,Anna Nagar,morning,apartment,medium,1,0,5,2024-09-14,30.43,1
0.1153,0.1332,0.783,0.7355,0.1314,0.2493,0.5357,Velachery,morning,apartment,medium,1,0,5,2024-01-13,0.0,1
0.2443,0.1467,0.2743,0.8553,0.7192,0.262,0.4471,Porur,morning,apartment,medium,1,0,5,2024-04-06,30.0,1
0.3657,0.2883,0.4225,0.7795,0.2166,0.399,0.2488,Porur,evening,independent,small,0,0,2,2024-10-16,31.12,1
0.0868,0.5118,0.3918,0.3724,0.2525,0.226,0.2377,Adyar,morning,independent,small,1,0,6,2024-12-15,30.7,1
0.3525,0.8627,0.9342,0.851,0.1436,0.2958,0.1865,T Nagar,morning,apartment,small,0,0,2,2024-06-26,44.39,1
0.0516,0.7574,0.5685,0.6511,0.3853,0.2375,0.0637,Anna Nagar,morning,independent,small,0,0,2,2024-05-22,19.6,1
0.2612,0.477,0.7648,0.6829,0.3333,0.4124,0.5554,Porur,afternoon,independent,medium,0,0,1,2024-10-08,28.41,1
0.5109,0.3882,0.9622,0.3295,0.837,0.2759,0.4739,Adyar,morning,apartment,medium,0,0,3,2024-05-09,50.15,0
0.2025,0.526,0.8818,0.628,0.5943,0.568,0.5706,T Nagar,afternoon,apartment,medium,1,0,5,2024-06-08,27.4,1
0.2745,0.2595,0.5059,0.6405,0.3864,0.4849,0.4399,Adyar,afternoon,apartment,medium,0,0,2,2024-04-17,32.53,1
0.0111,0.8143,0.3732,0.8145,0.3695,0.2468,0.3832,Anna Nagar,morning,independent,medium,0,0,2,2024-07-10,22.06,1
0.3623,0.2438,0.4538,0.2486,0.3338,0.4744,0.5365,Porur,afternoon,apartment,medium,0,0,3,2024-01-18,45.8,1
0.2595,0.3276,0.38,0.1726,0.2356,0.1431,0.2883,Velachery,morning,apartment,small,0,0,0,2024-10-21,44.37,1
0.0022,0.2544,0.151,0.8071,0.3974,0.4613,0.1403,Porur,evening,apartment,small,0,0,0,2024-10-07,22.45,1
0.2205,0.423,0.8475,0.93,0.2133,0.2532,0.7319,Porur,morning,independent,large,0,0,2,2024-07-17,10.05,1
0.6482,0.6251,0.1933,0.5874,0.0403,0.4779,0.4463,Velachery,afternoon,independent,medium,0,0,1,2024-03-19,100.0,0
0.1249,0.8985,0.3395,0.6328,0.4567,0.5294,0.2736,Adyar,afternoon,apartment,small,0,0,2,2024-12-25,54.29,0
0.0831,0.2998,0.871,0.7949,0.3327,0.2117,0.4648,Porur,morning,independent,medium,1,0,5,2024-06-08,0.0,1
0.524,0.8065,0.4463,0.9469,0.2973,0.1664,0.4789,Adyar,morning,independent,medium,0,0,0,2024-10-21,84.97,0
0.2948,0.5223,0.8461,0.2951,0.6626,0.5721,0.1678,Porur,afternoon,independent,small,1,0,6,2024-09-22,42.74,1
0.0208,1.0,0.7229,0.7092,0.5124,0.5994,0.7894,T Nagar,afternoon,independent,large,0,0,4,2024-03-22,27.85,1
0.1021,0.5412,0.4188,0.8309,0.2919,0.1757,0.1524,Anna Nagar,morning,independent,small,0,0,0,2024-10-21,18.63,1
0.9727,0.5667,0.1527,0.5182,0.2138,0.5058,0.349,Velachery,afternoon,independent,medium,1,0,6,2024-06-30,100.0,0
0.4819,0.6435,0.6961,0.7914,0.7776,0.5747,0.1552,Velachery,afternoon,apartment,small,1,0,5,2024-12-14,70.5,0
0.1169,0.4072,0.3606,0.7986,0.266,0.32,0.1632,Porur,morning,apartment,small,0,0,2,2024-04-03,21.03,1
0.2216,0.4932,0.854,0.3977,0.7448,0.3554,0.5285,Adyar,evening,apartment,medium,0,0,1,2024-08-13,36.9,1
0.2784,0.3701,0.6615,0.8871,0.4811,0.3009,0.5952,Adyar,morning,apartment,medium,0,0,1,2024-12-03,26.81,1
0.1463,0.3582,0.257,0.3095,0.4061,0.2614,0.7515,Adyar,morning,apartment,large,0,0,4,2024-12-27,47.45,1
0.2234,0.4725,0.6928,0.69,0.3004,0.4832,0.5977,Adyar,evening,apartment,medium,0,0,0,2024-03-18,30.63,1
0.2122,0.4559,0.3384,0.7176,0.29,0.1952,0.1625,T Nagar,morning,apartment,small,0,0,0,2024-09-23,33.44,1
0.1095,0.606,0.4648,0.8571,0.2338,0.4162,0.7501,Velachery,evening,apartment,large,0,0,2,2024-06-26,30.48,1
0.3091,0.1339,0.6385,0.7579,0.2783,0.3125,0.566,T Nagar,morning,independent,medium,1,0,5,2024-12-07,12.0,1
0.1869,0.5389,0.5137,0.7203,0.6609,0.1087,0.7629,Adyar,morning,independent,large,0,0,4,2024-02-16,40.39,1
0.3491,0.7678,0.7418,0.7046,0.2101,0.3197,0.1381,Anna Nagar,evening,apartment,small,0,0,1,2024-05-14,47.95,1
0.4325,0.7753,0.7994,0.3253,0.5498,0.3764,0.5154,Adyar,evening,independent,medium,0,0,2,2024-09-25,78.99,0
0.0193,0.7475,0.9145,0.7449,0.5325,0.5603,0.1832,T Nagar,afternoon,apartment,small,0,0,2,2024-02-28,7.95,1
0.0118,0.5279,0.6005,0.9444,0.5838,0.2281,0.2839,Anna Nagar,morning,apartment,small,0,0,0,2024-05-20,6.84,1
0.0229,0.2343,0.2715,0.8322,0.4817,0.3847,0.8403,Anna Nagar,evening,independent,large,0,0,2,2024-03-13,23.31,1
0.0063,0.3239,0.8914,0.6479,0.5837,0.3566,0.3533,Adyar,evening,apartment,medium,0,0,0,2024-06-03,2.46,1
0.0321,0.5037,0.7975,0.7798,0.3889,0.4793,0.2275,Adyar,evening,apartment,small,0,0,1,2024-04-09,6.55,1
0.066,0.3012,0.4157,0.8765,0.3387,0.4582,0.7904,Anna Nagar,evening,independent,large,0,0,1,2024-03-05,17.69,1
0.2473,0.3112,0.7141,0.7043,0.3548,0.3522,0.7641,Anna Nagar,evening,independent,large,0,0,0,2024-07-22,20.48,1
0.0518,0.1958,0.8257,0.9198,0.2697,0.1748,0.2275,Adyar,morning,independent,small,0,0,0,2024-03-25,0.0,1
0.4271,0.8611,0.5024,0.8061,0.8011,0.2539,0.2128,Velachery,morning,independent,small,0,0,3,2024-05-30,88.2,0
0.0341,0.28,0.3114,0.8532,0.9365,0.1697,0.1282,Anna Nagar,morning,apartment,small,0,0,4,2024-04-26,24.44,1
0.1262,0.3337,0.8057,0.6618,0.2042,0.5064,0.4792,Porur,afternoon,apartment,medium,0,0,3,2024-04-04,8.9,1
0.3516,0.6765,0.943,0.8199,0.3852,0.2959,0.52,Velachery,evening,apartment,medium,0,0,1,2024-08-13,41.32,1
0.5595,0.3901,0.8399,0.6304,0.4454,0.5138,0.2518,Velachery,afternoon,independent,small,1,0,6,2024-08-04,47.11,1
0.4295,0.8637,0.4173,0.3424,0.675,0.2513,0.1821,T Nagar,morning,apartment,small,0,0,0,2024-09-09,98.61,0
0.2269,0.4637,0.9134,0.7948,0.7787,0.475,0.464,Porur,afternoon,apartment,medium,1,0,5,2024-06-01,20.76,1
0.3553,0.3699,0.6767,0.8347,0.4543,0.6255,0.8601,Adyar,afternoon,apartment,large,0,0,1,2024-07-30,39.19,1
0.3638,0.4772,0.549,0.9864,0.8979,0.5372,0.2576,Velachery,afternoon,apartment,small,0,0,2,2024-03-27,52.73,0
0.0772,0.0303,0.7906,0.4321,0.1663,0.2608,0.1902,Anna Nagar,morning,apartment,small,0,0,1,2024-07-16,0.0,1
0.042,0.2749,0.9482,0.7373,0.346,0.2002,0.7816,Anna Nagar,morning,apartment,large,0,0,1,2024-02-20,0.0,1
0.0457,0.4739,1.0,0.933,0.5969,0.1561,0.1781,Adyar,morning,apartment,small,1,0,5,2024-03-30,0.0,1
0.0232,0.7274,0.6354,0.1481,0.1312,0.4994,0.202,T Nagar,afternoon,apartment,small,1,0,5,2024-12-21,25.16,1
0.0067,0.4111,0.6076,0.5778,0.356,0.6359,0.1872,Anna Nagar,afternoon,independent,small,0,0,1,2024-08-27,13.42,1
0.2028,0.1129,0.7653,0.7489,0.5255,0.4933,0.5657,Anna Nagar,afternoon,independent,medium,1,0,6,2024-11-03,6.62,1
0.1149,0.8876,0.7973,0.5241,0.8172,0.4989,0.5504,Velachery,afternoon,apartment,medium,0,0,4,2024-02-16,44.82,1
0.5555,0.316,0.8754,0.924,0.4755,0.3107,0.4574,T Nagar,evening,apartment,medium,1,0,6,2024-06-16,27.65,1
0.0936,0.4846,0.7724,0.9108,0.6352,0.2047,0.4978,Adyar,morning,apartment,medium,0,0,1,2024-12-03,11.95,1
0.8144,0.4029,0.6395,0.6673,0.6197,0.2408,0.4554,Adyar,morning,apartment,medium,0,0,2,2024-07-17,77.33,0
0.0532,0.6014,0.7085,0.6911,0.3508,0.2407,0.2438,Adyar,morning,apartment,small,0,0,0,2024-09-16,13.1,1
0.679,0.5027,0.2241,0.8533,0.339,0.527,0.3926,Velachery,afternoon,apartment,medium,0,0,0,2024-01-29,89.79,0
0.7425,0.8645,0.4509,0.5192,0.6948,0.3318,0.2244,Velachery,evening,independent,small,0,0,0,2024-09-09,100.0,0
0.3788,0.2794,0.0911,0.8551,0.253,0.1223,0.5173,Porur,morning,apartment,medium,0,0,3,2024-12-05,41.83,1
0.1397,0.6202,0.6914,0.6144,0.6294,0.3126,0.2544,Velachery,morning,apartment,small,0,0,3,2024-03-14,32.89,1
0.0537,0.1919,0.1186,0.9821,0.3478,0.3675,0.1917,Anna Nagar,evening,independent,small,0,0,1,2024-04-30,17.75,1
0.0408,0.539,0.9114,0.362,0.1923,0.5622,0.1294,Anna Nagar,evening,independent,small,1,1,6,2024-04-14,9.93,1
0.4594,0.1485,0.8572,0.8875,0.5673,0.1937,0.8123,Adyar,morning,independent,large,0,0,1,2024-06-11,15.4,1
0.6536,0.3508,0.9747,0.757,0.622,0.3515,0.2234,Velachery,evening,apartment,small,1,0,5,2024-02-03,41.17,1
0.6804,0.67,0.7752,0.9636,0.458,0.3572,0.7909,Adyar,evening,apartment,large,0,0,0,2024-03-18,84.71,0
0.0392,0.2092,0.411,0.8738,0.3088,0.5679,0.415,Porur,afternoon,apartment,medium,1,0,5,2024-07-20,10.94,1
0.6922,0.5023,0.5351,0.7042,0.3835,0.1828,0.6108,Velachery,morning,apartment,medium,0,0,4,2024-12-13,79.91,0
0.2921,0.3986,0.2809,0.9918,0.2698,0.3669,0.1637,Velachery,evening,apartment,small,0,0,0,2024-07-15,36.97,1
0.0767,0.1226,0.2404,0.5988,0.0217,0.422,0.5151,Adyar,evening,independent,medium,0,0,1,2024-08-27,20.22,1
0.0051,0.5038,0.436,0.1523,0.3842,0.3046,0.5825,Anna Nagar,morning,independent,medium,0,0,0,2024-06-10,32.08,1
0.221,0.2598,0.1554,0.6942,0.3284,0.2349,0.4819,T Nagar,morning,independent,medium,1,0,5,2024-04-20,34.98,1
0.0641,0.8558,0.7954,0.8518,0.1807,0.2647,0.128,Porur,morning,independent,small,0,0,3,2024-09-05,7.82,1
0.171,0.8705,0.4049,0.7505,0.836,0.5507,0.856,T Nagar,afternoon,apartment,large,0,0,1,2024-11-19,66.05,0
0.047,0.8576,0.7659,0.3237,0.4921,0.3419,0.1592,Adyar,evening,independent,small,0,0,1,2024-05-28,28.64,1
0.4598,0.2434,0.4176,0.4807,0.73,0.4444,0.8845,Adyar,evening,independent,large,0,0,0,2024-06-24,60.17,0
0.1292,0.3403,0.052,0.4316,0.4474,0.5322,0.3015,Velachery,afternoon,apartment,small,0,0,0,2024-06-03,53.59,0
0.0987,0.5033,0.7307,0.594,0.2548,0.2789,0.8338,T Nagar,morning,apartment,large,0,0,0,2024-02-19,18.6,1
0.5562,0.5565,0.9502,0.5115,0.4909,0.6134,0.4224,Anna Nagar,afternoon,independent,medium,0,0,3,2024-10-17,61.47,0
0.0009,0.6787,0.7924,0.6194,0.4756,0.2688,0.8173,Anna Nagar,morning,independent,large,0,0,4,2024-12-13,11.33,1
0.0763,0.6945,0.8037,0.6136,0.4766,0.2633,0.4668,Adyar,morning,independent,medium,0,0,3,2024-07-18,20.39,1
0.4006,0.1601,0.4449,0.8302,0.6396,0.2235,0.1691,Porur,morning,independent,small,1,0,6,2024-09-15,25.91,1
0.2709,0.1974,0.977,0.4178,0.1004,0.5119,0.7522,Anna Nagar,afternoon,apartment,large,1,0,6,2024-02-04,8.78,1
0.3808,0.2527,0.2802,0.8695,0.4602,0.1911,0.2526,Adyar,morning,independent,small,1,0,5,2024-07-13,36.27,1
0.183,0.5657,0.2571,0.3922,0.5821,0.4617,0.1557,Anna Nagar,evening,apartment,small,1,0,6,2024-03-10,53.99,0
0.2808,0.4807,0.0652,0.3598,0.1809,0.4474,0.4701,Anna Nagar,afternoon,independent,medium,0,0,3,2024-04-04,61.87,0
0.2074,0.2026,0.7971,0.3171,0.3851,0.5308,0.4771,Velachery,afternoon,independent,medium,1,0,5,2024-04-06,22.4,1
0.3504,0.1626,0.7799,0.6656,0.5657,0.5851,0.2071,Porur,afternoon,apartment,small,0,0,2,2024-05-01,18.68,1
0.276,0.3372,0.8066,0.8493,0.5579,0.3726,0.2254,Adyar,evening,independent,small,1,0,5,2024-10-19,16.9,1
0.0233,0.2315,0.8055,0.6835,0.4963,0.2504,0.476,Porur,evening,independent,medium,0,0,4,2024-02-23,0.4,1
0.2536,0.409,0.1778,0.6941,0.3914,0.2087,0.5752,T Nagar,morning,apartment,medium,0,0,4,2024-12-27,47.62,1
0.1196,0.27,0.5612,0.8519,0.283,0.2537,0.4438,Porur,morning,independent,medium,0,0,3,2024-06-06,8.87,1
0.094,0.6369,0.5421,0.9843,0.2536,0.4341,0.1346,Porur,evening,apartment,small,0,0,3,2024-04-18,15.53,1
0.3496,0.5934,0.4376,0.7899,0.4042,0.2336,0.1897,Adyar,morning,apartment,small,0,0,3,2024-05-30,52.9,0
0.2543,0.5776,0.7504,0.7942,0.2304,0.317,0.4263,T Nagar,morning,independent,medium,1,0,5,2024-10-19,25.9,1
0.0195,0.5108,0.8773,0.7657,0.6556,0.3763,0.5308,Porur,evening,apartment,medium,0,0,3,2024-02-29,5.46,1
0.6058,0.1791,0.8542,0.6939,0.5442,0.1687,0.2064,Adyar,morning,apartment,small,1,0,5,2024-09-14,22.27,1
0.1121,0.734,0.7078,0.8375,0.1783,0.3913,0.1225,Anna Nagar,evening,independent,small,0,0,4,2024-11-29,14.92,1
0.3971,0.2336,0.8621,0.51,0.341,0.4366,0.2159,Velachery,evening,apartment,small,1,0,5,2024-05-18,22.56,1
0.4475,0.3687,0.8996,0.9823,0.6465,0.3443,0.7683,Porur,evening,apartment,large,1,0,6,2024-11-03,26.88,1
0.0552,0.5119,0.7579,0.6757,0.4296,0.6517,0.8327,Porur,afternoon,apartment,large,0,0,4,2024-11-22,18.85,1
0.6335,0.5244,0.7502,0.6587,0.2194,0.4036,0.7365,Velachery,evening,apartment,large,1,0,6,2024-02-25,68.49,0
0.1235,0.5408,0.1545,0.6407,0.3468,0.2051,0.7019,Anna Nagar,morning,apartment,large,0,0,1,2024-08-27,42.38,1
0.0937,0.7709,0.1814,0.7995,0.2499,0.5878,0.4764,T Nagar,afternoon,apartment,medium,0,0,0,2024-03-04,44.34,1
0.1712,0.5971,0.9401,0.3543,0.8222,0.4468,0.21,Adyar,evening,independent,small,1,0,5,2024-01-20,31.7,1
0.2709,0.3967,0.6041,0.4708,0.445,0.4028,0.2392,Velachery,evening,apartment,small,0,0,3,2024-08-22,39.75,1
0.6799,0.6144,0.873,0.1872,0.372,0.5551,0.5165,Velachery,afternoon,apartment,medium,0,0,4,2024-03-22,94.22,0
0.1219,0.3735,0.824,0.6331,0.298,0.5547,0.6746,Velachery,afternoon,apartment,large,0,0,3,2024-02-29,17.38,1
0.0567,0.8043,0.2233,0.6636,0.3213,0.4137,0.5188,Velachery,evening,independent,medium,0,0,2,2024-02-14,44.64,0
0.1974,0.4928,0.9147,0.8549,0.8557,0.5847,0.4418,Anna Nagar,afternoon,apartment,medium,1,0,6,2024-06-16,19.51,1
0.2253,0.5576,0.8749,0.1449,0.6566,0.4435,0.6581,T Nagar,afternoon,apartment,medium,0,0,2,2024-09-25,45.28,1
0.1059,0.4941,0.6643,0.8077,0.2439,0.4604,0.1587,Porur,afternoon,apartment,small,0,0,1,2024-05-21,12.11,1
0.0317,0.397,0.4521,0.6246,0.3956,0.3512,0.5452,Anna Nagar,evening,apartment,medium,0,0,4,2024-05-24,20.2,1
0.0494,0.3255,0.5362,0.2985,0.4431,0.2352,0.2232,Anna Nagar,morning,apartment,small,0,0,3,2024-01-25,21.15,1
0.5204,0.4773,0.8007,0.371,0.6454,0.1904,0.2858,Anna Nagar,morning,apartment,small,1,0,5,2024-07-06,54.66,0
0.633,0.2073,0.4511,0.1241,0.3273,0.5198,0.2455,T Nagar,afternoon,apartment,small,0,0,0,2024-06-24,59.37,0
0.1773,1.0,0.4687,0.6001,0.3345,0.5032,0.4536,Adyar,afternoon,apartment,medium,0,0,1,2024-07-30,60.08,1
0.1919,0.8082,0.9882,0.7863,0.6384,0.5907,0.1819,T Nagar,afternoon,independent,small,1,0,5,2024-07-20,27.97,1
0.0945,0.2867,0.3989,0.6738,0.4916,0.2095,0.4053,Porur,morning,apartment,medium,0,0,4,2024-05-03,22.52,1
0.3011,0.4181,0.4177,0.8731,0.5366,0.3925,0.3887,T Nagar,evening,apartment,medium,0,0,0,2024-08-12,41.53,1
0.1279,0.3606,0.6258,0.8251,0.3492,0.4365,0.1599,Anna Nagar,afternoon,apartment,small,1,0,5,2024-04-20,9.36,1
0.3346,0.2363,0.6115,0.5645,0.2983,0.166,0.7845,Adyar,morning,independent,large,1,0,6,2024-03-03,27.03,0
0.2284,0.6425,1.0,0.6818,0.5178,0.2729,0.7666,Anna Nagar,morning,independent,large,1,0,6,2024-12-08,23.72,1
0.127,0.1795,0.6982,0.561,0.8605,0.3399,0.2923,Adyar,evening,apartment,small,1,0,6,2024-02-25,18.51,1
0.0116,0.5053,0.9373,0.6288,0.306,0.4208,0.7427,T Nagar,afternoon,independent,large,0,0,3,2024-07-25,3.51,1
0.2918,1.0,0.4613,0.5872,0.2475,0.4977,0.747,T Nagar,afternoon,apartment,large,0,0,2,2024-12-25,78.07,0
0.3095,0.4289,0.6396,0.7956,0.1471,0.1932,0.1582,T Nagar,morning,independent,small,0,0,2,2024-07-17,23.27,1
0.0117,0.151,0.6028,0.5235,0.2216,0.1873,0.7402,Porur,morning,apartment,large,0,0,4,2024-02-02,6.98,1
0.5611,0.5963,0.7717,0.7345,0.1126,0.595,0.1725,Velachery,afternoon,independent,small,1,0,6,2024-10-13,61.93,0
0.0103,0.3167,0.889,0.6038,0.6232,0.1489,0.5112,Anna Nagar,morning,independent,medium,0,0,2,2024-03-20,0.0,1
0.0344,0.1372,0.4659,0.3197,0.6603,0.4565,0.2339,Anna Nagar,evening,apartment,small,0,0,3,2024-08-29,25.94,1
0.0375,0.313,0.7071,0.3324,0.1968,0.3327,0.2698,T Nagar,morning,independent,medium,1,0,5,2024-07-20,9.34,1
0.2179,0.3854,0.6203,0.4443,0.179,0.5214,0.7876,Adyar,evening,independent,large,1,1,6,2024-01-14,36.68,1
0.025,0.2308,0.7689,0.3796,0.6739,0.1255,0.7789,T Nagar,morning,independent,large,1,0,5,2024-10-26,12.5,1
0.0111,0.2627,0.4441,0.4012,0.2168,0.3642,0.1274,Porur,evening,apartment,small,0,0,2,2024-06-19,15.77,1
0.2269,0.2919,0.809,0.8678,0.4937,0.399,0.5592,Velachery,evening,independent,medium,0,0,1,2024-02-27,15.96,1
0.4579,0.5876,0.3963,0.7022,0.3888,0.5277,0.4993,Velachery,afternoon,apartment,medium,0,0,1,2024-05-21,75.14,0
0.0897,0.4865,0.0246,0.9697,0.5245,0.3831,0.2329,Anna Nagar,evening,independent,small,0,0,2,2024-06-12,37.95,1
0.1135,0.8731,0.7126,0.4906,0.4585,0.2739,0.4814,T Nagar,morning,independent,medium,0,0,3,2024-08-01,36.33,1
0.2852,0.56,0.8449,0.772,0.7013,0.2091,0.1994,Velachery,morning,apartment,small,0,0,0,2024-02-19,33.5,1
0.2959,0.4654,0.5547,0.9484,0.6815,0.3523,0.1998,Anna Nagar,evening,apartment,small,0,0,2,2024-11-27,34.96,1
0.2604,1.0,0.1466,0.9181,0.3597,0.2134,0.4902,Anna Nagar,morning,apartment,medium,0,0,4,2024-02-02,72.33,0
0.4511,0.7483,0.3719,0.7701,0.5116,0.5614,0.8014,T Nagar,afternoon,independent,large,0,0,2,2024-11-06,89.5,0
0.2177,0.1153,0.0975,0.6306,0.096,0.1968,0.2099,Porur,morning,apartment,small,0,0,0,2024-04-15,23.96,1
0.0519,0.1434,0.5178,0.6453,0.3029,0.4699,0.4957,Anna Nagar,afternoon,independent,medium,0,0,2,2024-07-03,11.43,1
0.0807,0.3104,0.6045,0.5062,0.1611,0.2983,0.8363,Adyar,morning,apartment,large,0,0,2,2024-04-03,18.42,1
0.507,0.5621,0.4969,0.6001,0.4623,0.3596,0.4369,Velachery,evening,independent,medium,0,0,2,2024-10-16,75.04,0
0.5403,0.4143,0.8389,0.6893,0.725,0.1557,0.6608,Velachery,morning,apartment,medium,0,0,1,2024-06-25,51.15,0
0.3168,0.4623,0.6404,0.6033,0.8682,0.6856,0.1501,Velachery,afternoon,independent,small,0,0,1,2024-03-05,53.42,0
0.0124,0.1366,0.6177,0.6044,0.2144,0.4157,0.7657,Anna Nagar,evening,independent,large,0,0,3,2024-04-18,6.4,1
0.3027,0.7488,0.3549,0.4905,0.3178,0.5041,0.7821,T Nagar,afternoon,apartment,large,0,0,0,2024-12-09,73.45,0
0.7311,0.1101,0.4643,0.656,0.5368,0.3746,0.1174,Velachery,morning,independent,small,1,0,6,2024-03-17,41.35,1
0.2702,0.5774,0.145,0.9128,0.4725,0.3401,0.743,Velachery,evening,independent,large,0,0,0,2024-12-02,62.04,0
0.2785,0.7571,0.8512,0.6216,0.2269,0.2391,0.4868,T Nagar,morning,apartment,medium,0,0,0,2024-07-22,39.97,1
0.9858,0.6322,0.753,0.6897,0.6345,0.5306,0.4518,Adyar,afternoon,apartment,medium,1,0,5,2024-04-06,100.0,0
0.1401,0.6667,0.9214,0.891,0.6087,0.5178,0.21,Adyar,afternoon,apartment,small,0,0,2,2024-12-18,18.17,1
0.5002,0.5274,0.5784,0.9088,0.6667,0.5504,0.4172,Adyar,afternoon,independent,medium,0,0,2,2024-11-06,65.21,0
0.0506,0.2,0.6992,0.7867,0.8149,0.5373,0.1297,Porur,afternoon,independent,small,1,0,5,2024-11-30,8.01,1
0.0946,0.1127,0.9654,0.8172,0.7016,0.5493,0.669,Anna Nagar,afternoon,apartment,medium,0,0,1,2024-12-24,0.0,1
0.312,0.541,0.4669,0.3796,0.4604,0.3652,0.1395,Velachery,morning,apartment,small,0,0,3,2024-08-15,58.77,0
0.5291,0.4645,0.7671,0.6172,0.1692,0.3541,0.1991,Velachery,evening,apartment,small,0,0,0,2024-09-16,49.5,1
0.3551,0.5541,0.4956,0.8827,0.3166,0.5433,0.4042,Anna Nagar,afternoon,apartment,medium,0,0,1,2024-02-13,47.1,1
0.3389,0.2817,0.9042,0.9115,0.6605,0.1626,0.1712,Adyar,morning,apartment,small,0,0,1,2024-07-09,11.85,1
0.2286,0.6307,0.3456,0.5477,0.4269,0.1811,0.7295,Velachery,morning,apartment,large,0,0,0,2024-11-04,57.68,0
0.1402,0.1796,0.9181,0.7222,0.542,0.6082,0.8045,Anna Nagar,afternoon,independent,large,0,0,3,2024-07-11,6.32,1
0.0001,0.976,0.7101,0.5189,0.1616,0.1799,0.727,T Nagar,morning,independent,large,0,0,2,2024-04-17,17.04,1
0.0598,0.572,0.7941,0.3116,0.6283,0.3386,0.7704,Anna Nagar,evening,independent,large,0,0,1,2024-11-05,26.01,1
0.1302,0.8991,0.7479,0.8435,0.4876,0.3352,0.5172,Adyar,morning,apartment,medium,0,0,3,2024-07-11,32.29,1
0.0834,0.4128,0.6222,0.7043,0.4732,0.4953,0.8198,Velachery,evening,independent,large,0,0,0,2024-01-08,25.76,1
0.3852,0.4039,0.7657,0.355,0.2095,0.4538,0.2869,Velachery,afternoon,independent,medium,0,0,4,2024-01-05,42.2,1
0.0696,0.4046,0.567,0.6407,0.4192,0.1894,0.5242,Porur,morning,independent,medium,0,0,2,2024-02-21,17.12,1
0.8236,0.3019,0.3481,0.4903,0.7656,0.3023,0.7478,Velachery,evening,apartment,large,1,0,5,2024-07-13,88.42,0
0.0406,0.0992,0.3767,0.5123,0.5536,0.178,0.629,Anna Nagar,morning,apartment,medium,0,0,1,2024-01-23,21.6,1
0.5882,0.5193,0.4614,0.7091,0.3151,0.3758,0.3665,Velachery,evening,independent,medium,0,0,3,2024-09-12,74.24,0
0.7041,0.114,0.8491,0.8232,0.5829,0.4221,0.6206,Velachery,evening,independent,medium,0,0,1,2024-03-12,27.09,1
0.0737,0.2084,0.9398,0.669,0.5687,0.4672,0.2343,Porur,evening,independent,small,1,0,5,2024-01-27,0.0,1
0.7196,0.8143,0.5813,0.6027,0.1723,0.4452,0.4874,Velachery,afternoon,independent,medium,0,0,1,2024-10-22,100.0,0
0.0706,0.4584,0.3026,0.7718,0.0983,0.1241,0.4218,Anna Nagar,morning,apartment,medium,0,0,1,2024-12-10,16.47,1
0.054,0.714,0.86,0.8131,0.4004,0.5201,0.4066,T Nagar,afternoon,independent,medium,0,0,2,2024-07-10,11.33,0
0.0251,0.2804,0.4137,0.9468,0.1991,0.5901,0.5698,Anna Nagar,afternoon,apartment,medium,1,0,5,2024-05-25,8.11,1
0.4399,0.0772,0.4872,0.6063,0.2051,0.1881,0.2434,Anna Nagar,morning,apartment,small,1,0,6,2024-07-28,15.13,1
0.4827,0.3518,0.0814,0.4355,0.3637,0.4406,0.1348,Adyar,afternoon,independent,small,0,0,4,2024-06-14,71.49,1
0.2804,0.2037,0.9221,0.7626,0.5992,0.4131,0.7814,Anna Nagar,evening,apartment,large,1,0,5,2024-06-29,9.29,1
0.3454,0.368,0.8409,0.7094,0.5079,0.5055,0.4157,Adyar,evening,apartment,medium,1,0,6,2024-10-13,28.25,1
0.4347,0.3158,0.301,0.6513,0.4286,0.3596,0.8227,Velachery,evening,apartment,large,0,0,4,2024-08-30,58.22,0
0.0934,0.1834,0.6266,0.5672,0.2437,0.34,0.1966,Anna Nagar,evening,independent,small,0,0,4,2024-02-02,6.64,1
0.1104,0.3678,0.9215,0.7865,0.2132,0.5441,0.481,Porur,afternoon,independent,medium,1,0,6,2024-10-06,0.15,1
0.507,1.0,0.7303,0.6599,0.4141,0.5765,0.0773,Adyar,afternoon,apartment,small,0,0,2,2024-08-14,99.63,0
0.149,0.2016,0.7916,0.859,0.6619,0.2119,0.2518,Adyar,morning,apartment,small,0,0,3,2024-10-10,4.93,1
0.1096,0.8536,0.8814,0.3379,0.3865,0.1974,0.153,T Nagar,morning,independent,small,0,0,2,2024-05-15,26.93,1
0.1955,0.0587,0.7087,0.9776,0.4259,0.1544,0.2336,Porur,morning,apartment,small,0,0,3,2024-06-27,0.0,1
0.2127,0.3764,0.5588,0.2822,0.5067,0.4272,0.2751,T Nagar,evening,independent,small,0,0,3,2024-05-09,40.07,1
0.0645,0.596,0.5462,0.7974,0.2148,0.2496,0.5347,Velachery,morning,apartment,medium,0,0,0,2024-12-23,19.33,1
0.1572,0.5595,0.8135,0.7809,0.4475,0.5009,0.815,Porur,afternoon,apartment,large,0,0,0,2024-04-01,23.29,0
0.2363,1.0,0.2554,0.4981,0.5675,0.4802,0.261,T Nagar,afternoon,apartment,small,0,0,1,2024-07-02,83.04,0
0.1055,0.261,0.5081,0.2166,0.6168,0.5678,0.7684,Adyar,afternoon,apartment,large,0,0,4,2024-03-22,41.77,1
0.593,0.8219,0.3668,0.9465,0.8193,0.2487,0.2276,T Nagar,morning,apartment,small,0,0,0,2024-01-01,100.0,0
0.6085,0.211,0.984,0.8779,0.4493,0.425,0.1258,Velachery,afternoon,independent,small,0,0,1,2024-04-09,20.04,1
0.0219,0.7372,0.853,0.5032,0.3543,0.6222,0.173,T Nagar,afternoon,apartment,small,0,0,1,2024-02-27,14.76,1
0.0165,0.3955,0.7763,0.6446,0.7677,0.4406,0.2243,Porur,evening,independent,small,0,0,1,2024-10-22,10.68,1
0.2118,0.7552,0.3567,0.8555,0.2671,0.5988,0.441,Velachery,afternoon,independent,medium,0,0,4,2024-01-12,53.3,0
0.2431,0.3816,0.5569,0.5185,0.8364,0.6188,0.2184,Anna Nagar,afternoon,apartment,small,0,0,3,2024-12-12,43.58,0
0.1783,0.2215,0.8743,0.6015,0.4804,0.243,0.8737,Porur,morning,independent,large,0,0,4,2024-07-26,10.38,1
0.4687,0.1832,0.4579,0.5685,0.2034,0.2429,0.469,Adyar,morning,apartment,medium,0,0,4,2024-09-20,34.44,1
0.3249,0.6496,0.7999,0.791,0.3084,0.244,0.1356,Velachery,morning,independent,small,0,0,0,2024-05-06,38.14,1
0.4369,0.4449,0.3996,0.718,0.5993,0.4156,0.7578,Velachery,evening,apartment,large,0,0,4,2024-09-27,66.53,0
0.1882,0.4508,0.7968,0.8512,0.0462,0.5107,0.6782,Velachery,afternoon,independent,large,0,0,1,2024-08-13,16.61,1
0.0097,0.3933,0.3888,0.6885,0.5189,0.5181,0.6511,Anna Nagar,afternoon,apartment,large,0,0,1,2024-01-30,25.34,1
0.5142,0.4498,0.8677,0.6683,0.5864,0.4916,0.2193,Porur,afternoon,independent,small,0,0,1,2024-09-24,46.61,1
0.794,0.487,0.5044,0.6387,0.1982,0.1484,0.5671,Velachery,morning,independent,medium,0,0,3,2024-09-26,85.56,0
0.5293,0.5724,0.213,0.4862,0.3007,0.244,0.2263,T Nagar,morning,independent,small,0,0,0,2024-06-24,83.18,0
0.0521,0.1057,0.6499,0.6933,0.4369,0.4381,0.5948,Anna Nagar,evening,apartment,medium,1,0,6,2024-05-26,4.96,1
0.5683,0.624,0.6715,0.69,0.3522,0.5606,0.7998,Porur,afternoon,apartment,large,0,0,3,2024-10-10,77.44,0
0.0073,0.2171,0.4971,0.6426,0.1983,0.2161,0.2683,Anna Nagar,morning,independent,small,1,0,5,2024-09-07,2.57,1
0.1508,0.1137,0.7713,0.8844,0.641,0.5816,0.7021,Porur,afternoon,apartment,large,1,0,5,2024-11-23,6.18,1
0.213,0.6074,0.6837,0.6237,0.2857,0.2083,0.5086,Adyar,morning,independent,medium,0,0,2,2024-05-22,33.39,1
0.1551,0.4474,0.919,0.715,0.4078,0.2188,0.7927,T Nagar,morning,independent,large,1,0,6,2024-06-09,10.31,1
0.1601,0.2601,0.7152,0.4318,0.6916,0.1969,0.4433,Velachery,morning,independent,medium,0,0,3,2024-09-26,25.22,1
0.3104,0.2613,0.7877,0.697,0.5759,0.4322,0.7851,T Nagar,evening,independent,large,1,0,6,2024-03-24,23.63,1
0.0772,0.4285,0.293,0.75,0.3718,0.4078,0.5479,Anna Nagar,evening,apartment,medium,1,0,5,2024-03-02,26.54,0
0.1069,0.4721,0.6988,0.4401,0.3212,0.4862,0.4859,Velachery,afternoon,apartment,medium,0,0,0,2024-06-10,27.33,1
0.1435,0.0445,0.5744,0.9142,0.4808,0.218,0.1209,Porur,morning,independent,small,0,0,4,2024-07-12,0.41,1
0.0025,0.1471,0.7762,0.9794,0.3146,0.1983,0.616,T Nagar,morning,independent,medium,1,0,5,2024-06-15,0.0,1
0.2007,0.1151,0.9129,0.7099,0.4616,0.2595,0.2428,Porur,morning,apartment,small,1,0,6,2024-02-25,0.0,1
0.1776,0.5371,0.7929,0.7787,0.2292,0.4665,0.2495,T Nagar,evening,apartment,small,0,0,4,2024-12-27,17.5,1
0.493,0.1906,0.5659,0.4709,0.4192,0.4616,0.1667,Velachery,afternoon,independent,small,0,0,0,2024-07-15,40.54,1
0.0073,0.2368,0.7951,0.4877,0.3607,0.3138,0.1783,Porur,morning,independent,small,0,0,4,2024-09-27,1.17,1
0.113,0.7395,0.5346,0.2579,0.1977,0.4777,0.7165,T Nagar,afternoon,independent,large,1,0,6,2024-03-24,42.84,1
0.4109,0.2502,0.4222,0.9502,0.2191,0.1563,0.4903,Velachery,morning,apartment,medium,1,0,5,2024-05-18,27.39,1
0.11,0.4149,0.4081,0.6344,0.5683,0.3945,0.7446,T Nagar,afternoon,apartment,large,1,0,6,2024-08-25,34.38,1
0.1887,0.554,0.3902,0.6626,0.1149,0.3938,0.4244,Velachery,evening,independent,medium,0,0,4,2024-04-19,38.77,1
0.5224,0.737,0.8677,0.8083,0.2393,0.3136,0.1811,Velachery,morning,independent,small,0,0,4,2024-01-12,65.02,0
0.6938,0.1496,0.243,0.5827,0.8394,0.1436,0.2205,Adyar,morning,apartment,small,0,0,1,2024-03-12,61.29,0
0.2987,0.4524,0.7854,0.6859,0.1881,0.1743,0.4844,Velachery,morning,independent,medium,1,0,5,2024-03-09,24.92,1
0.1591,0.2077,0.5382,0.5502,0.3095,0.4486,0.4861,Anna Nagar,evening,apartment,medium,0,0,2,2024-11-13,19.83,1
0.0503,0.152,0.4955,0.8227,0.3812,0.3747,0.2509,Porur,evening,apartment,small,1,0,5,2024-11-30,5.44,1
0.0793,0.29,0.8507,0.7059,0.6092,0.4297,0.4387,Anna Nagar,evening,apartment,medium,1,0,6,2024-01-07,3.81,1
0.4937,0.6014,0.5839,0.9736,0.9481,0.6511,0.1737,Velachery,afternoon,apartment,small,1,0,5,2024-09-21,73.41,0
0.2852,0.5619,0.303,0.5401,0.6864,0.5812,0.2324,Adyar,afternoon,apartment,small,1,0,5,2024-02-24,66.1,0
0.2495,0.6984,0.8145,0.6646,0.0942,0.5129,0.7212,Adyar,afternoon,independent,large,0,0,3,2024-12-26,38.49,1
0.3011,0.5724,0.8911,0.9622,0.2959,0.2456,0.8451,Velachery,morning,apartment,large,0,0,4,2024-10-11,28.58,1
0.2321,0.9202,0.5965,0.7312,0.9301,0.4201,0.8881,T Nagar,afternoon,apartment,large,0,0,3,2024-02-29,68.78,0
0.0819,0.886,0.3778,0.6669,0.4552,0.4472,0.1636,T Nagar,evening,apartment,small,0,0,3,2024-07-11,41.78,1
0.0284,0.7239,0.8211,0.214,0.2466,0.3857,0.1138,T Nagar,evening,independent,small,0,0,1,2024-04-16,18.37,1
0.6529,0.4042,0.6,0.771,0.3639,0.1095,0.5324,Velachery,morning,apartment,medium,1,0,6,2024-03-17,57.61,0
0.0213,0.4993,0.7714,0.5525,0.2049,0.3044,0.4737,T Nagar,evening,apartment,medium,0,0,1,2024-04-30,7.43,1
0.3015,0.3154,0.5497,0.4448,0.3156,0.2134,0.659,Anna Nagar,morning,independent,large,0,0,2,2024-01-03,33.99,0
0.1699,0.5724,0.7381,0.5076,0.428,0.4651,0.239,Adyar,evening,independent,small,0,0,3,2024-10-17,31.85,1
0.0776,0.3229,0.488,0.6066,0.413,0.1874,0.1746,Porur,morning,apartment,small,1,0,6,2024-10-27,14.73,1
0.0638,0.4854,0.8175,0.6129,0.2566,0.2356,0.5695,Porur,morning,independent,medium,0,0,2,2024-04-17,7.37,1
0.4832,0.7944,0.3613,0.1453,0.7635,0.5041,0.4689,Velachery,afternoon,apartment,medium,1,0,5,2024-08-10,100.0,0
0.8324,0.3092,0.8771,0.4105,0.2927,0.2694,0.5499,Adyar,morning,apartment,medium,0,0,1,2024-09-24,58.33,0
0.3824,0.4658,0.5831,0.7633,0.5364,0.2955,0.5991,Velachery,evening,independent,medium,0,0,3,2024-10-03,50.0,1
0.438,0.6848,0.6739,0.7769,0.2436,0.2866,0.2625,T Nagar,morning,apartment,small,0,0,2,2024-05-29,56.65,0
0.0377,0.5941,0.8663,0.9901,0.4407,0.6146,0.2153,Anna Nagar,afternoon,apartment,small,0,0,4,2024-06-28,0.41,1
0.1473,0.4835,0.5443,0.3758,0.413,0.4822,0.3538,T Nagar,afternoon,apartment,small,1,0,5,2024-09-07,35.33,1
0.0517,1.0,0.8212,0.7081,0.8443,0.6259,0.4415,T Nagar,afternoon,apartment,medium,0,0,4,2024-05-24,31.38,1
0.1747,0.3251,0.4755,0.7143,0.3317,0.1364,0.793,T Nagar,morning,apartment,large,1,0,5,2024-09-28,22.72,1
0.0754,0.4847,0.9325,0.8513,0.7419,0.1399,0.2093,T Nagar,morning,apartment,small,1,0,5,2024-10-12,0.0,1
0.1773,0.9209,0.5234,0.7208,0.1831,0.3576,0.7639,Porur,afternoon,independent,large,0,0,2,2024-10-09,46.71,1
0.3375,0.5662,0.6502,0.3642,0.5431,0.2766,0.2307,T Nagar,morning,apartment,small,0,0,3,2024-04-11,53.74,0
0.0217,0.554,0.5571,0.4866,0.6762,0.172,0.4509,Velachery,morning,apartment,medium,1,0,6,2024-04-07,26.85,1
0.3003,0.7356,0.1867,0.7523,0.368,0.494,0.5883,T Nagar,afternoon,independent,medium,0,0,3,2024-08-29,72.19,0
0.0589,0.3936,0.435,0.3927,0.2247,0.4842,0.4864,Adyar,afternoon,apartment,medium,0,0,2,2024-04-03,29.58,1
0.4927,0.4137,0.3239,0.5615,0.0945,0.2183,0.5135,Velachery,morning,independent,medium,1,0,5,2024-09-28,57.76,0
0.2614,0.8771,0.4533,0.8874,0.5323,0.5758,0.5029,Porur,evening,apartment,medium,0,1,4,2024-11-01,67.22,0
0.1511,0.1946,0.5007,0.6144,0.4783,0.369,0.8652,Velachery,evening,independent,large,1,0,5,2024-12-14,27.03,1
0.1128,0.1666,0.2651,0.9262,0.6563,0.2366,0.21,Anna Nagar,morning,apartment,small,0,0,0,2024-03-18,20.83,1
0.0285,0.6772,0.5073,0.3654,0.1983,0.1655,0.4483,T Nagar,morning,apartment,medium,0,0,4,2024-08-30,24.78,1
0.113,0.7201,0.4947,0.5246,0.4505,0.4944,0.1763,T Nagar,afternoon,independent,small,1,0,5,2024-10-12,38.09,1
0.3498,0.7325,0.4356,0.8069,0.4489,0.5059,0.146,T Nagar,afternoon,independent,small,0,0,1,2024-06-18,64.68,0
0.0583,0.2881,0.9147,0.9281,0.3431,0.5153,0.827,Anna Nagar,afternoon,apartment,large,1,0,6,2024-12-15,0.0,1
0.0423,0.2387,0.9831,0.7936,0.1893,0.5533,0.2712,Anna Nagar,afternoon,independent,small,1,0,5,2024-08-03,0.0,1
0.2862,0.3827,0.5043,0.9137,0.1115,0.1048,0.1643,T Nagar,morning,independent,small,0,0,3,2024-03-28,19.09,1
0.0775,0.2632,0.6688,0.2891,0.2157,0.2191,0.1065,Adyar,morning,independent,small,0,0,2,2024-12-11,13.74,1
0.1076,0.7299,0.4087,0.8987,0.2201,0.1491,0.7302,Porur,morning,apartment,large,0,0,3,2024-05-09,27.79,1
0.2748,0.9554,0.3709,0.7087,0.5413,0.5218,0.6815,Anna Nagar,afternoon,apartment,large,0,0,3,2024-11-07,77.93,0
0.2906,0.4968,0.0986,0.5822,0.7408,0.3109,0.3843,Adyar,morning,apartment,medium,0,0,0,2024-08-26,71.95,0
0.2079,0.635,0.5378,0.7591,0.7737,0.425,0.7111,Porur,evening,independent,large,1,0,6,2024-07-28,46.88,1
0.1916,0.5756,0.9077,0.9603,0.5928,0.242,0.4203,Velachery,morning,independent,medium,0,0,3,2024-08-08,17.96,1
0.3619,0.6741,0.3229,0.9104,0.6401,0.1628,0.2061,Velachery,morning,apartment,small,1,0,5,2024-07-20,65.52,0
0.1961,0.6113,0.8244,0.6445,0.0671,0.5105,0.1657,T Nagar,afternoon,independent,small,0,0,4,2024-02-23,22.04,1
0.0633,0.3369,0.6405,0.4035,0.2889,0.1386,0.7655,Adyar,morning,apartment,large,0,0,1,2024-10-01,18.79,1
0.2413,0.6918,0.4988,0.9603,0.5632,0.2084,0.135,Adyar,morning,independent,small,0,0,3,2024-12-05,42.35,1
0.1129,0.1883,0.5642,0.6835,0.6087,0.3762,0.5192,Anna Nagar,evening,apartment,medium,0,0,1,2024-10-15,17.58,1
0.3894,0.2072,0.8323,0.2421,0.4372,0.4661,0.1856,Porur,evening,independent,small,1,0,6,2024-06-09,26.23,1
0.0466,0.4925,0.1282,0.9411,0.0536,0.276,0.2286,Velachery,evening,independent,small,0,0,1,2024-06-18,21.51,1
0.5676,0.5623,0.7132,0.3585,0.2641,0.248,0.1939,Velachery,morning,apartment,small,1,0,6,2024-04-21,69.08,0
0.2459,0.4313,0.3095,0.4398,0.1918,0.2742,0.319,T Nagar,evening,apartment,small,0,0,4,2024-02-02,43.23,1
0.0134,0.5955,0.3759,0.4685,0.3398,0.5584,0.6609,Porur,afternoon,apartment,medium,0,0,4,2024-11-29,33.29,1
0.7935,0.3035,0.2305,0.9424,0.1612,0.1646,0.1542,Adyar,morning,independent,small,1,0,5,2024-09-28,58.21,0
0.0964,0.483,0.8293,0.8325,0.6028,0.5413,0.0875,Adyar,afternoon,apartment,small,1,0,5,2024-01-20,10.44,1
0.3889,0.0284,0.5332,0.6347,0.4717,0.3138,0.7484,Adyar,evening,independent,large,0,0,3,2024-04-25,23.62,1
0.0606,0.6502,0.2227,0.9657,0.4582,0.5451,0.513,T Nagar,afternoon,apartment,medium,0,0,2,2024-05-08,35.88,1
0.5467,1.0,0.1533,0.3444,0.3031,0.4688,0.2333,T Nagar,afternoon,apartment,small,0,0,4,2024-01-05,100.0,0
0.0584,0.4622,0.9159,0.4481,0.223,0.161,0.1529,T Nagar,morning,independent,small,1,0,6,2024-11-03,0.64,1
0.1773,0.512,0.6433,0.5703,0.2464,0.2448,0.5061,Velachery,morning,apartment,medium,0,0,4,2024-03-01,29.65,1
0.5832,0.2651,0.3155,0.7796,0.1605,0.3977,0.7944,Adyar,evening,independent,large,0,0,1,2024-01-09,51.99,0
0.2146,0.552,0.7745,0.797,0.3046,0.3468,0.1647,Velachery,evening,apartment,small,1,0,5,2024-12-14,21.87,1
0.4311,0.4061,0.8933,0.207,0.3071,0.45,0.3972,Velachery,afternoon,apartment,medium,0,0,3,2024-01-04,46.96,1
0.0191,0.6629,0.5071,0.8737,0.2994,0.4997,0.2383,T Nagar,afternoon,independent,small,0,0,3,2024-12-12,15.61,0
0.7546,0.7565,0.089,0.9772,0.349,0.2957,0.4749,Velachery,morning,independent,medium,0,0,3,2024-08-22,100.0,0
0.2701,0.7584,0.8121,0.3022,0.7457,0.5149,0.7714,Anna Nagar,afternoon,apartment,large,0,0,3,2024-08-08,61.18,0
0.0895,0.386,0.8658,0.7353,0.4499,0.536,0.5964,Adyar,afternoon,apartment,medium,0,0,3,2024-10-31,11.23,1
0.2936,0.0298,0.7991,0.4959,0.7263,0.2761,0.1767,Porur,morning,apartment,small,1,0,6,2024-09-29,8.14,1
0.0295,0.4394,0.9804,0.3137,0.4678,0.4114,0.655,Porur,evening,apartment,large,1,0,6,2024-10-27,8.5,1
0.4747,0.3205,0.7448,0.3983,0.2262,0.4946,0.1831,Velachery,afternoon,independent,small,1,0,6,2024-03-24,40.16,1
0.5161,0.6758,0.6749,0.5608,0.5363,0.4363,0.2205,Adyar,afternoon,apartment,small,1,0,5,2024-03-23,76.83,1
0.1993,0.534,0.937,0.8103,0.5922,0.5678,0.2439,Porur,afternoon,independent,small,1,0,5,2024-05-11,16.83,1
0.0581,1.0,0.8539,0.9422,0.4325,0.5574,0.8122,Porur,afternoon,apartment,large,0,0,1,2024-07-23,19.74,1
0.1623,0.0228,0.4547,0.3745,0.599,0.4707,0.319,Adyar,afternoon,apartment,small,0,0,2,2024-07-17,28.55,1
0.7683,0.604,0.8826,0.6658,0.3914,0.2223,0.5821,Velachery,morning,independent,medium,0,0,0,2024-07-15,86.29,0
0.0229,0.4251,0.6388,0.5521,0.6432,0.4896,0.437,Anna Nagar,afternoon,apartment,medium,1,0,6,2024-07-28,17.92,1
0.3657,0.6495,0.8151,0.7006,0.7414,0.2329,0.7934,Velachery,morning,independent,large,0,0,4,2024-06-07,56.54,0
0.3225,0.7588,0.3401,0.802,0.4083,0.224,0.2305,T Nagar,morning,apartment,small,0,0,2,2024-07-24,63.09,0
0.1704,0.8273,0.9083,0.4762,0.507,0.4425,0.4704,Anna Nagar,evening,apartment,medium,0,0,3,2024-10-03,35.63,1
0.5365,0.2465,0.458,0.6302,0.139,0.196,0.8723,Porur,morning,independent,large,1,0,5,2024-08-17,39.12,1
0.4437,0.4905,0.6675,0.68,0.4134,0.1729,0.209,Porur,morning,apartment,small,0,0,0,2024-11-11,44.9,1
0.2089,0.5774,0.7895,0.7373,0.523,0.3895,0.5382,Porur,evening,apartment,medium,0,0,1,2024-07-09,28.8,1
0.1838,0.5728,0.8358,0.3666,0.3127,0.5769,0.242,T Nagar,evening,independent,small,0,1,0,2024-01-15,34.66,1
0.4183,0.3598,0.6632,0.6343,0.2646,0.5192,0.504,Adyar,afternoon,apartment,medium,0,0,0,2024-09-23,40.8,1
0.1472,0.309,0.5324,0.538,0.7518,0.5394,0.0706,Porur,evening,apartment,small,0,0,4,2024-09-27,31.24,1
0.5128,0.3168,0.4797,0.9303,0.3692,0.1098,0.7738,Velachery,morning,independent,large,0,0,0,2024-02-12,43.9,1
0.2401,0.8962,0.3514,0.7887,0.1657,0.5225,0.8612,Adyar,afternoon,independent,large,0,0,1,2024-01-09,64.68,0
0.1011,0.4376,0.6332,0.5611,0.8404,0.5981,0.49,Anna Nagar,afternoon,independent,medium,0,0,3,2024-12-05,32.06,1
0.2649,0.5703,0.343,0.3978,0.2494,0.2835,0.7429,Velachery,morning,independent,large,0,1,0,2024-01-15,63.34,0
0.009,0.6087,0.6828,0.2606,0.5195,0.1454,0.271,T Nagar,morning,apartment,small,0,0,4,2024-06-21,21.02,1
0.1419,0.4174,0.0612,0.8181,0.5699,0.1731,0.4491,Velachery,morning,apartment,medium,0,0,0,2024-07-08,46.86,1
0.1944,0.3388,0.5414,0.7322,0.2365,0.5438,0.4297,Anna Nagar,afternoon,apartment,medium,1,0,5,2024-06-22,20.39,1
0.3118,0.2664,0.6613,0.5085,0.0838,0.3624,0.2502,Porur,evening,apartment,small,1,0,6,2024-04-21,19.11,0
0.0319,0.1988,0.8664,0.6396,0.5491,0.3973,0.2816,Porur,evening,apartment,small,1,0,5,2024-02-24,0.0,1
0.6567,0.7525,0.6708,0.587,0.0841,0.1895,0.5541,Velachery,morning,independent,medium,0,0,2,2024-04-03,95.11,0
0.3914,0.3319,0.632,0.6488,0.5281,0.5985,0.5248,Velachery,afternoon,independent,medium,1,0,6,2024-10-27,43.48,1
0.0005,0.4258,0.3208,0.6014,0.4028,0.2177,0.8,Anna Nagar,morning,independent,large,0,0,3,2024-08-22,24.82,1
0.5067,0.4586,0.6159,0.5386,0.4916,0.5327,0.6421,Adyar,afternoon,apartment,medium,0,0,1,2024-04-02,65.66,0
0.3345,0.6844,0.3171,0.4832,0.451,0.3345,0.5634,Velachery,morning,independent,medium,0,0,1,2024-02-27,76.72,0
0.5469,0.5329,0.8113,0.9346,0.0787,0.2044,0.868,Adyar,morning,independent,large,0,0,2,2024-07-24,48.35,1
0.1324,0.1982,0.6189,0.7994,0.4268,0.3434,0.2423,Porur,evening,independent,small,1,0,5,2024-04-06,6.5,1
0.3512,0.8876,0.2816,0.5429,0.2217,0.4017,0.3598,T Nagar,evening,apartment,medium,0,0,3,2024-06-13,83.25,0
0.4413,0.3824,0.5223,0.7507,0.2207,0.3792,0.165,Velachery,evening,independent,small,0,0,4,2024-01-05,42.75,1
0.8881,0.8724,0.3334,0.7795,0.2543,0.5922,0.2434,Velachery,afternoon,apartment,small,0,0,0,2024-07-15,100.0,0
0.3478,0.4688,0.2612,0.9472,0.6127,0.2139,0.7816,Velachery,morning,independent,large,0,0,0,2024-05-20,58.87,0
0.7773,0.2697,0.6297,0.6454,0.6562,0.611,0.203,Anna Nagar,afternoon,apartment,small,1,0,5,2024-11-30,57.57,1
0.3197,0.5014,0.5152,0.6239,0.6826,0.3113,0.0898,Velachery,morning,independent,small,0,0,4,2024-08-02,52.25,0
0.0914,0.4104,0.4471,0.7278,0.6595,0.1793,0.5873,Porur,morning,apartment,medium,0,0,3,2024-06-06,27.32,1
0.4092,0.764,0.8842,0.8278,0.7496,0.4878,0.1464,Velachery,afternoon,independent,small,0,0,4,2024-03-29,61.77,0
0.4539,0.4596,0.6725,0.983,0.5978,0.5934,0.4627,Velachery,afternoon,apartment,medium,1,0,5,2024-12-28,48.52,1
0.4472,0.4865,0.2997,0.7784,0.0981,0.5884,0.6506,Adyar,afternoon,independent,medium,0,0,3,2024-04-25,62.12,0
0.0403,0.1112,0.7717,0.9,0.5808,0.2716,0.3835,Anna Nagar,morning,apartment,medium,0,0,3,2024-05-09,0.0,1
0.1454,0.629,0.7613,0.1351,0.5669,0.2741,0.8379,Adyar,morning,apartment,large,1,0,5,2024-02-10,42.68,1
0.0475,0.6852,0.4136,0.6604,0.2458,0.537,0.0905,Adyar,afternoon,apartment,small,0,0,4,2024-12-27,27.99,1
0.0915,0.3429,0.7392,0.4622,0.2882,0.3471,0.7399,T Nagar,evening,apartment,large,1,0,5,2024-10-26,14.9,1
0.7149,0.3568,0.8327,0.5327,0.5709,0.3994,0.8897,Velachery,afternoon,independent,large,0,0,3,2024-02-01,65.28,0
0.4995,0.5407,0.3288,0.7822,0.5093,0.415,0.4664,Porur,afternoon,apartment,medium,1,0,6,2024-03-17,71.68,0
0.2218,0.0779,0.5479,0.654,0.6361,0.4439,0.1926,Anna Nagar,afternoon,independent,small,0,0,0,2024-08-19,17.76,1
0.0366,0.5057,0.7403,0.6543,0.3136,0.4103,0.2159,T Nagar,evening,independent,small,1,0,5,2024-10-26,7.02,1
0.3808,0.4605,0.1993,0.9588,0.507,0.1814,0.5408,Anna Nagar,morning,independent,medium,0,0,0,2024-07-15,54.07,0
0.0691,0.2498,0.8099,0.5818,0.117,0.6015,0.5647,Porur,afternoon,apartment,medium,0,0,3,2024-10-17,5.1,1
0.6312,0.5478,0.5941,0.6922,0.6535,0.528,0.7337,T Nagar,afternoon,apartment,large,0,0,2,2024-10-02,85.1,0
0.5949,0.3731,0.6771,0.9577,0.5755,0.3671,0.5483,Velachery,evening,apartment,medium,0,0,1,2024-10-15,51.43,0
0.7827,0.4458,0.6343,0.7528,0.1245,0.3352,0.6213,Adyar,evening,independent,medium,1,0,5,2024-04-13,69.92,0
0.3861,0.3663,0.5683,0.5542,0.661,0.5408,0.1789,Porur,afternoon,apartment,small,0,0,3,2024-06-13,47.85,1
0.2589,0.344,0.884,0.476,0.2727,0.5467,0.2376,Porur,afternoon,apartment,small,1,0,5,2024-07-20,17.88,1
0.4768,0.5863,0.7229,0.0839,0.1792,0.503,0.89,T Nagar,evening,independent,large,0,0,0,2024-07-08,75.31,0
0.0858,0.746,0.9567,0.5511,0.4001,0.441,0.6838,Velachery,afternoon,apartment,large,0,0,3,2024-10-31,22.53,1
0.6484,0.255,0.1978,0.7791,0.3555,0.3884,0.7738,Velachery,evening,apartment,large,0,0,2,2024-07-31,65.16,0
0.0166,0.5055,0.6526,0.7939,0.628,0.3704,0.5139,Anna Nagar,evening,apartment,medium,0,0,4,2024-06-21,12.93,1
0.0926,0.8756,0.5556,0.3774,0.2261,0.5116,0.1826,Adyar,afternoon,independent,small,0,0,2,2024-12-25,40.55,1
0.0722,0.6357,0.9802,0.6974,0.2983,0.3709,0.77,Anna Nagar,evening,independent,large,0,0,0,2024-09-16,6.88,1
0.2127,0.5899,0.8051,0.8959,0.1582,0.3648,0.829,Adyar,evening,apartment,large,0,0,0,2024-06-24,23.51,1
0.1104,0.1723,0.6312,0.8278,0.3806,0.2399,0.8062,Porur,morning,independent,large,0,0,4,2024-04-26,7.47,1
0.7051,0.2718,0.4222,0.8419,0.8787,0.3178,0.5214,Adyar,evening,independent,medium,0,0,4,2024-04-05,66.39,0
0.8483,0.3565,0.922,0.5153,0.3127,0.3139,0.1736,Velachery,evening,independent,small,1,0,6,2024-02-18,58.62,0
0.2767,0.8505,0.8013,0.6154,0.2405,0.4454,0.9081,Adyar,afternoon,apartment,large,0,0,4,2024-06-14,54.93,0
0.0711,0.3119,0.5189,0.8075,0.4524,0.2348,0.2079,Anna Nagar,morning,independent,small,0,0,1,2024-05-07,10.3,1
0.0325,0.1341,0.7116,0.879,0.2345,0.5126,0.2034,T Nagar,afternoon,apartment,small,1,0,5,2024-05-04,0.0,1
0.6063,0.5147,0.7321,0.6019,0.3941,0.5893,0.7645,Velachery,afternoon,independent,large,1,0,6,2024-06-09,72.85,0
0.0689,0.7449,0.6335,0.2636,0.4287,0.5089,0.7356,T Nagar,afternoon,independent,large,0,0,4,2024-11-22,40.24,1
0.0949,0.3542,0.6145,0.5702,0.2078,0.2487,0.7945,Anna Nagar,morning,apartment,large,0,0,2,2024-03-06,15.4,1
0.082,0.7113,0.3891,0.8747,0.8856,0.2144,0.1827,Adyar,morning,independent,small,0,0,0,2024-02-12,38.78,1
0.5494,0.3615,0.501,0.8631,0.8225,0.4311,0.1747,Porur,afternoon,apartment,small,0,0,1,2024-03-26,56.38,0
0.1914,0.588,0.8023,0.893,0.4759,0.5059,0.395,T Nagar,afternoon,apartment,medium,0,0,0,2024-08-05,23.6,1
0.2951,0.4017,0.2526,0.6074,0.1539,0.4349,0.7623,Anna Nagar,evening,independent,large,0,0,2,2024-09-11,46.64,1
0.1687,0.8283,0.5687,0.3072,0.5337,0.4932,0.1596,Anna Nagar,afternoon,apartment,small,0,0,4,2024-12-27,53.03,0
0.0039,0.5356,0.8928,0.7356,0.7223,0.2423,0.7737,Velachery,morning,independent,large,1,0,6,2024-09-15,7.53,1
0.1661,0.608,0.5162,0.9486,0.2684,0.1513,0.394,Porur,morning,apartment,medium,0,0,3,2024-03-21,22.74,1
0.3103,0.5183,0.6746,0.8784,0.1293,0.5904,0.2413,Porur,afternoon,independent,small,0,0,1,2024-12-24,30.18,1
0.2193,0.2165,0.5255,0.5611,0.2915,0.3772,0.3003,Adyar,evening,apartment,medium,0,0,2,2024-06-05,23.9,1
0.4253,0.3665,0.3039,0.1726,0.535,0.402,0.8569,Porur,evening,apartment,large,0,0,3,2024-07-11,72.99,0
0.2066,0.2757,0.3108,0.694,0.6718,0.2807,0.1882,Adyar,morning,apartment,small,0,0,2,2024-08-21,37.84,1
0.2733,0.4669,0.5259,0.8149,0.499,0.1076,0.4364,T Nagar,morning,apartment,medium,0,0,3,2024-12-19,34.49,1
0.1121,0.4527,0.8191,0.4504,0.5978,0.5588,0.8305,Porur,afternoon,apartment,large,0,0,2,2024-12-25,26.61,1
0.0028,0.885,0.4043,0.4213,0.2662,0.3992,0.2234,T Nagar,afternoon,apartment,small,0,0,3,2024-07-04,31.14,1
0.4457,0.5414,0.4351,0.4805,0.1351,0.5513,0.4893,Adyar,afternoon,independent,medium,0,0,0,2024-04-15,67.63,0
0.0526,0.5229,0.7936,0.95,0.3239,0.4436,0.6125,Velachery,afternoon,apartment,medium,1,0,5,2024-09-07,5.96,1
0.4757,0.5886,0.9116,0.4559,0.4904,0.4415,0.4239,Adyar,afternoon,independent,medium,0,0,2,2024-04-10,60.1,0
0.0029,0.1338,0.3288,0.6706,0.4988,0.3654,0.1929,Anna Nagar,evening,independent,small,0,0,4,2024-06-28,16.76,1
0.1771,0.706,0.7475,0.3416,0.5905,0.5771,0.8165,Adyar,afternoon,apartment,large,0,0,2,2024-04-03,51.01,0
0.2624,0.5468,0.963,0.6286,0.4694,0.1187,0.5504,Adyar,morning,apartment,medium,0,0,4,2024-05-24,25.69,1
0.0022,0.4292,0.7438,0.9367,0.2238,0.267,0.4364,Anna Nagar,morning,independent,medium,0,0,4,2024-08-16,0.0,1
0.4661,0.2585,0.8363,0.7601,0.6024,0.365,0.2402,Porur,evening,independent,small,0,0,2,2024-11-06,24.71,1
0.1485,0.3091,0.6818,0.7181,0.2952,0.5128,0.5442,Porur,afternoon,independent,medium,0,0,3,2024-04-18,15.16,1
0.0293,0.2224,0.5582,0.7867,0.8984,0.3491,0.4897,Anna Nagar,evening,apartment,medium,1,0,6,2024-01-21,15.25,1
0.1199,0.2598,0.1061,0.6917,0.1983,0.3686,0.7695,Adyar,evening,independent,large,0,0,2,2024-04-24,35.17,1
0.0292,0.9226,0.5927,0.9224,0.3996,0.5036,0.2522,Adyar,afternoon,independent,small,0,0,1,2024-03-26,21.29,1
0.079,0.7038,0.8702,0.7186,0.6183,0.5583,0.4596,Velachery,afternoon,independent,medium,0,0,1,2024-07-30,23.01,1
0.3746,0.5309,0.2472,0.3161,0.369,0.5748,0.2561,Velachery,afternoon,apartment,small,1,0,5,2024-07-27,74.88,0
0.3126,0.6451,0.7605,0.4965,0.163,0.4058,0.2155,Velachery,afternoon,apartment,small,0,0,0,2024-05-13,45.86,1
0.713,0.4193,0.3667,0.4399,0.3795,0.5645,0.2495,Adyar,afternoon,apartment,small,1,0,5,2024-05-11,84.82,0
0.3944,0.1658,0.1988,0.2642,0.6058,0.4813,0.1453,Anna Nagar,afternoon,independent,small,0,0,4,2024-02-23,54.69,0
0.0255,0.1065,0.8612,0.1865,0.202,0.226,0.1815,Adyar,morning,independent,small,1,0,6,2024-10-13,0.98,1
0.4837,0.2018,0.2839,0.9717,0.2185,0.3334,0.519,Velachery,evening,independent,medium,0,0,3,2024-02-29,36.81,1
0.4738,0.8517,0.6798,0.8515,0.0507,0.2127,0.0928,T Nagar,morning,independent,small,0,0,1,2024-03-19,66.66,0
0.5166,0.9498,0.1582,0.3899,0.501,0.56,0.7407,T Nagar,afternoon,apartment,large,0,0,2,2024-08-14,100.0,0
0.0163,0.2019,0.3606,0.4327,0.3982,0.1132,0.8845,Porur,morning,independent,large,0,0,3,2024-04-04,24.15,1
0.2549,0.6276,0.5333,0.3557,0.5376,0.2372,0.6702,Velachery,morning,independent,medium,0,0,2,2024-05-15,59.75,0
0.072,0.9335,0.6515,0.9347,0.0689,0.5191,0.7071,Velachery,afternoon,independent,large,0,0,0,2024-04-08,24.39,1
0.6022,0.1675,0.7277,0.9665,0.3046,0.2289,0.2674,Adyar,morning,apartment,small,1,0,6,2024-06-16,16.82,1
0.146,0.7405,0.7522,0.6955,0.4727,0.4478,0.1872,Adyar,afternoon,apartment,small,0,0,2,2024-06-05,30.65,1
0.1574,0.5376,0.4144,0.6375,0.6159,0.6093,0.2154,Adyar,afternoon,independent,small,0,0,0,2024-12-30,45.45,1
0.1737,0.5148,0.8646,0.6661,0.2974,0.5747,0.7664,Porur,afternoon,independent,large,0,0,2,2024-05-15,22.03,1
0.1761,0.4362,0.5434,0.5491,0.4991,0.0999,0.6496,Anna Nagar,morning,independent,medium,1,0,6,2024-02-18,28.69,1
0.3736,0.4537,0.4588,0.958,0.5663,0.5428,0.7277,Porur,afternoon,independent,large,1,0,5,2024-10-12,48.56,1
0.4595,0.722,0.3376,0.9505,0.3039,0.3878,0.7536,Velachery,evening,apartment,large,0,0,2,2024-06-26,80.66,0
0.1211,0.6445,0.5768,0.7212,0.5556,0.4094,0.3031,Anna Nagar,afternoon,apartment,small,0,0,4,2024-05-10,29.96,1
0.5395,0.7148,0.6513,0.4172,0.4342,0.2536,0.3976,Velachery,morning,independent,medium,0,0,4,2024-06-21,87.98,0
0.0867,0.2182,0.5189,0.2824,0.5113,0.5749,0.7522,Anna Nagar,afternoon,independent,large,0,0,4,2024-08-02,31.91,1
0.2611,0.0893,0.5645,0.611,0.419,0.2994,0.2666,Anna Nagar,evening,apartment,small,0,0,1,2024-01-09,14.4,1
0.2621,1.0,0.4341,0.8919,0.3437,0.5264,0.2117,Anna Nagar,afternoon,independent,small,0,0,3,2024-02-01,63.04,0
0.2645,0.7562,0.4729,0.5886,0.9747,0.5258,0.2334,T Nagar,afternoon,apartment,small,0,0,3,2024-06-27,71.32,0
0.0518,0.4339,0.6352,0.5632,0.4506,0.3903,0.1621,Adyar,evening,independent,small,1,0,5,2024-08-03,16.35,1
0.1228,0.5212,0.4813,0.734,0.5861,0.4574,0.7994,T Nagar,afternoon,independent,large,0,0,3,2024-09-19,36.87,1
0.0602,0.2084,0.2698,0.5671,0.3519,0.5121,0.2335,Anna Nagar,evening,independent,small,0,0,0,2024-06-10,25.08,1
0.1044,0.7881,0.7411,0.9188,0.7335,0.2751,0.2316,Anna Nagar,morning,apartment,small,0,0,0,2024-01-29,21.24,1
0.1899,0.2821,0.4384,0.9103,0.133,0.393,0.1528,Anna Nagar,evening,apartment,small,0,0,1,2024-01-09,12.49,1
0.0508,0.9182,0.8444,0.6464,0.2514,0.3524,0.1585,Velachery,morning,independent,small,0,0,0,2024-08-05,16.96,1
0.8228,0.3644,0.4558,0.6365,0.8719,0.1945,0.7141,Velachery,morning,apartment,large,0,0,4,2024-03-15,90.13,0
0.4421,0.6004,0.7909,0.8712,0.4397,0.5671,0.5734,Adyar,afternoon,independent,medium,0,0,0,2024-07-01,54.47,0
0.7088,0.3855,0.9616,0.7742,0.5312,0.1833,0.4438,Anna Nagar,morning,apartment,medium,0,0,3,2024-03-28,44.72,1
0.6907,0.4069,0.8864,0.6224,0.2856,0.2918,0.2522,Adyar,evening,independent,small,0,0,4,2024-06-21,52.19,0
0.5592,0.3953,0.3917,0.5566,0.2005,0.1669,0.4442,Adyar,morning,independent,medium,0,0,0,2024-12-02,60.37,0
0.0526,0.1631,0.4157,0.7447,0.0914,0.2497,0.1626,Adyar,morning,independent,small,0,0,3,2024-08-08,6.49,1
0.3996,1.0,0.7311,0.4706,0.1547,0.5465,0.2112,T Nagar,afternoon,independent,small,0,0,3,2024-10-10,82.08,0
0.6172,1.0,0.5648,0.4745,0.6323,0.6498,0.6264,Adyar,afternoon,independent,medium,0,0,4,2024-03-08,100.0,0
0.0276,0.7172,0.3834,0.9477,0.635,0.5185,0.4197,T Nagar,afternoon,independent,medium,0,0,4,2024-06-14,30.06,1
0.0337,0.4359,0.5613,0.7834,0.5707,0.2605,0.5306,Anna Nagar,morning,apartment,medium,0,0,0,2024-08-05,14.79,1
0.2122,0.1803,0.9571,0.4009,0.2795,0.2512,0.8625,Porur,morning,apartment,large,0,0,2,2024-05-15,8.86,1
0.2009,0.2462,0.8762,0.4471,0.3836,0.2122,0.2541,T Nagar,morning,independent,small,0,0,1,2024-07-30,10.42,1
0.0424,0.5136,0.966,0.5017,0.3232,0.5276,0.3808,Porur,afternoon,apartment,medium,0,0,1,2024-01-02,6.38,1
0.1689,1.0,0.6564,0.8918,0.5105,0.5662,0.2129,T Nagar,afternoon,independent,small,0,1,0,2024-01-15,48.16,1
0.4528,0.7479,0.7653,0.7003,0.2261,0.3043,0.1279,T Nagar,evening,independent,small,0,0,0,2024-01-08,60.56,0
0.4928,0.9436,0.66,0.8476,0.4101,0.6066,0.5062,Adyar,afternoon,apartment,medium,0,0,2,2024-01-10,94.66,0
0.7938,0.472,0.2433,0.7015,0.5736,0.4249,0.7376,Velachery,evening,apartment,large,0,0,1,2024-05-14,100.0,0
0.0297,0.3822,0.6532,0.4014,0.8046,0.5423,0.7486,Adyar,afternoon,apartment,large,0,0,0,2024-06-03,31.86,1
0.4182,0.3899,0.5255,0.8908,0.2267,0.1259,0.7169,Anna Nagar,morning,apartment,large,0,0,1,2024-03-26,34.59,1
0.0197,0.6952,0.6572,0.7327,0.1764,0.4047,0.2544,Adyar,afternoon,apartment,small,0,0,1,2024-05-21,11.76,1
0.6683,0.4579,0.3792,0.5026,0.3435,0.3867,0.2293,Velachery,evening,apartment,small,0,0,3,2024-10-03,83.18,0
0.0511,0.1868,0.8704,0.6289,0.3033,0.2342,0.7487,Anna Nagar,morning,independent,large,0,0,2,2024-09-04,0.0,1
0.1605,0.447,0.6448,0.6416,0.3702,0.2049,0.4849,Anna Nagar,morning,apartment,medium,0,0,1,2024-04-09,20.68,1
0.0364,0.3959,0.2748,0.583,0.201,0.2468,0.2232,Anna Nagar,morning,independent,small,0,0,2,2024-03-27,20.35,1
0.7863,0.4535,0.7282,0.4792,0.8342,0.2589,0.3418,Adyar,evening,apartment,medium,0,0,0,2024-09-23,85.26,0
0.3525,0.4825,0.92,0.8051,0.6856,0.3807,0.5739,Velachery,evening,apartment,medium,1,0,5,2024-08-17,34.1,1
0.7246,0.1225,0.0921,0.6015,0.2662,0.1378,0.4407,Velachery,morning,independent,medium,1,0,6,2024-05-12,52.55,0
0.3441,0.3303,0.6663,0.6954,0.291,0.3317,0.4691,Adyar,evening,apartment,medium,1,0,5,2024-06-08,27.73,1
0.2561,0.953,0.227,0.3462,0.6027,0.2436,0.1989,Velachery,morning,apartment,small,0,0,1,2024-06-04,88.59,0
0.4763,0.7179,0.7109,0.8695,0.9215,0.2525,0.8303,Anna Nagar,morning,apartment,large,0,0,1,2024-05-21,74.36,0
0.0225,0.5431,0.7369,0.6747,0.3013,0.1751,0.1743,Anna Nagar,morning,independent,small,0,0,4,2024-11-22,2.39,1
0.2585,0.4114,0.8964,0.5554,0.2528,0.2164,0.7446,Porur,morning,independent,large,1,0,6,2024-12-08,18.31,1
0.0255,0.104,0.7861,0.8375,0.1082,0.2642,0.2372,Anna Nagar,morning,independent,small,1,0,6,2024-02-25,0.0,1
0.0145,0.2483,0.3713,0.9055,0.4018,0.3983,0.2139,Anna Nagar,evening,independent,small,0,0,3,2024-12-05,10.3,1
0.1431,1.0,0.2652,0.5547,0.7899,0.4938,0.7712,Velachery,afternoon,apartment,large,0,0,0,2024-03-25,78.71,0
0.3286,0.987,0.8178,0.9274,0.5065,0.5144,0.1679,Velachery,afternoon,apartment,small,0,0,3,2024-08-29,62.83,0
0.213,1.0,0.182,0.18,0.3128,0.4758,0.9086,Velachery,afternoon,apartment,large,0,0,0,2024-12-09,92.17,0
0.33,0.6673,0.8177,0.5407,0.5366,0.2788,0.4522,T Nagar,morning,apartment,medium,1,0,5,2024-07-13,47.57,1
0.4201,0.5211,0.856,0.643,0.3552,0.1955,0.4834,Adyar,morning,apartment,medium,1,0,5,2024-10-12,40.2,1
0.2125,0.2686,0.6611,0.6117,0.7023,0.4763,0.3668,T Nagar,evening,independent,medium,0,0,3,2024-01-11,27.3,1
0.2417,0.7288,0.68,0.8578,0.5501,0.6294,0.2026,T Nagar,afternoon,apartment,small,0,0,3,2024-10-24,43.56,1
0.0576,0.4929,0.9438,0.9674,0.4445,0.3557,0.4099,Velachery,evening,independent,medium,0,0,2,2024-09-11,0.0,1
0.1672,0.9915,0.5871,0.9815,0.6751,0.5366,0.182,Anna Nagar,afternoon,independent,small,0,0,1,2024-03-26,45.36,1
0.2789,0.4039,0.5461,0.3222,0.2809,0.4716,0.1884,Velachery,afternoon,independent,small,0,0,2,2024-04-24,44.22,0
0.1674,0.3623,0.8659,0.6307,0.3938,0.4391,0.7534,T Nagar,evening,apartment,large,1,0,5,2024-05-18,14.65,1
0.1703,0.1081,0.9316,0.7256,0.1505,0.2711,0.7575,Adyar,morning,independent,large,0,0,1,2024-10-01,0.0,1
0.0597,1.0,0.1791,0.8381,0.1469,0.5734,0.8254,Anna Nagar,afternoon,independent,large,0,0,2,2024-06-19,43.43,1
0.2574,0.6773,0.884,0.5775,0.2066,0.2263,0.1735,Porur,morning,apartment,small,0,0,0,2024-01-08,28.91,1
0.2392,0.2096,0.8795,0.934,0.2325,0.4554,0.4373,Porur,evening,apartment,medium,0,0,2,2024-02-07,0.0,1
0.0406,0.3648,0.7928,0.8494,0.2544,0.5181,0.1992,Anna Nagar,afternoon,apartment,small,1,0,6,2024-07-21,0.0,1
0.1237,0.3159,0.0859,0.7873,0.5309,0.4196,0.2803,T Nagar,afternoon,apartment,small,0,0,4,2024-01-19,39.77,1
0.7609,0.1977,0.5121,0.8626,0.2816,0.2376,0.5371,Velachery,morning,independent,medium,1,0,6,2024-06-02,42.29,1
0.0441,0.494,0.9096,0.8991,0.4701,0.2693,0.5427,T Nagar,morning,independent,medium,1,0,5,2024-12-14,0.0,1
0.2101,0.261,0.6005,0.4494,0.2799,0.3351,0.1675,Velachery,evening,apartment,small,0,0,4,2024-02-09,24.76,0
0.0551,0.6388,0.9022,0.8063,0.3526,0.4041,0.4548,Adyar,evening,apartment,medium,0,0,0,2024-12-16,7.39,1
0.0215,0.1414,0.9005,0.4606,0.6031,0.1994,0.8461,Porur,evening,apartment,large,0,0,4,2024-01-12,3.81,1
0.6723,0.4762,0.54,0.4782,0.6109,0.2731,0.2135,Velachery,morning,apartment,small,0,0,1,2024-03-19,83.17,0
0.0003,0.5477,0.3313,0.894,0.6619,0.3594,0.4565,Porur,evening,independent,medium,0,0,2,2024-05-22,25.2,0
0.3354,0.6994,0.5522,0.7774,0.5325,0.1863,0.2202,Adyar,morning,independent,small,0,0,2,2024-02-07,55.85,0
0.3674,0.4533,0.3702,0.9909,0.4738,0.3971,0.4549,Adyar,evening,apartment,medium,0,0,4,2024-09-06,48.92,1
0.1974,0.778,0.4958,0.7124,0.7422,0.5694,0.7773,T Nagar,afternoon,apartment,large,0,0,2,2024-06-19,59.9,0
0.1565,0.1733,0.1391,0.9031,0.1105,0.5295,0.8099,Adyar,afternoon,apartment,large,0,0,1,2024-11-19,27.6,1
0.0116,0.8695,0.8649,0.9266,0.5931,0.4543,0.7836,Anna Nagar,afternoon,apartment,large,0,0,1,2024-04-02,9.62,1
0.1178,0.7451,0.6286,0.3569,0.4568,0.538,0.4941,Adyar,afternoon,independent,medium,0,0,0,2024-02-26,44.52,0
0.2884,0.1971,0.7942,0.3247,0.2694,0.2507,0.1566,T Nagar,morning,independent,small,1,0,6,2024-09-01,15.03,1
0.1201,0.4251,0.8309,0.9699,0.3194,0.3637,0.5202,Anna Nagar,evening,independent,medium,0,0,0,2024-10-21,2.27,1
0.0125,0.2824,0.9067,0.5434,0.5939,0.5213,0.5107,Anna Nagar,afternoon,independent,medium,0,0,0,2024-07-15,4.49,1
0.274,0.3937,0.2973,0.664,0.5271,0.5566,0.5689,Adyar,afternoon,apartment,medium,0,0,3,2024-02-22,53.35,0
0.1236,0.1364,0.3945,0.7223,0.4485,0.2128,0.7206,T Nagar,morning,apartment,large,1,0,5,2024-06-01,18.8,1
0.1274,0.5977,0.226,0.7036,0.2428,0.137,0.2847,T Nagar,morning,independent,small,0,0,4,2024-07-05,35.22,1
0.0609,0.5408,0.904,0.6702,0.4396,0.1768,0.5388,T Nagar,morning,independent,medium,0,0,1,2024-07-23,6.29,1
0.559,0.2622,0.911,0.8495,0.4569,0.5037,0.485,Adyar,afternoon,apartment,medium,1,0,5,2024-03-02,27.08,1
0.3312,0.2693,0.9159,0.826,0.5345,0.4645,0.4654,Velachery,evening,apartment,medium,1,0,5,2024-04-27,16.4,1
0.5807,0.8936,0.5595,0.4262,0.659,0.4317,0.4077,Velachery,afternoon,apartment,medium,1,0,6,2024-06-09,100.0,0
0.1406,0.871,0.6288,0.8125,0.6046,0.5964,0.4734,Anna Nagar,afternoon,apartment,medium,0,0,4,2024-08-16,40.87,1
0.0728,0.4239,0.8457,0.7967,0.3412,0.5183,0.4797,Adyar,afternoon,independent,medium,0,0,3,2024-04-04,7.45,1
0.1931,0.1929,0.7436,0.2874,0.6225,0.4945,0.2197,Porur,evening,apartment,small,0,0,2,2024-10-30,23.87,1
0.089,0.4706,0.7574,0.7298,0.563,0.4223,0.5319,Anna Nagar,evening,apartment,medium,0,0,0,2024-02-19,15.15,1
0.4506,0.8846,0.7786,0.8487,0.7181,0.2637,0.6456,Velachery,evening,independent,large,0,0,0,2024-12-16,81.53,0
0.359,0.0875,0.5614,0.4784,0.682,0.2323,0.2552,Porur,morning,apartment,small,0,0,1,2024-12-03,26.2,1
0.3976,0.7796,0.1112,0.9833,0.1645,0.3263,0.5517,T Nagar,evening,independent,medium,0,0,2,2024-08-28,76.87,0
0.2734,0.6389,0.5363,0.8671,0.2619,0.2665,0.6971,T Nagar,morning,apartment,large,1,0,5,2024-09-07,40.04,1
0.1982,0.9236,0.7795,0.8799,0.1955,0.6072,0.2427,T Nagar,afternoon,apartment,small,0,0,2,2024-03-27,36.25,1
0.0452,0.1949,0.3728,0.3614,0.2393,0.4132,0.5659,Velachery,afternoon,independent,medium,0,0,1,2024-09-24,28.3,1
0.2574,0.3569,0.5565,0.7657,0.7997,0.3407,0.2901,T Nagar,evening,apartment,medium,1,0,6,2024-04-21,33.25,1
0.3558,0.854,0.9619,0.912,0.7336,0.1522,0.5585,T Nagar,morning,independent,medium,0,0,3,2024-08-01,51.11,1
0.1266,0.7473,0.6123,0.7351,0.4321,0.4367,0.4984,T Nagar,afternoon,apartment,medium,1,0,6,2024-07-28,31.94,1
0.6141,0.3949,0.4038,0.3073,0.8122,0.2478,0.1415,Velachery,morning,apartment,small,1,0,5,2024-03-02,81.79,0
0.0247,0.9236,0.7988,0.4164,0.4106,0.5881,0.2584,Anna Nagar,afternoon,apartment,small,0,0,0,2024-04-29,22.87,1
0.0394,0.641,0.4911,0.9416,0.5505,0.5656,0.8216,Adyar,afternoon,apartment,large,0,0,1,2024-02-20,28.54,1
0.0496,0.7515,0.816,0.7647,0.8924,0.3413,0.79,T Nagar,morning,apartment,large,0,0,3,2024-05-09,23.43,1
0.1433,0.2247,0.6788,0.7053,0.2148,0.1788,0.1711,Anna Nagar,morning,independent,small,0,0,1,2024-04-30,2.12,1
0.0295,0.1268,0.1553,0.9311,0.5045,0.5416,0.5154,Anna Nagar,afternoon,apartment,medium,0,0,1,2024-07-02,23.85,1
0.4907,0.2218,0.5135,0.8648,0.4011,0.2052,0.8423,Adyar,morning,independent,large,0,0,0,2024-03-18,35.74,1
0.0203,0.6516,0.7561,0.4509,0.0219,0.1464,0.7728,Adyar,morning,independent,large,0,0,1,2024-07-30,12.22,1
0.2274,0.4154,0.7176,0.9645,0.3293,0.5843,0.2419,Porur,afternoon,independent,small,0,0,3,2024-02-08,17.01,1
0.5678,0.2281,0.2646,0.7819,0.4991,0.1736,0.2032,Velachery,morning,apartment,small,1,0,5,2024-05-18,49.11,1
0.3303,0.3159,0.2065,0.9038,0.1706,0.41,0.4028,Anna Nagar,evening,apartment,medium,0,0,2,2024-09-04,35.43,0
0.39,0.1558,0.5197,0.6327,0.2909,0.3091,0.819,Porur,evening,independent,large,0,0,2,2024-01-17,27.96,1
0.2095,0.5371,0.4046,0.6661,0.5219,0.2839,0.5451,Adyar,morning,apartment,medium,0,0,3,2024-02-01,46.37,1
0.0183,0.1025,0.6331,0.6632,0.5285,0.5346,0.823,Anna Nagar,afternoon,apartment,large,1,0,5,2024-10-19,9.99,1
0.044,0.5611,0.4039,0.701,0.7718,0.1478,0.1986,Porur,morning,apartment,small,0,0,4,2024-08-09,28.7,1
0.0154,0.7345,0.7444,0.3618,0.1062,0.2163,0.1914,T Nagar,morning,independent,small,0,0,4,2024-02-09,12.29,1
0.1821,0.7785,0.6355,0.4634,0.3144,0.6118,0.5241,Porur,afternoon,apartment,medium,0,0,2,2024-01-03,47.31,1
0.4335,0.3169,0.9931,0.7988,0.644,0.2821,0.2009,Velachery,morning,independent,small,1,0,6,2024-02-11,20.32,1
0.019,0.1747,0.676,0.5894,0.4751,0.2146,0.2418,Anna Nagar,morning,apartment,small,0,0,1,2024-10-15,3.23,1
0.1392,0.3718,0.7216,0.8955,0.2584,0.2399,0.9056,T Nagar,morning,apartment,large,1,0,5,2024-10-12,8.54,1
0.5176,0.653,0.7374,0.6011,0.71,0.6375,0.4469,Velachery,afternoon,independent,medium,0,0,0,2024-09-09,82.01,0
0.562,0.0899,0.6432,0.7631,0.3817,0.1471,0.1764,Velachery,morning,apartment,small,0,0,1,2024-10-15,18.89,1
0.0054,0.4964,0.8267,0.5128,0.2729,0.196,0.7792,Anna Nagar,morning,independent,large,0,0,2,2024-11-13,5.05,1
0.4763,0.7689,0.7299,0.8724,0.4172,0.2146,0.4705,Adyar,morning,independent,medium,0,0,0,2024-05-27,68.58,0
0.748,0.2426,0.4695,0.9248,0.6108,0.4187,0.1772,Velachery,evening,independent,small,0,0,2,2024-11-13,55.41,0
0.0971,0.14,0.216,0.8669,0.1546,0.4405,0.778,Adyar,evening,independent,large,0,0,3,2024-08-29,21.39,1
0.0374,0.3695,0.9112,0.6453,0.6,0.2464,0.6963,T Nagar,morning,apartment,medium,0,0,4,2024-03-15,4.97,1
0.1475,0.1304,0.2595,0.1819,0.5371,0.2401,0.7727,Adyar,morning,apartment,large,1,0,6,2024-05-05,43.06,1
0.3068,0.4904,0.6713,0.6221,0.296,0.5369,0.1757,Adyar,afternoon,apartment,small,0,0,3,2024-04-25,38.74,1
0.0988,0.3051,0.4602,0.9275,0.6101,0.2849,0.4874,Velachery,morning,apartment,medium,0,0,1,2024-05-14,22.21,0
0.0555,0.1294,0.1766,0.9895,0.1014,0.2006,0.135,Porur,morning,independent,small,1,0,5,2024-07-20,3.89,1
0.1422,0.9743,0.5278,0.6369,0.5822,0.5178,0.1087,Porur,afternoon,apartment,small,0,0,2,2024-01-17,50.28,0
0.0654,0.4241,0.671,0.7645,0.6422,0.1965,0.5519,Velachery,morning,independent,medium,1,0,5,2024-04-20,16.03,1
0.3229,0.2627,0.661,0.9074,0.4203,0.1894,0.8667,Velachery,morning,apartment,large,0,0,1,2024-11-05,23.86,1
0.1402,0.126,0.2759,0.9328,0.5791,0.4503,0.2265,Anna Nagar,afternoon,apartment,small,0,0,1,2024-09-03,21.14,1
0.4858,0.7376,0.0819,0.3759,0.1398,0.3886,0.5053,Adyar,afternoon,independent,medium,0,0,2,2024-10-02,100.0,0
0.1195,0.6779,0.5455,0.8552,0.6119,0.2123,0.1895,Anna Nagar,morning,apartment,small,0,0,2,2024-07-31,26.45,1
0.0687,0.4439,0.6906,0.9012,0.4641,0.055,0.4487,Porur,morning,apartment,medium,0,0,0,2024-06-03,4.77,1
0.4447,0.4168,0.862,0.7757,0.3634,0.4158,0.7343,Velachery,afternoon,independent,large,0,0,2,2024-03-27,39.09,1
